[1;38;5;212mtermon contact sheet — 72 sprites[m
                [38;2;74;64;35m▄[m[38;2;74;64;35;48;2;111;209;50m▀[m[38;2;74;64;35;48;2;83;201;53m▀[m[38;2;74;64;35;48;2;83;201;53m▀[m                               [38;2;87;99;47;48;2;106;170;51m▀[m[38;2;71;65;47;48;2;132;205;53m▀[m[38;2;87;99;47;48;2;81;159;40m▀[m                        [38;2;70;69;43m▄[m[38;2;102;166;45m▄[m[38;2;126;191;49;48;2;136;200;42m▀[m[38;2;126;191;49;48;2;136;200;42m▀[m[38;2;126;191;49;48;2;136;200;42m▀[m[38;2;126;191;49;48;2;136;200;42m▀[m[38;2;59;109;41m▄[m
          [38;2;93;101;50m▄[m[38;2;111;209;50m▄[m[38;2;111;209;50m▄[m  [38;2;69;163;43;48;2;69;163;43m▀[m[38;2;111;209;50;48;2;83;201;53m▀[m[38;2;83;201;53;48;2;83;201;53m▀[m[38;2;83;201;53;48;2;83;201;53m▀[m[38;2;83;201;53;48;2;69;163;43m▀[m                     [38;2;87;99;47m▄[m[38;2;87;99;47m▄[m [38;2;106;170;51;48;2;106;170;51m▀[m[38;2;132;205;53;48;2;132;205;53m▀[m   [38;2;81;159;40;48;2;106;170;51m▀[m[38;2;71;65;47;48;2;132;205;53m▀[m[38;2;106;170;51;48;2;156;156;75m▀[m[38;2;106;170;51;48;2;147;106;62m▀[m[38;2;71;65;47;48;2;87;99;47m▀[m[38;2;87;99;47m▄[m[38;2;106;170;51m▄[m[38;2;132;205;53m▄[m[38;2;87;99;47m▄[m                  [38;2;126;191;49m▄[m[38;2;70;69;43;48;2;136;200;42m▀[m[38;2;102;166;45;48;2;136;200;42m▀[m[38;2;136;200;42;48;2;136;200;42m▀[m[38;2;136;200;42;48;2;136;200;42m▀[m[38;2;136;200;42;48;2;109;194;61m▀[m[38;2;136;200;42;48;2;61;140;43m▀[m[38;2;61;140;43;48;2;61;140;43m▀[m[38;2;61;140;43;48;2;61;140;43m▀[m[38;2;61;140;43;48;2;61;140;43m▀[m[38;2;85;93;47m▄[m[38;2;102;166;45m▄[m[38;2;70;69;43;48;2;136;200;42m▀[m[38;2;136;200;42;48;2;136;200;42m▀[m[38;2;136;200;42;48;2;136;200;42m▀[m[38;2;102;166;45;48;2;136;200;42m▀[m[38;2;102;166;45m▄[m[38;2;70;69;43m▄[m
          [38;2;111;209;50;48;2;111;209;50m▀[m[38;2;83;201;53;48;2;83;201;53m▀[m[38;2;111;209;50;48;2;83;201;53m▀[m[38;2;50;165;51;48;2;50;165;51m▀[m [38;2;74;64;35m▀[m[38;2;83;201;53;48;2;85;59;42m▀[m[38;2;83;201;53m▀[m[38;2;50;165;51m▀[m                      [38;2;132;205;53;48;2;132;205;53m▀[m[38;2;132;205;53;48;2;132;205;53m▀[m[38;2;81;159;40;48;2;106;170;51m▀[m[38;2;106;170;51;48;2;110;79;51m▀[m[38;2;106;170;51;48;2;71;65;47m▀[m   [38;2;71;65;47m▀[m[38;2;106;170;51m▀[m[38;2;153;113;70;48;2;131;90;56m▀[m[38;2;147;106;62;48;2;169;120;71m▀[m[38;2;110;79;51m▄[m[38;2;81;159;40;48;2;106;170;51m▀[m[38;2;132;205;53;48;2;106;170;51m▀[m[38;2;132;205;53;48;2;71;65;47m▀[m[38;2;87;99;47m▀[m                  [38;2;78;140;43m▀[m[38;2;136;200;42;48;2;85;93;47m▀[m[38;2;102;166;45m▀[m[38;2;61;140;43;48;2;85;93;47m▀[m[38;2;70;69;43;48;2;93;69;49m▀[m[38;2;70;69;43;48;2;85;93;47m▀[m[38;2;59;109;41;48;2;165;117;70m▀[m[38;2;104;96;52;48;2;70;69;43m▀[m[38;2;70;69;43m▀[m[38;2;70;69;43m▀[m[38;2;102;166;45;48;2;136;200;42m▀[m[38;2;136;200;42;48;2;136;200;42m▀[m[38;2;136;200;42;48;2;61;140;43m▀[m[38;2;136;200;42;48;2;61;140;43m▀[m[38;2;136;200;42;48;2;61;140;43m▀[m[38;2;109;194;61;48;2;61;140;43m▀[m[38;2;61;140;43;48;2;61;140;43m▀[m[38;2;61;140;43;48;2;61;140;43m▀[m[38;2;70;69;43;48;2;78;140;43m▀[m
      [38;2;124;188;48m▄[m[38;2;111;209;50m▄[m[38;2;79;92;39;48;2;111;209;50m▀[m[38;2;79;92;39;48;2;83;201;53m▀[m[38;2;74;64;35;48;2;93;101;50m▀[m[38;2;83;201;53m▀[m[38;2;83;201;53m▀[m[38;2;50;165;51;48;2;79;92;39m▀[m[38;2;100;97;47m▄[m[38;2;100;97;47;48;2;129;91;64m▀[m[38;2;79;92;39m▀[m [38;2;74;64;35m▄[m[38;2;79;92;39;48;2;83;201;53m▀[m[38;2;111;209;50;48;2;111;209;50m▀[m[38;2;111;209;50;48;2;111;209;50m▀[m[38;2;124;188;48;48;2;83;201;53m▀[m[38;2;69;163;43m▄[m                 [38;2;71;65;47m▀[m[38;2;71;65;47m▀[m[38;2;84;100;63m▀[m[38;2;147;106;62;48;2;99;100;53m▀[m[38;2;91;66;46;48;2;153;113;70m▀[m[38;2;71;65;47m▄[m   [38;2;87;99;47;48;2;99;100;53m▀[m[38;2;147;106;62;48;2;169;120;71m▀[m[38;2;169;120;71;48;2;147;106;62m▀[m[38;2;71;65;47m▀[m                    [38;2;102;166;45m▄[m[38;2;126;191;49;48;2;136;200;42m▀[m[38;2;136;200;42;48;2;136;200;42m▀[m[38;2;102;166;45;48;2;102;166;45m▀[m[38;2;61;140;43m▄[m[38;2;85;93;47;48;2;70;69;43m▀[m[38;2;154;116;76;48;2;85;93;47m▀[m[38;2;165;117;70;48;2;165;117;70m▀[m[38;2;154;116;76;48;2;165;117;70m▀[m[38;2;61;60;43m▄[m  [38;2;59;109;41m▀[m[38;2;59;109;41m▀[m[38;2;85;93;47;48;2;119;85;55m▀[m[38;2;93;69;49;48;2;165;117;70m▀[m[38;2;70;69;43;48;2;104;96;52m▀[m[38;2;70;69;43;48;2;85;93;47m▀[m[38;2;61;60;43m▀[m[38;2;59;109;41m▀[m[38;2;85;93;47m▀[m
      [38;2;109;172;50m▀[m[38;2;111;209;50;48;2;50;165;51m▀[m[38;2;83;201;53;48;2;50;165;51m▀[m[38;2;83;201;53;48;2;50;165;51m▀[m[38;2;50;165;51m▀[m[38;2;74;64;35m▀[m[38;2;114;80;55m▄[m[38;2;74;64;35m▄[m[38;2;150;105;67;48;2;169;119;75m▀[m[38;2;137;96;63;48;2;169;119;75m▀[m[38;2;114;80;55m▄[m[38;2;74;64;35;48;2;85;59;42m▀[m[38;2;85;59;42m▀[m[38;2;50;165;51m▀[m[38;2;83;201;53;48;2;74;64;35m▀[m[38;2;83;201;53;48;2;74;64;35m▀[m[38;2;83;201;53;48;2;74;64;35m▀[m[38;2;50;165;51m▀[m                   [38;2;87;99;47m▄[m[38;2;131;90;56m▄[m[38;2;169;120;71;48;2;156;156;75m▀[m[38;2;147;106;62;48;2;169;120;71m▀[m[38;2;147;106;62;48;2;153;113;70m▀[m[38;2;147;106;62;48;2;110;79;51m▀[m[38;2;147;106;62;48;2;153;113;70m▀[m[38;2;153;113;70;48;2;131;90;56m▀[m[38;2;153;113;70;48;2;110;79;51m▀[m[38;2;110;79;51;48;2;91;66;46m▀[m[38;2;91;66;46m▄[m[38;2;87;99;47m▄[m  [38;2;91;66;46m▄[m               [38;2;78;140;43;48;2;70;69;43m▀[m[38;2;136;200;42;48;2;109;194;61m▀[m[38;2;136;200;42;48;2;61;140;43m▀[m[38;2;102;166;45;48;2;70;69;43m▀[m[38;2;61;140;43;48;2;93;69;49m▀[m[38;2;59;109;41m▀[m[38;2;85;93;47m▀[m [38;2;85;93;47;48;2;85;93;47m▀[m[38;2;165;117;70;48;2;165;117;70m▀[m[38;2;165;117;70;48;2;165;117;70m▀[m[38;2;85;93;47;48;2;93;69;49m▀[m[38;2;85;93;47m▄[m[38;2;70;69;43m▄[m[38;2;119;85;55m▄[m[38;2;70;69;43;48;2;154;116;76m▀[m[38;2;165;117;70;48;2;154;116;76m▀[m[38;2;93;69;49;48;2;93;69;49m▀[m[38;2;70;69;43;48;2;126;191;49m▀[m[38;2;102;166;45;48;2;109;194;61m▀[m[38;2;102;166;45;48;2;61;140;43m▀[m
          [38;2;79;92;39m▄[m[38;2;150;105;67m▄[m[38;2;74;64;35;48;2;137;96;63m▀[m[38;2;169;119;75;48;2;150;105;67m▀[m[38;2;169;119;75;48;2;150;105;67m▀[m[38;2;169;119;75;48;2;137;96;63m▀[m[38;2;114;80;55;48;2;114;80;55m▀[m[38;2;114;80;55m▄[m[38;2;114;80;55m▄[m[38;2;129;91;64m▄[m[38;2;74;64;35m▄[m[38;2;93;101;50m▄[m[38;2;50;165;51m▄[m[38;2;83;201;53m▄[m[38;2;83;201;53m▄[m                  [38;2;122;89;57;48;2;106;170;51m▀[m[38;2;169;120;71;48;2;106;170;51m▀[m[38;2;169;120;71;48;2;106;170;51m▀[m[38;2;169;120;71;48;2;106;170;51m▀[m[38;2;169;120;71;48;2;106;170;51m▀[m[38;2;169;120;71;48;2;106;170;51m▀[m[38;2;169;120;71;48;2;106;170;51m▀[m[38;2;169;120;71;48;2;84;100;63m▀[m[38;2;169;120;71;48;2;91;66;46m▀[m[38;2;147;106;62;48;2;131;90;56m▀[m[38;2;147;106;62;48;2;110;79;51m▀[m[38;2;110;79;51;48;2;56;59;47m▀[m[38;2;71;65;47;48;2;99;100;53m▀[m[38;2;153;113;70;48;2;169;120;71m▀[m[38;2;110;79;51;48;2;56;59;47m▀[m[38;2;87;99;47m▀[m                [38;2;70;69;43m▀[m[38;2;93;69;49;48;2;85;93;47m▀[m[38;2;141;102;61;48;2;70;69;43m▀[m[38;2;93;69;49;48;2;104;96;52m▀[m[38;2;85;93;47;48;2;93;69;49m▀[m[38;2;85;93;47;48;2;154;116;76m▀[m[38;2;93;69;49;48;2;141;102;61m▀[m[38;2;165;117;70;48;2;141;102;61m▀[m[38;2;104;96;52;48;2;102;166;45m▀[m[38;2;104;96;52;48;2;158;171;82m▀[m[38;2;141;102;61;48;2;111;103;82m▀[m[38;2;111;103;82;48;2;104;96;52m▀[m[38;2;154;116;76;48;2;104;96;52m▀[m[38;2;141;102;61;48;2;104;96;52m▀[m[38;2;70;69;43;48;2;93;69;49m▀[m[38;2;61;60;43m▄[m[38;2;85;93;47m▄[m[38;2;85;93;47m▀[m
        [38;2;74;64;35;48;2;93;101;50m▀[m[38;2;100;97;47;48;2;111;209;50m▀[m[38;2;111;209;50;48;2;109;172;50m▀[m[38;2;109;172;50;48;2;124;188;48m▀[m[38;2;109;172;50;48;2;124;188;48m▀[m[38;2;109;172;50;48;2;124;188;48m▀[m[38;2;109;172;50;48;2;137;162;43m▀[m[38;2;109;172;50;48;2;137;162;43m▀[m[38;2;109;172;50;48;2;124;188;48m▀[m[38;2;109;172;50;48;2;124;188;48m▀[m[38;2;109;172;50;48;2;111;209;50m▀[m[38;2;100;97;47;48;2;109;172;50m▀[m[38;2;114;80;55;48;2;114;80;55m▀[m[38;2;100;97;47;48;2;114;80;55m▀[m[38;2;50;165;51;48;2;85;59;42m▀[m[38;2;50;165;51m▀[m[38;2;83;201;53m▀[m[38;2;79;92;39m▀[m               [38;2;87;99;47m▄[m[38;2;132;205;53;48;2;106;170;51m▀[m[38;2;116;187;61m▀[m[38;2;125;132;56m▀[m[38;2;125;132;56m▀[m[38;2;125;132;56m▀[m[38;2;125;132;56m▀[m[38;2;125;132;56m▀[m[38;2;106;170;51m▀[m[38;2;106;170;51;48;2;71;65;47m▀[m[38;2;84;100;63;48;2;106;170;51m▀[m[38;2;91;66;46;48;2;56;59;47m▀[m[38;2;110;79;51;48;2;131;125;112m▀[m[38;2;91;66;46;48;2;84;100;63m▀[m[38;2;106;170;51;48;2;91;66;46m▀[m[38;2;71;65;47;48;2;97;94;82m▀[m                  [38;2;85;93;47m▄[m[38;2;119;85;55m▄[m[38;2;70;69;43;48;2;93;69;49m▀[m[38;2;70;69;43;48;2;127;125;60m▀[m[38;2;127;125;60;48;2;158;171;82m▀[m[38;2;111;103;82;48;2;126;191;49m▀[m[38;2;104;96;52;48;2;126;191;49m▀[m[38;2;59;109;41;48;2;126;191;49m▀[m[38;2;104;96;52;48;2;102;166;45m▀[m[38;2;104;96;52;48;2;102;166;45m▀[m[38;2;104;96;52;48;2;61;60;43m▀[m[38;2;127;125;60;48;2;126;191;49m▀[m[38;2;154;116;76;48;2;85;93;47m▀[m[38;2;111;103;82;48;2;85;93;47m▀[m[38;2;61;60;43;48;2;59;109;41m▀[m[38;2;104;96;52;48;2;111;103;82m▀[m[38;2;70;69;43;48;2;93;69;49m▀[m
        [38;2;74;64;35;48;2;74;64;35m▀[m[38;2;109;172;50;48;2;109;172;50m▀[m [38;2;93;101;50m▄[m[38;2;74;64;35m▄[m  [38;2;79;92;39m▄[m[38;2;137;162;43m▄[m [38;2;93;101;50;48;2;93;101;50m▀[m[38;2;111;209;50;48;2;111;209;50m▀[m[38;2;114;80;55;48;2;85;59;42m▀[m[38;2;114;80;55;48;2;114;80;55m▀[m[38;2;85;59;42;48;2;114;80;55m▀[m                 [38;2;87;99;47;48;2;87;99;47m▀[m[38;2;116;187;61;48;2;106;170;51m▀[m[38;2;106;170;51;48;2;106;170;51m▀[m[38;2;71;65;47;48;2;84;100;63m▀[m[38;2;106;170;51;48;2;132;205;53m▀[m[38;2;87;99;47;48;2;71;65;47m▀[m [38;2;81;159;40;48;2;116;187;61m▀[m[38;2;106;170;51;48;2;132;205;53m▀[m[38;2;87;99;47m▄[m[38;2;71;65;47;48;2;71;65;47m▀[m[38;2;106;170;51;48;2;106;170;51m▀[m[38;2;84;100;63;48;2;84;100;63m▀[m[38;2;97;94;82;48;2;84;100;63m▀[m[38;2;56;59;47;48;2;106;170;51m▀[m[38;2;56;59;47;48;2;71;65;47m▀[m[38;2;99;100;53;48;2;91;66;46m▀[m                  [38;2;78;140;43;48;2;78;140;43m▀[m[38;2;70;69;43;48;2;70;69;43m▀[m[38;2;59;109;41;48;2;59;109;41m▀[m[38;2;126;191;49;48;2;126;191;49m▀[m[38;2;70;69;43;48;2;85;93;47m▀[m[38;2;85;93;47m▄[m[38;2;109;194;61m▄[m[38;2;109;194;61m▄[m [38;2;136;200;42;48;2;109;194;61m▀[m[38;2;70;69;43;48;2;61;60;43m▀[m[38;2;127;125;60;48;2;109;194;61m▀[m[38;2;70;69;43;48;2;102;166;45m▀[m[38;2;85;93;47;48;2;102;166;45m▀[m[38;2;59;109;41;48;2;61;60;43m▀[m[38;2;111;103;82;48;2;104;96;52m▀[m[38;2;61;60;43;48;2;85;93;47m▀[m
        [38;2;93;101;50;48;2;93;101;50m▀[m[38;2;124;188;48;48;2;124;188;48m▀[m [38;2;168;175;56;48;2;93;101;50m▀[m[38;2;197;189;2;48;2;74;64;35m▀[m  [38;2;93;101;50;48;2;79;92;39m▀[m[38;2;168;175;56;48;2;197;189;2m▀[m [38;2;93;101;50;48;2;93;101;50m▀[m[38;2;111;209;50;48;2;111;209;50m▀[m[38;2;114;80;55;48;2;114;80;55m▀[m[38;2;114;80;55;48;2;114;80;55m▀[m[38;2;114;80;55;48;2;114;80;55m▀[m                 [38;2;87;99;47m▀[m[38;2;99;100;53;48;2;71;65;47m▀[m[38;2;106;170;51;48;2;106;170;51m▀[m[38;2;71;65;47m▀[m[38;2;81;159;40m▀[m[38;2;87;99;47m▀[m [38;2;71;65;47m▀[m[38;2;81;159;40m▀[m [38;2;71;65;47;48;2;81;159;40m▀[m[38;2;106;170;51;48;2;106;170;51m▀[m[38;2;71;65;47;48;2;71;65;47m▀[m[38;2;97;94;82;48;2;91;66;46m▀[m[38;2;71;65;47;48;2;91;66;46m▀[m[38;2;56;59;47;48;2;99;100;53m▀[m[38;2;99;100;53;48;2;99;100;53m▀[m                  [38;2;78;140;43m▀[m[38;2;126;191;49m▀[m[38;2;59;109;41;48;2;93;69;49m▀[m[38;2;126;191;49;48;2;126;191;49m▀[m[38;2;85;93;47;48;2;70;69;43m▀[m[38;2;85;93;47m▀[m[38;2;109;194;61m▀[m[38;2;109;194;61m▀[m [38;2;109;194;61;48;2;109;194;61m▀[m[38;2;59;109;41;48;2;70;69;43m▀[m[38;2;85;93;47;48;2;70;69;43m▀[m[38;2;70;69;43;48;2;70;69;43m▀[m[38;2;93;69;49;48;2;104;96;52m▀[m[38;2;61;60;43;48;2;141;102;61m▀[m[38;2;61;60;43;48;2;111;103;82m▀[m[38;2;70;69;43m▄[m
      [38;2;93;101;50;48;2;111;209;50m▀[m[38;2;93;101;50;48;2;168;175;56m▀[m[38;2;100;97;47;48;2;114;80;55m▀[m[38;2;109;172;50;48;2;109;172;50m▀[m[38;2;109;172;50m▄[m[38;2;109;172;50m▄[m[38;2;109;172;50m▄[m[38;2;124;188;48m▄[m[38;2;124;188;48m▄[m[38;2;124;188;48m▄[m[38;2;124;188;48m▄[m[38;2;109;172;50m▄[m[38;2;93;101;50;48;2;111;209;50m▀[m[38;2;111;209;50;48;2;109;172;50m▀[m[38;2;114;80;55;48;2;114;80;55m▀[m[38;2;137;96;63;48;2;150;105;67m▀[m[38;2;85;59;42;48;2;114;80;55m▀[m[38;2;74;64;35;48;2;83;201;53m▀[m[38;2;69;163;43;48;2;83;201;53m▀[m[38;2;69;163;43;48;2;83;201;53m▀[m                [38;2;106;170;51;48;2;87;99;47m▀[m[38;2;132;205;53;48;2;84;100;63m▀[m[38;2;132;205;53;48;2;84;100;63m▀[m[38;2;132;205;53;48;2;56;59;47m▀[m[38;2;132;205;53;48;2;56;59;47m▀[m[38;2;132;205;53;48;2;91;66;46m▀[m[38;2;132;205;53;48;2;56;59;47m▀[m[38;2;132;205;53;48;2;56;59;47m▀[m[38;2;106;170;51;48;2;56;59;47m▀[m[38;2;84;100;63;48;2;91;66;46m▀[m[38;2;91;66;46;48;2;110;79;51m▀[m[38;2;110;79;51;48;2;99;100;53m▀[m[38;2;84;100;63;48;2;56;59;47m▀[m[38;2;71;65;47;48;2;97;94;82m▀[m[38;2;56;59;47;48;2;71;65;47m▀[m[38;2;132;205;53m▄[m[38;2;132;205;53;48;2;132;205;53m▀[m[38;2;125;132;56;48;2;81;159;40m▀[m                [38;2;127;125;60m▄[m[38;2;61;60;43;48;2;111;103;82m▀[m[38;2;70;69;43;48;2;61;60;43m▀[m[38;2;136;200;42;48;2;104;96;52m▀[m[38;2;126;191;49;48;2;61;60;43m▀[m[38;2;126;191;49;48;2;61;60;43m▀[m[38;2;126;191;49;48;2;93;69;49m▀[m[38;2;109;194;61;48;2;104;96;52m▀[m[38;2;102;166;45;48;2;93;69;49m▀[m[38;2;61;60;43;48;2;104;96;52m▀[m[38;2;61;60;43;48;2;59;109;41m▀[m[38;2;85;93;47;48;2;85;93;47m▀[m[38;2;104;96;52;48;2;70;69;43m▀[m[38;2;158;171;82;48;2;102;166;45m▀[m[38;2;104;96;52;48;2;109;194;61m▀[m[38;2;61;60;43;48;2;61;140;43m▀[m[38;2;136;200;42;48;2;61;140;43m▀[m[38;2;85;93;47m▀[m
      [38;2;74;64;35m▄[m[38;2;100;97;47;48;2;109;172;50m▀[m[38;2;150;105;67;48;2;114;80;55m▀[m[38;2;100;97;47;48;2;129;91;64m▀[m[38;2;100;97;47;48;2;114;80;55m▀[m[38;2;109;172;50;48;2;129;91;64m▀[m[38;2;109;172;50;48;2;114;80;55m▀[m[38;2;109;172;50;48;2;114;80;55m▀[m[38;2;109;172;50;48;2;114;80;55m▀[m[38;2;100;97;47;48;2;114;80;55m▀[m[38;2;109;172;50;48;2;129;91;64m▀[m[38;2;109;172;50;48;2;114;80;55m▀[m[38;2;109;172;50;48;2;137;96;63m▀[m[38;2;100;97;47;48;2;129;91;64m▀[m[38;2;137;96;63;48;2;114;80;55m▀[m[38;2;129;91;64;48;2;114;80;55m▀[m[38;2;137;96;63;48;2;114;80;55m▀[m[38;2;114;80;55;48;2;109;172;50m▀[m[38;2;93;101;50;48;2;50;165;51m▀[m                [38;2;56;59;47m▄[m[38;2;97;94;82;48;2;97;94;82m▀[m[38;2;84;100;63;48;2;125;132;56m▀[m[38;2;153;113;70;48;2;174;157;130m▀[m[38;2;153;113;70;48;2;169;120;71m▀[m[38;2;110;79;51;48;2;169;120;71m▀[m[38;2;99;100;53;48;2;169;120;71m▀[m[38;2;110;79;51;48;2;169;120;71m▀[m[38;2;91;66;46;48;2;169;120;71m▀[m[38;2;56;59;47;48;2;91;66;46m▀[m[38;2;110;79;51;48;2;110;79;51m▀[m[38;2;110;79;51;48;2;110;79;51m▀[m[38;2;56;59;47;48;2;56;59;47m▀[m[38;2;97;94;82;48;2;91;66;46m▀[m[38;2;174;157;130;48;2;153;113;70m▀[m[38;2;97;94;82;48;2;156;156;75m▀[m[38;2;106;170;51;48;2;153;113;70m▀[m[38;2;84;100;63;48;2;87;99;47m▀[m[38;2;87;99;47m▀[m              [38;2;126;191;49m▄[m[38;2;126;191;49;48;2;136;200;42m▀[m[38;2;104;96;52;48;2;102;166;45m▀[m[38;2;104;96;52;48;2;59;109;41m▀[m[38;2;61;60;43;48;2;70;69;43m▀[m[38;2;104;96;52;48;2;104;96;52m▀[m[38;2;158;171;82;48;2;158;171;82m▀[m[38;2;158;171;82;48;2;158;171;82m▀[m[38;2;61;60;43;48;2;102;166;45m▀[m[38;2;104;96;52;48;2;93;69;49m▀[m[38;2;104;96;52;48;2;104;96;52m▀[m[38;2;104;96;52;48;2;93;69;49m▀[m[38;2;61;60;43;48;2;104;96;52m▀[m[38;2;104;96;52m▄[m[38;2;119;85;55m▄[m[38;2;126;191;49;48;2;154;116;76m▀[m[38;2;136;200;42;48;2;104;96;52m▀[m[38;2;109;194;61;48;2;104;96;52m▀[m[38;2;102;166;45;48;2;136;200;42m▀[m[38;2;59;109;41;48;2;59;109;41m▀[m[38;2;85;93;47m▀[m
          [38;2;74;64;35;48;2;93;101;50m▀[m[38;2;150;105;67;48;2;114;80;55m▀[m[38;2;150;105;67;48;2;150;105;67m▀[m[38;2;150;105;67;48;2;169;119;75m▀[m[38;2;150;105;67;48;2;150;105;67m▀[m[38;2;150;105;67;48;2;150;105;67m▀[m[38;2;169;119;75;48;2;150;105;67m▀[m[38;2;114;80;55;48;2;114;80;55m▀[m[38;2;114;80;55;48;2;85;59;42m▀[m[38;2;114;80;55;48;2;114;80;55m▀[m[38;2;74;64;35;48;2;74;64;35m▀[m[38;2;85;59;42m▄[m[38;2;85;59;42m▄[m               [38;2;81;159;40;48;2;81;159;40m▀[m[38;2;132;205;53;48;2;106;170;51m▀[m[38;2;106;170;51;48;2;106;170;51m▀[m[38;2;97;94;82;48;2;84;100;63m▀[m[38;2;97;94;82;48;2;56;59;47m▀[m[38;2;71;65;47;48;2;71;65;47m▀[m[38;2;169;120;71;48;2;169;120;71m▀[m[38;2;131;90;56;48;2;99;100;53m▀[m  [38;2;169;120;71;48;2;169;120;71m▀[m[38;2;169;120;71;48;2;169;120;71m▀[m[38;2;122;89;57;48;2;91;66;46m▀[m[38;2;110;79;51;48;2;91;66;46m▀[m[38;2;110;79;51;48;2;71;65;47m▀[m[38;2;91;66;46;48;2;56;59;47m▀[m[38;2;71;65;47;48;2;71;65;47m▀[m[38;2;110;79;51;48;2;71;65;47m▀[m[38;2;147;106;62;48;2;87;99;47m▀[m[38;2;99;100;53;48;2;97;94;82m▀[m[38;2;106;170;51;48;2;131;125;112m▀[m[38;2;106;170;51;48;2;97;94;82m▀[m[38;2;71;65;47m▄[m            [38;2;70;69;43;48;2;70;69;43m▀[m[38;2;136;200;42;48;2;158;171;82m▀[m[38;2;158;171;82;48;2;158;171;82m▀[m[38;2;111;103;82;48;2;111;103;82m▀[m[38;2;61;60;43;48;2;93;69;49m▀[m[38;2;70;69;43;48;2;154;116;76m▀[m[38;2;93;69;49;48;2;61;60;43m▀[m[38;2;136;200;42;48;2;70;69;43m▀[m[38;2;136;200;42;48;2;61;60;43m▀[m[38;2;59;109;41;48;2;104;96;52m▀[m[38;2;104;96;52;48;2;93;69;49m▀[m[38;2;111;103;82;48;2;93;69;49m▀[m[38;2;111;103;82;48;2;70;69;43m▀[m[38;2;61;60;43;48;2;70;69;43m▀[m[38;2;85;93;47m▀[m[38;2;141;102;61;48;2;141;102;61m▀[m[38;2;165;117;70;48;2;136;200;42m▀[m[38;2;141;102;61;48;2;136;200;42m▀[m[38;2;141;102;61;48;2;104;96;52m▀[m[38;2;102;166;45;48;2;61;60;43m▀[m[38;2;126;191;49m▀[m
    [38;2;79;92;39m▄[m[38;2;169;119;75m▄[m[38;2;150;105;67m▄[m[38;2;114;80;55m▄[m[38;2;93;101;50m▄[m[38;2;137;96;63;48;2;169;119;75m▀[m[38;2;169;119;75;48;2;169;119;75m▀[m[38;2;169;119;75;48;2;169;119;75m▀[m[38;2;114;80;55;48;2;114;80;55m▀[m[38;2;114;80;55;48;2;74;64;35m▀[m[38;2;169;119;75;48;2;129;91;64m▀[m[38;2;137;96;63;48;2;114;80;55m▀[m[38;2;85;59;42;48;2;74;64;35m▀[m[38;2;129;91;64;48;2;169;119;75m▀[m[38;2;169;119;75;48;2;169;119;75m▀[m[38;2;169;119;75;48;2;169;119;75m▀[m[38;2;137;96;63;48;2;169;119;75m▀[m[38;2;85;59;42;48;2;85;59;42m▀[m[38;2;85;59;42;48;2;93;101;50m▀[m[38;2;85;59;42;48;2;114;80;55m▀[m[38;2;129;91;64m▄[m[38;2;169;119;75m▄[m[38;2;169;119;75m▄[m[38;2;74;64;35m▄[m          [38;2;71;65;47m▀[m[38;2;106;170;51m▀[m[38;2;131;125;112;48;2;71;65;47m▀[m[38;2;131;125;112;48;2;71;65;47m▀[m[38;2;97;94;82;48;2;56;59;47m▀[m[38;2;71;65;47;48;2;71;65;47m▀[m[38;2;169;120;71;48;2;169;120;71m▀[m[38;2;169;120;71;48;2;169;120;71m▀[m[38;2;87;99;47;48;2;87;99;47m▀[m[38;2;71;65;47;48;2;71;65;47m▀[m[38;2;169;120;71;48;2;169;120;71m▀[m[38;2;169;120;71;48;2;169;120;71m▀[m[38;2;122;89;57;48;2;91;66;46m▀[m[38;2;56;59;47;48;2;71;65;47m▀[m[38;2;131;125;112;48;2;97;94;82m▀[m[38;2;97;94;82;48;2;91;66;46m▀[m[38;2;56;59;47;48;2;56;59;47m▀[m[38;2;56;59;47;48;2;56;59;47m▀[m[38;2;71;65;47;48;2;56;59;47m▀[m[38;2;56;59;47;48;2;71;65;47m▀[m[38;2;131;125;112;48;2;56;59;47m▀[m[38;2;97;94;82;48;2;71;65;47m▀[m[38;2;71;65;47;48;2;87;99;47m▀[m            [38;2;85;93;47;48;2;142;128;110m▀[m[38;2;70;69;43;48;2;93;69;49m▀[m[38;2;61;60;43;48;2;154;116;76m▀[m[38;2;61;60;43;48;2;70;69;43m▀[m[38;2;141;102;61;48;2;165;117;70m▀[m[38;2;165;117;70;48;2;141;102;61m▀[m[38;2;70;69;43;48;2;127;125;60m▀[m[38;2;104;96;52;48;2;104;96;52m▀[m[38;2;165;117;70;48;2;165;117;70m▀[m[38;2;154;116;76;48;2;165;117;70m▀[m[38;2;93;69;49;48;2;61;60;43m▀[m[38;2;61;60;43;48;2;61;140;43m▀[m[38;2;104;96;52;48;2;111;103;82m▀[m[38;2;104;96;52;48;2;61;60;43m▀[m[38;2;85;93;47;48;2;141;102;61m▀[m[38;2;93;69;49;48;2;154;116;76m▀[m[38;2;70;69;43;48;2;142;128;110m▀[m[38;2;70;69;43;48;2;111;103;82m▀[m[38;2;59;109;41;48;2;93;69;49m▀[m[38;2;59;109;41;48;2;70;69;43m▀[m
  [38;2;79;92;39m▄[m[38;2;79;92;39;48;2;137;96;63m▀[m[38;2;169;119;75;48;2;169;119;75m▀[m[38;2;169;119;75;48;2;137;96;63m▀[m[38;2;129;91;64;48;2;79;92;39m▀[m[38;2;85;59;42;48;2;74;64;35m▀[m[38;2;169;119;75;48;2;169;119;75m▀[m[38;2;169;119;75;48;2;169;119;75m▀[m[38;2;169;119;75;48;2;169;119;75m▀[m[38;2;129;91;64;48;2;74;64;35m▀[m[38;2;74;64;35m▀[m    [38;2;74;64;35m▀[m[38;2;169;119;75;48;2;169;119;75m▀[m[38;2;169;119;75;48;2;169;119;75m▀[m[38;2;169;119;75;48;2;150;105;67m▀[m[38;2;169;119;75;48;2;169;119;75m▀[m[38;2;85;59;42;48;2;100;97;47m▀[m[38;2;114;80;55;48;2;79;92;39m▀[m[38;2;114;80;55;48;2;79;92;39m▀[m[38;2;129;91;64m▀[m[38;2;169;119;75;48;2;137;96;63m▀[m[38;2;169;119;75;48;2;169;119;75m▀[m[38;2;74;64;35;48;2;137;96;63m▀[m[38;2;79;92;39m▄[m        [38;2;71;65;47m▄[m[38;2;71;65;47;48;2;153;113;70m▀[m[38;2;169;120;71;48;2;169;120;71m▀[m[38;2;147;106;62;48;2;147;106;62m▀[m[38;2;110;79;51;48;2;147;106;62m▀[m[38;2;87;99;47;48;2;91;66;46m▀[m[38;2;87;99;47m▀[m[38;2;122;89;57;48;2;56;59;47m▀[m[38;2;71;65;47;48;2;71;65;47m▀[m[38;2;91;66;46;48;2;84;100;63m▀[m[38;2;91;66;46;48;2;56;59;47m▀[m[38;2;71;65;47;48;2;87;99;47m▀[m[38;2;71;65;47;48;2;71;65;47m▀[m[38;2;71;65;47;48;2;131;90;56m▀[m[38;2;156;156;75;48;2;169;120;71m▀[m[38;2;147;106;62;48;2;169;120;71m▀[m[38;2;56;59;47;48;2;147;106;62m▀[m[38;2;87;99;47;48;2;71;65;47m▀[m [38;2;106;170;51;48;2;147;106;62m▀[m[38;2;169;120;71;48;2;147;106;62m▀[m[38;2;169;120;71;48;2;169;120;71m▀[m[38;2;122;89;57;48;2;153;113;70m▀[m[38;2;71;65;47m▄[m           [38;2;127;125;60;48;2;85;93;47m▀[m[38;2;93;69;49;48;2;85;93;47m▀[m[38;2;104;96;52;48;2;70;69;43m▀[m[38;2;119;85;55;48;2;141;102;61m▀[m[38;2;165;117;70;48;2;165;117;70m▀[m[38;2;141;102;61;48;2;141;102;61m▀[m[38;2;70;69;43;48;2;70;69;43m▀[m[38;2;85;93;47;48;2;70;69;43m▀[m[38;2;165;117;70;48;2;61;60;43m▀[m[38;2;141;102;61;48;2;154;116;76m▀[m[38;2;141;102;61;48;2;165;117;70m▀[m[38;2;93;69;49;48;2;154;116;76m▀[m[38;2;61;60;43;48;2;93;69;49m▀[m[38;2;85;93;47m▀[m[38;2;127;125;60m▀[m[38;2;93;69;49;48;2;70;69;43m▀[m[38;2;93;69;49;48;2;158;171;82m▀[m[38;2;61;60;43;48;2;61;60;43m▀[m[38;2;111;103;82;48;2;93;69;49m▀[m[38;2;70;69;43;48;2;70;69;43m▀[m[38;2;85;93;47;48;2;70;69;43m▀[m
  [38;2;74;64;35m▀[m[38;2;169;119;75m▀[m[38;2;169;119;75m▀[m[38;2;74;64;35m▀[m [38;2;93;101;50m▀[m[38;2;169;119;75m▀[m[38;2;169;119;75m▀[m[38;2;169;119;75m▀[m[38;2;150;105;67m▀[m     [38;2;150;105;67;48;2;74;64;35m▀[m[38;2;169;119;75;48;2;74;64;35m▀[m[38;2;129;91;64m▀[m[38;2;74;64;35m▀[m[38;2;150;105;67;48;2;79;92;39m▀[m[38;2;150;105;67;48;2;74;64;35m▀[m[38;2;114;80;55;48;2;74;64;35m▀[m   [38;2;137;96;63m▀[m[38;2;150;105;67m▀[m[38;2;74;64;35m▀[m        [38;2;122;89;57;48;2;87;99;47m▀[m[38;2;169;120;71;48;2;122;89;57m▀[m[38;2;153;113;70;48;2;71;65;47m▀[m[38;2;147;106;62;48;2;71;65;47m▀[m[38;2;169;120;71;48;2;122;89;57m▀[m[38;2;110;79;51;48;2;71;65;47m▀[m      [38;2;71;65;47;48;2;87;99;47m▀[m[38;2;153;113;70;48;2;122;89;57m▀[m[38;2;147;106;62;48;2;71;65;47m▀[m[38;2;169;120;71;48;2;122;89;57m▀[m[38;2;153;113;70;48;2;71;65;47m▀[m[38;2;99;100;53;48;2;71;65;47m▀[m [38;2;131;90;56;48;2;71;65;47m▀[m[38;2;91;66;46;48;2;87;99;47m▀[m[38;2;169;120;71;48;2;71;65;47m▀[m[38;2;131;90;56;48;2;71;65;47m▀[m[38;2;71;65;47;48;2;87;99;47m▀[m            [38;2;85;93;47;48;2;85;93;47m▀[m[38;2;141;102;61;48;2;70;69;43m▀[m[38;2;165;117;70;48;2;70;69;43m▀[m[38;2;141;102;61;48;2;85;93;47m▀[m[38;2;104;96;52m▀[m[38;2;165;117;70;48;2;119;85;55m▀[m[38;2;70;69;43;48;2;85;93;47m▀[m[38;2;85;93;47m▀[m[38;2;141;102;61;48;2;93;69;49m▀[m[38;2;154;116;76;48;2;70;69;43m▀[m[38;2;141;102;61;48;2;85;93;47m▀[m[38;2;165;117;70;48;2;93;69;49m▀[m[38;2;119;85;55;48;2;93;69;49m▀[m  [38;2;70;69;43;48;2;85;93;47m▀[m[38;2;93;69;49;48;2;70;69;43m▀[m[38;2;70;69;43;48;2;85;93;47m▀[m[38;2;104;96;52;48;2;85;93;47m▀[m[38;2;111;103;82;48;2;70;69;43m▀[m[38;2;70;69;43;48;2;85;93;47m▀[m

[1mrootkit[m                           [1mbarkdoor[m                          [1mpriviloak[m
  [38;2;51;56;34m▄[m[38;2;64;73;39m▄[m[38;2;173;141;85m▄[m[38;2;51;56;34m▄[m   [38;2;59;67;39m▄[m[38;2;51;56;34;48;2;134;133;60m▀[m[38;2;51;60;36m▄[m                               [38;2;168;159;59m▄[m[38;2;39;83;33;48;2;247;221;164m▀[m[38;2;39;83;33;48;2;247;221;164m▀[m[38;2;39;83;33;48;2;225;192;138m▀[m[38;2;169;154;109m▄[m                               [38;2;68;114;42m▄[m[38;2;68;114;42;48;2;104;156;43m▀[m[38;2;121;183;38;48;2;135;200;42m▀[m[38;2;121;183;38;48;2;135;200;42m▀[m[38;2;121;183;38;48;2;135;200;42m▀[m[38;2;49;108;38m▄[m[38;2;68;114;42m▄[m
  [38;2;59;67;39m▀[m[38;2;147;118;72;48;2;173;141;85m▀[m[38;2;147;118;72;48;2;75;89;47m▀[m[38;2;75;89;47;48;2;203;175;105m▀[m[38;2;59;67;39m▄[m  [38;2;109;121;56;48;2;203;175;105m▀[m[38;2;104;101;52;48;2;203;175;105m▀[m[38;2;173;141;85;48;2;203;175;105m▀[m[38;2;59;67;39;48;2;64;73;39m▀[m                             [38;2;171;171;59;48;2;171;171;59m▀[m[38;2;247;221;164;48;2;240;213;156m▀[m[38;2;247;221;164;48;2;225;192;138m▀[m[38;2;225;192;138;48;2;205;182;135m▀[m[38;2;39;83;33m▀[m[38;2;58;135;44;48;2;45;108;39m▀[m[38;2;76;150;43;48;2;58;135;44m▀[m  [38;2;61;123;36m▄[m[38;2;70;115;45;48;2;225;192;138m▀[m[38;2;205;182;135;48;2;247;221;164m▀[m[38;2;205;182;135;48;2;240;213;156m▀[m[38;2;61;123;36;48;2;186;177;113m▀[m                       [38;2;135;200;42;48;2;49;108;38m▀[m[38;2;135;200;42;48;2;54;117;44m▀[m[38;2;135;200;42;48;2;62;141;46m▀[m[38;2;135;200;42;48;2;79;145;46m▀[m[38;2;79;145;46;48;2;62;141;46m▀[m[38;2;79;145;46;48;2;62;141;46m▀[m[38;2;79;145;46;48;2;49;108;38m▀[m[38;2;44;82;35;48;2;49;108;38m▀[m[38;2;135;200;42m▄[m[38;2;135;200;42m▄[m[38;2;44;82;35m▄[m
   [38;2;173;141;85;48;2;104;101;52m▀[m[38;2;203;175;105;48;2;203;175;105m▀[m[38;2;173;141;85;48;2;147;118;72m▀[m[38;2;64;73;39;48;2;79;87;48m▀[m  [38;2;173;141;85;48;2;59;67;39m▀[m[38;2;203;175;105;48;2;147;118;72m▀[m[38;2;147;118;72;48;2;104;101;52m▀[m[38;2;51;60;36;48;2;51;56;34m▀[m                             [38;2;171;171;59m▀[m[38;2;186;177;113m▀[m[38;2;70;115;45m▀[m  [38;2;45;108;39;48;2;45;108;39m▀[m[38;2;58;135;44;48;2;58;135;44m▀[m  [38;2;186;177;113;48;2;39;83;33m▀[m[38;2;247;221;164;48;2;187;168;125m▀[m[38;2;247;221;164;48;2;205;182;135m▀[m[38;2;240;213;156;48;2;39;83;33m▀[m[38;2;186;177;113;48;2;39;83;33m▀[m[38;2;61;123;36;48;2;186;195;73m▀[m                    [38;2;68;114;42;48;2;113;179;44m▀[m[38;2;135;200;42;48;2;135;200;42m▀[m[38;2;135;200;42;48;2;113;179;44m▀[m[38;2;44;82;35;48;2;62;141;46m▀[m[38;2;44;82;35;48;2;49;108;38m▀[m[38;2;92;115;46;48;2;132;132;88m▀[m[38;2;68;114;42;48;2;165;134;85m▀[m [38;2;121;183;38;48;2;44;82;35m▀[m[38;2;135;200;42;48;2;79;145;46m▀[m[38;2;135;200;42;48;2;62;141;46m▀[m[38;2;135;200;42;48;2;62;141;46m▀[m[38;2;79;145;46;48;2;54;117;44m▀[m[38;2;44;82;35;48;2;66;133;42m▀[m[38;2;121;183;38m▄[m[38;2;121;183;38m▄[m
    [38;2;62;79;42;48;2;51;56;34m▀[m[38;2;75;89;47;48;2;109;121;56m▀[m[38;2;51;56;34m▄[m   [38;2;64;73;39;48;2;62;79;42m▀[m[38;2;51;60;36;48;2;51;60;36m▀[m                                 [38;2;39;83;33m▄[m[38;2;76;150;43;48;2;76;150;43m▀[m[38;2;76;150;43;48;2;45;108;39m▀[m[38;2;45;108;39m▀[m      [38;2;70;115;45;48;2;61;123;36m▀[m[38;2;100;169;43;48;2;58;135;44m▀[m                  [38;2;68;114;42m▄[m[38;2;68;114;42m▄[m[38;2;66;133;42;48;2;68;114;42m▀[m[38;2;66;133;42m▀[m[38;2;66;133;42;48;2;44;82;35m▀[m[38;2;54;117;44;48;2;113;179;44m▀[m[38;2;68;114;42;48;2;104;156;43m▀[m[38;2;44;82;35;48;2;104;156;43m▀[m[38;2;165;134;85;48;2;92;115;46m▀[m[38;2;92;115;46;48;2;49;108;38m▀[m[38;2;92;115;46m▄[m[38;2;44;82;35;48;2;135;200;42m▀[m[38;2;92;115;46;48;2;68;114;42m▀[m [38;2;121;183;38;48;2;121;183;38m▀[m[38;2;135;200;42;48;2;104;156;43m▀[m[38;2;135;200;42;48;2;113;179;44m▀[m[38;2;135;200;42;48;2;79;145;46m▀[m[38;2;66;133;42;48;2;62;141;46m▀[m
     [38;2;64;73;39m▀[m[38;2;75;89;47;48;2;51;56;34m▀[m[38;2;64;73;39;48;2;51;60;36m▀[m[38;2;62;79;42m▄[m[38;2;64;73;39;48;2;62;79;42m▀[m[38;2;75;89;47;48;2;51;56;34m▀[m[38;2;51;56;34m▀[m                          [38;2;187;168;125m▄[m[38;2;70;115;45;48;2;247;221;164m▀[m[38;2;70;115;45;48;2;247;221;164m▀[m[38;2;70;115;45;48;2;100;169;43m▀[m[38;2;70;115;45;48;2;100;169;43m▀[m[38;2;70;115;45m▄[m [38;2;100;169;43;48;2;100;169;43m▀[m[38;2;50;115;42;48;2;50;115;42m▀[m[38;2;70;115;45m▀[m [38;2;82;127;43m▄[m[38;2;70;115;45;48;2;100;169;43m▀[m[38;2;76;150;43;48;2;76;150;43m▀[m[38;2;76;150;43;48;2;76;150;43m▀[m[38;2;76;150;43;48;2;58;135;44m▀[m[38;2;76;150;43;48;2;50;115;42m▀[m[38;2;76;150;43;48;2;45;108;39m▀[m[38;2;45;108;39m▀[m                 [38;2;68;114;42;48;2;66;133;42m▀[m[38;2;135;200;42;48;2;135;200;42m▀[m[38;2;135;200;42;48;2;113;179;44m▀[m[38;2;62;141;46;48;2;49;108;38m▀[m[38;2;62;141;46;48;2;135;200;42m▀[m[38;2;135;200;42;48;2;113;179;44m▀[m[38;2;113;179;44;48;2;62;141;46m▀[m[38;2;54;117;44;48;2;44;82;35m▀[m[38;2;54;117;44;48;2;49;108;38m▀[m[38;2;113;179;44;48;2;54;117;44m▀[m[38;2;54;117;44;48;2;44;82;35m▀[m[38;2;54;117;44;48;2;49;108;38m▀[m[38;2;113;179;44;48;2;92;115;46m▀[m[38;2;92;115;46;48;2;92;115;46m▀[m[38;2;44;82;35;48;2;113;179;44m▀[m[38;2;49;108;38m▄[m[38;2;92;115;46;48;2;44;82;35m▀[m[38;2;44;82;35m▀[m[38;2;44;82;35m▀[m[38;2;44;82;35m▀[m
     [38;2;154;147;55m▄[m[38;2;79;87;48;48;2;117;135;57m▀[m[38;2;51;56;34;48;2;62;79;42m▀[m[38;2;75;89;47;48;2;62;79;42m▀[m[38;2;59;67;39;48;2;109;121;56m▀[m[38;2;79;87;48;48;2;154;147;55m▀[m[38;2;51;56;34;48;2;191;192;86m▀[m[38;2;104;101;52m▄[m                        [38;2;205;182;135;48;2;187;168;125m▀[m[38;2;247;221;164;48;2;247;221;164m▀[m[38;2;240;213;156;48;2;186;177;113m▀[m[38;2;168;159;59m▀[m[38;2;70;115;45m▀[m[38;2;58;135;44;48;2;39;83;33m▀[m[38;2;58;135;44;48;2;45;108;39m▀[m[38;2;70;115;45;48;2;70;155;48m▀[m[38;2;76;150;43;48;2;100;169;43m▀[m[38;2;100;169;43;48;2;100;169;43m▀[m[38;2;76;150;43;48;2;76;150;43m▀[m[38;2;76;150;43;48;2;76;150;43m▀[m[38;2;76;150;43;48;2;45;108;39m▀[m[38;2;50;115;42;48;2;70;115;45m▀[m                       [38;2;68;114;42;48;2;121;183;38m▀[m[38;2;54;117;44;48;2;54;117;44m▀[m[38;2;49;108;38m▀[m[38;2;44;82;35;48;2;44;82;35m▀[m[38;2;135;200;42;48;2;62;141;46m▀[m[38;2;79;145;46;48;2;49;108;38m▀[m[38;2;44;82;35m▀[m[38;2;68;114;42;48;2;49;108;38m▀[m[38;2;44;82;35m▀[m[38;2;44;82;35m▀[m[38;2;44;82;35;48;2;49;108;38m▀[m[38;2;44;82;35;48;2;68;114;42m▀[m[38;2;49;108;38m▀[m[38;2;54;117;44;48;2;49;108;38m▀[m[38;2;92;115;46;48;2;62;141;46m▀[m[38;2;92;115;46;48;2;62;141;46m▀[m[38;2;68;114;42;48;2;66;133;42m▀[m[38;2;44;82;35m▄[m[38;2;66;133;42;48;2;62;141;46m▀[m[38;2;44;82;35;48;2;113;179;44m▀[m[38;2;66;133;42m▄[m
   [38;2;100;96;54m▄[m[38;2;154;147;55;48;2;64;73;39m▀[m[38;2;191;192;86;48;2;117;135;57m▀[m[38;2;75;89;47;48;2;75;89;47m▀[m[38;2;75;89;47;48;2;75;89;47m▀[m[38;2;154;147;55;48;2;191;192;86m▀[m[38;2;162;164;79;48;2;154;147;55m▀[m[38;2;191;192;86;48;2;62;79;42m▀[m[38;2;191;192;86;48;2;64;73;39m▀[m[38;2;154;147;55;48;2;154;147;55m▀[m[38;2;100;96;54;48;2;75;89;47m▀[m                       [38;2;187;168;125m▀[m[38;2;186;177;113m▀[m   [38;2;168;159;59m▄[m[38;2;39;83;33;48;2;186;195;73m▀[m[38;2;100;169;43;48;2;100;169;43m▀[m[38;2;100;169;43;48;2;100;169;43m▀[m[38;2;61;123;36;48;2;61;123;36m▀[m[38;2;39;83;33;48;2;186;195;73m▀[m[38;2;39;83;33;48;2;70;115;45m▀[m[38;2;50;115;42;48;2;50;115;42m▀[m[38;2;58;135;44;48;2;76;150;43m▀[m[38;2;70;115;45;48;2;58;135;44m▀[m[38;2;70;115;45m▄[m  [38;2;39;83;33m▄[m[38;2;39;83;33;48;2;76;150;43m▀[m[38;2;61;123;36;48;2;50;115;42m▀[m[38;2;205;182;135;48;2;225;192;138m▀[m[38;2;187;168;125;48;2;247;221;164m▀[m[38;2;186;177;113m▄[m            [38;2;121;183;38;48;2;121;183;38m▀[m[38;2;79;145;46;48;2;79;145;46m▀[m[38;2;44;82;35m▀[m[38;2;44;82;35;48;2;44;82;35m▀[m[38;2;44;82;35;48;2;44;82;35m▀[m[38;2;113;179;44;48;2;49;108;38m▀[m[38;2;54;117;44;48;2;49;108;38m▀[m [38;2;44;82;35m▀[m[38;2;68;114;42m▄[m[38;2;132;132;88m▄[m[38;2;68;114;42m▀[m  [38;2;44;82;35;48;2;44;82;35m▀[m[38;2;66;133;42;48;2;66;133;42m▀[m[38;2;66;133;42;48;2;135;200;42m▀[m[38;2;49;108;38;48;2;66;133;42m▀[m[38;2;49;108;38;48;2;49;108;38m▀[m[38;2;54;117;44;48;2;44;82;35m▀[m[38;2;79;145;46;48;2;68;114;42m▀[m[38;2;66;133;42m▀[m
   [38;2;59;67;39;48;2;64;73;39m▀[m[38;2;64;73;39;48;2;51;60;36m▀[m[38;2;75;89;47;48;2;114;148;69m▀[m[38;2;114;148;69;48;2;191;192;86m▀[m[38;2;88;109;53;48;2;154;147;55m▀[m[38;2;117;135;57;48;2;109;121;56m▀[m[38;2;51;60;36;48;2;51;60;36m▀[m[38;2;191;192;86;48;2;51;60;36m▀[m[38;2;51;60;36;48;2;109;121;56m▀[m[38;2;154;147;55;48;2;154;147;55m▀[m[38;2;88;109;53;48;2;104;101;52m▀[m[38;2;59;67;39;48;2;109;121;56m▀[m[38;2;104;101;52m▄[m[38;2;51;56;34;48;2;162;164;79m▀[m[38;2;64;73;39;48;2;109;121;56m▀[m[38;2;154;147;55;48;2;64;73;39m▀[m[38;2;154;147;55;48;2;64;73;39m▀[m[38;2;154;147;55;48;2;64;73;39m▀[m[38;2;79;87;48;48;2;154;147;55m▀[m[38;2;100;96;54m▄[m                   [38;2;168;159;59;48;2;39;83;33m▀[m[38;2;186;195;73;48;2;76;150;43m▀[m[38;2;100;169;43;48;2;100;169;43m▀[m[38;2;76;150;43;48;2;100;169;43m▀[m[38;2;171;171;59;48;2;61;123;36m▀[m[38;2;186;195;73;48;2;61;123;36m▀[m[38;2;70;115;45;48;2;39;83;33m▀[m[38;2;50;115;42;48;2;58;135;44m▀[m[38;2;100;169;43;48;2;186;195;73m▀[m[38;2;58;135;44;48;2;50;115;42m▀[m[38;2;70;115;45;48;2;70;115;45m▀[m [38;2;70;115;45;48;2;70;115;45m▀[m[38;2;58;135;44;48;2;58;135;44m▀[m[38;2;50;115;42;48;2;39;83;33m▀[m [38;2;186;177;113m▀[m[38;2;240;213;156;48;2;186;177;113m▀[m[38;2;247;221;164;48;2;247;221;164m▀[m[38;2;168;159;59;48;2;205;182;135m▀[m           [38;2;121;183;38;48;2;66;133;42m▀[m[38;2;79;145;46;48;2;54;117;44m▀[m[38;2;44;82;35m▄[m[38;2;44;82;35m▀[m[38;2;68;114;42m▀[m [38;2;68;114;42;48;2;68;114;42m▀[m[38;2;44;82;35;48;2;113;179;44m▀[m[38;2;44;82;35;48;2;198;189;132m▀[m[38;2;241;213;155;48;2;180;172;102m▀[m[38;2;132;132;88;48;2;44;82;35m▀[m[38;2;44;82;35m▄[m   [38;2;62;141;46m▀[m[38;2;62;141;46;48;2;68;114;42m▀[m[38;2;79;145;46;48;2;44;82;35m▀[m[38;2;44;82;35;48;2;92;115;46m▀[m[38;2;44;82;35;48;2;79;145;46m▀[m[38;2;68;114;42;48;2;49;108;38m▀[m
   [38;2;79;87;48m▀[m[38;2;114;148;69;48;2;51;60;36m▀[m[38;2;114;148;69;48;2;64;73;39m▀[m[38;2;162;164;79;48;2;64;73;39m▀[m[38;2;114;148;69;48;2;75;89;47m▀[m[38;2;162;164;79;48;2;117;135;57m▀[m[38;2;117;135;57;48;2;51;60;36m▀[m[38;2;117;135;57;48;2;62;79;42m▀[m[38;2;88;109;53;48;2;75;89;47m▀[m[38;2;62;79;42;48;2;51;60;36m▀[m[38;2;51;60;36;48;2;51;60;36m▀[m[38;2;62;79;42;48;2;75;89;47m▀[m[38;2;162;164;79;48;2;75;89;47m▀[m[38;2;62;79;42;48;2;51;60;36m▀[m[38;2;51;60;36;48;2;154;147;55m▀[m[38;2;104;101;52m▄[m[38;2;51;56;34m▄[m [38;2;59;67;39m▀[m[38;2;162;164;79;48;2;104;101;52m▀[m[38;2;64;73;39;48;2;59;67;39m▀[m                  [38;2;39;83;33m▀[m[38;2;45;108;39m▀[m[38;2;45;108;39;48;2;39;83;33m▀[m[38;2;76;150;43;48;2;39;83;33m▀[m[38;2;50;115;42m▀[m[38;2;61;123;36;48;2;82;127;43m▀[m[38;2;45;108;39;48;2;186;195;73m▀[m[38;2;100;169;43;48;2;186;195;73m▀[m[38;2;186;195;73;48;2;58;135;44m▀[m[38;2;50;115;42;48;2;61;123;36m▀[m[38;2;70;115;45m▀[m [38;2;70;115;45;48;2;70;115;45m▀[m[38;2;58;135;44;48;2;58;135;44m▀[m[38;2;39;83;33;48;2;58;135;44m▀[m   [38;2;186;177;113m▀[m[38;2;61;123;36m▀[m            [38;2;66;133;42;48;2;66;133;42m▀[m[38;2;49;108;38;48;2;54;117;44m▀[m   [38;2;92;115;46;48;2;181;180;73m▀[m[38;2;113;179;44;48;2;113;179;44m▀[m[38;2;181;180;73;48;2;66;133;42m▀[m[38;2;49;108;38;48;2;165;134;85m▀[m[38;2;79;145;46;48;2;44;82;35m▀[m[38;2;62;141;46;48;2;54;117;44m▀[m[38;2;44;82;35;48;2;54;117;44m▀[m[38;2;68;114;42m▄[m   [38;2;49;108;38;48;2;49;108;38m▀[m[38;2;92;115;46;48;2;79;145;46m▀[m[38;2;104;156;43;48;2;104;156;43m▀[m[38;2;44;82;35;48;2;44;82;35m▀[m
     [38;2;59;67;39m▀[m[38;2;79;87;48;48;2;75;89;47m▀[m[38;2;51;60;36m▄[m[38;2;51;60;36m▄[m[38;2;64;73;39;48;2;88;109;53m▀[m[38;2;88;109;53;48;2;51;60;36m▀[m[38;2;62;79;42m▀[m[38;2;64;73;39m▀[m [38;2;64;73;39;48;2;64;73;39m▀[m[38;2;59;67;39;48;2;51;60;36m▀[m [38;2;51;60;36m▀[m[38;2;117;135;57;48;2;75;89;47m▀[m[38;2;117;135;57;48;2;117;135;57m▀[m[38;2;64;73;39m▄[m[38;2;88;109;53m▄[m[38;2;109;121;56;48;2;75;89;47m▀[m[38;2;59;67;39m▀[m                     [38;2;61;123;36m▄[m[38;2;186;195;73;48;2;186;195;73m▀[m[38;2;225;192;138;48;2;186;195;73m▀[m[38;2;117;180;60;48;2;76;150;43m▀[m[38;2;76;150;43;48;2;39;83;33m▀[m[38;2;45;108;39;48;2;39;83;33m▀[m[38;2;61;123;36m▄[m[38;2;70;155;48m▄[m[38;2;76;150;43m▄[m[38;2;82;127;43m▄[m[38;2;70;115;45;48;2;70;115;45m▀[m[38;2;58;135;44m▀[m[38;2;76;150;43;48;2;76;150;43m▀[m[38;2;70;115;45;48;2;58;135;44m▀[m[38;2;70;115;45m▄[m              [38;2;66;133;42m▀[m[38;2;62;141;46;48;2;49;108;38m▀[m[38;2;44;82;35;48;2;62;141;46m▀[m[38;2;68;114;42m▄[m [38;2;135;200;42m▀[m[38;2;113;179;44;48;2;44;82;35m▀[m[38;2;92;115;46;48;2;49;108;38m▀[m[38;2;104;156;43;48;2;44;82;35m▀[m[38;2;44;82;35m▀[m[38;2;92;115;46;48;2;165;134;85m▀[m[38;2;54;117;44;48;2;181;180;73m▀[m[38;2;49;108;38;48;2;79;145;46m▀[m[38;2;68;114;42m▄[m  [38;2;49;108;38;48;2;44;82;35m▀[m[38;2;104;156;43;48;2;68;114;42m▀[m[38;2;104;156;43;48;2;104;156;43m▀[m[38;2;44;82;35;48;2;49;108;38m▀[m[38;2;121;183;38m▄[m
      [38;2;51;56;34m▀[m[38;2;51;60;36m▀[m[38;2;62;79;42m▀[m[38;2;59;67;39m▀[m   [38;2;51;56;34m▄[m[38;2;51;56;34m▀[m[38;2;109;121;56;48;2;62;79;42m▀[m[38;2;51;56;34;48;2;75;89;47m▀[m[38;2;59;67;39m▄[m[38;2;64;73;39;48;2;59;67;39m▀[m[38;2;117;135;57;48;2;117;135;57m▀[m[38;2;100;96;54;48;2;64;73;39m▀[m[38;2;75;89;47m▀[m[38;2;51;56;34;48;2;51;56;34m▀[m[38;2;51;56;34;48;2;162;164;79m▀[m[38;2;64;73;39;48;2;75;89;47m▀[m[38;2;59;67;39;48;2;51;60;36m▀[m[38;2;109;121;56m▄[m[38;2;51;56;34m▄[m                [38;2;70;115;45;48;2;168;159;59m▀[m[38;2;186;195;73;48;2;225;192;138m▀[m[38;2;186;195;73;48;2;225;192;138m▀[m[38;2;100;169;43;48;2;100;169;43m▀[m[38;2;45;108;39;48;2;39;83;33m▀[m[38;2;39;83;33;48;2;76;150;43m▀[m[38;2;45;108;39;48;2;100;169;43m▀[m[38;2;58;135;44;48;2;76;150;43m▀[m[38;2;76;150;43;48;2;50;115;42m▀[m[38;2;100;169;43;48;2;39;83;33m▀[m[38;2;100;169;43;48;2;45;108;39m▀[m[38;2;76;150;43;48;2;100;169;43m▀[m[38;2;70;115;45;48;2;76;150;43m▀[m[38;2;39;83;33m▀[m[38;2;76;150;43;48;2;76;150;43m▀[m[38;2;70;155;48;48;2;76;150;43m▀[m                [38;2;79;145;46;48;2;113;179;44m▀[m[38;2;54;117;44;48;2;54;117;44m▀[m     [38;2;44;82;35m▄[m[38;2;104;156;43;48;2;181;180;73m▀[m[38;2;181;180;73;48;2;181;180;73m▀[m[38;2;92;115;46;48;2;92;115;46m▀[m[38;2;49;108;38;48;2;44;82;35m▀[m[38;2;44;82;35;48;2;62;141;46m▀[m[38;2;49;108;38m▄[m [38;2;68;114;42;48;2;68;114;42m▀[m[38;2;104;156;43;48;2;104;156;43m▀[m[38;2;44;82;35;48;2;44;82;35m▀[m[38;2;66;133;42m▀[m
          [38;2;51;56;34m▄[m[38;2;64;73;39;48;2;88;109;53m▀[m[38;2;109;121;56;48;2;51;60;36m▀[m[38;2;88;109;53;48;2;51;56;34m▀[m[38;2;88;109;53;48;2;59;67;39m▀[m[38;2;64;73;39m▀[m[38;2;59;67;39m▀[m[38;2;51;60;36;48;2;51;56;34m▀[m[38;2;64;73;39;48;2;117;135;57m▀[m[38;2;88;109;53;48;2;88;109;53m▀[m[38;2;64;73;39;48;2;51;56;34m▀[m[38;2;51;56;34m▄[m[38;2;109;121;56;48;2;88;109;53m▀[m[38;2;64;73;39m▀[m  [38;2;104;101;52;48;2;75;89;47m▀[m[38;2;59;67;39;48;2;51;60;36m▀[m            [38;2;70;115;45;48;2;100;169;43m▀[m[38;2;100;169;43;48;2;76;150;43m▀[m[38;2;100;169;43;48;2;50;115;42m▀[m[38;2;76;150;43;48;2;45;108;39m▀[m[38;2;70;155;48;48;2;82;127;43m▀[m[38;2;186;195;73;48;2;225;192;138m▀[m[38;2;186;195;73;48;2;186;195;73m▀[m[38;2;100;169;43;48;2;100;169;43m▀[m[38;2;39;83;33;48;2;45;108;39m▀[m[38;2;50;115;42;48;2;39;83;33m▀[m[38;2;50;115;42;48;2;39;83;33m▀[m[38;2;50;115;42m▀[m[38;2;76;150;43;48;2;61;123;36m▀[m[38;2;76;150;43;48;2;100;169;43m▀[m[38;2;45;108;39;48;2;39;83;33m▀[m[38;2;50;115;42;48;2;50;115;42m▀[m[38;2;100;169;43;48;2;76;150;43m▀[m [38;2;76;150;43;48;2;76;150;43m▀[m[38;2;100;169;43;48;2;76;150;43m▀[m               [38;2;62;141;46;48;2;44;82;35m▀[m[38;2;79;145;46;48;2;79;145;46m▀[m[38;2;54;117;44;48;2;54;117;44m▀[m[38;2;44;82;35m▄[m [38;2;44;82;35m▄[m[38;2;44;82;35m▄[m[38;2;49;108;38m▄[m[38;2;132;132;88;48;2;181;180;73m▀[m[38;2;180;172;102;48;2;180;172;102m▀[m[38;2;165;134;85;48;2;92;115;46m▀[m[38;2;92;115;46;48;2;62;141;46m▀[m[38;2;44;82;35m▄[m[38;2;66;133;42m▄[m[38;2;49;108;38;48;2;79;145;46m▀[m[38;2;44;82;35m▄[m[38;2;44;82;35;48;2;117;183;70m▀[m[38;2;79;145;46;48;2;92;115;46m▀[m[38;2;44;82;35m▀[m
    [38;2;51;56;34m▄[m[38;2;173;141;85m▄[m[38;2;173;141;85m▄[m[38;2;173;141;85m▄[m[38;2;64;73;39m▄[m[38;2;104;101;52m▄[m[38;2;59;67;39;48;2;109;121;56m▀[m[38;2;100;96;54;48;2;75;89;47m▀[m[38;2;59;67;39;48;2;62;79;42m▀[m[38;2;59;67;39;48;2;75;89;47m▀[m[38;2;64;73;39;48;2;88;109;53m▀[m[38;2;117;135;57m▄[m[38;2;62;79;42m▄[m[38;2;62;79;42;48;2;75;89;47m▀[m[38;2;154;147;55;48;2;75;89;47m▀[m[38;2;51;60;36;48;2;51;56;34m▀[m [38;2;51;56;34;48;2;51;56;34m▀[m[38;2;88;109;53;48;2;88;109;53m▀[m  [38;2;150;124;79;48;2;173;141;85m▀[m[38;2;203;175;105;48;2;173;141;85m▀[m[38;2;147;118;72;48;2;173;141;85m▀[m[38;2;51;56;34;48;2;79;87;48m▀[m          [38;2;70;115;45;48;2;70;115;45m▀[m[38;2;100;169;43;48;2;76;150;43m▀[m[38;2;39;83;33;48;2;70;155;48m▀[m[38;2;39;83;33m▄[m[38;2;61;123;36m▄[m[38;2;70;115;45;48;2;61;123;36m▀[m[38;2;186;195;73;48;2;225;192;138m▀[m[38;2;186;195;73;48;2;225;192;138m▀[m[38;2;100;169;43;48;2;186;177;113m▀[m[38;2;58;135;44;48;2;186;177;113m▀[m[38;2;45;108;39;48;2;117;180;60m▀[m[38;2;39;83;33;48;2;58;135;44m▀[m[38;2;70;115;45;48;2;76;150;43m▀[m[38;2;82;127;43;48;2;76;150;43m▀[m[38;2;76;150;43;48;2;50;115;42m▀[m[38;2;39;83;33;48;2;45;108;39m▀[m[38;2;39;83;33;48;2;45;108;39m▀[m[38;2;70;115;45;48;2;76;150;43m▀[m[38;2;39;83;33;48;2;100;169;43m▀[m[38;2;100;169;43;48;2;76;150;43m▀[m[38;2;76;150;43;48;2;61;123;36m▀[m              [38;2;138;174;73m▄[m[38;2;117;183;70;48;2;241;213;155m▀[m[38;2;54;117;44;48;2;44;82;35m▀[m[38;2;54;117;44;48;2;68;114;42m▀[m[38;2;180;172;102;48;2;180;172;102m▀[m [38;2;68;114;42m▀[m[38;2;68;114;42;48;2;44;82;35m▀[m[38;2;44;82;35;48;2;113;179;44m▀[m[38;2;92;115;46;48;2;68;114;42m▀[m[38;2;165;134;85;48;2;44;82;35m▀[m[38;2;49;108;38;48;2;44;82;35m▀[m[38;2;117;183;70;48;2;241;213;155m▀[m[38;2;54;117;44;48;2;180;172;102m▀[m[38;2;49;108;38;48;2;44;82;35m▀[m[38;2;49;108;38;48;2;92;115;46m▀[m[38;2;49;108;38;48;2;79;145;46m▀[m[38;2;79;145;46;48;2;49;108;38m▀[m[38;2;44;82;35;48;2;49;108;38m▀[m[38;2;49;108;38;48;2;49;108;38m▀[m
   [38;2;51;56;34m▄[m[38;2;59;67;39;48;2;173;141;85m▀[m[38;2;147;118;72;48;2;173;141;85m▀[m[38;2;203;175;105;48;2;75;89;47m▀[m[38;2;173;141;85;48;2;203;175;105m▀[m[38;2;173;141;85;48;2;147;118;72m▀[m[38;2;75;89;47;48;2;64;73;39m▀[m[38;2;59;67;39m▀[m[38;2;51;56;34m▀[m[38;2;64;73;39m▀[m[38;2;64;73;39;48;2;51;56;34m▀[m[38;2;64;73;39;48;2;51;56;34m▀[m[38;2;75;89;47;48;2;51;56;34m▀[m[38;2;109;121;56;48;2;109;121;56m▀[m[38;2;64;73;39;48;2;154;147;55m▀[m[38;2;51;56;34;48;2;59;67;39m▀[m[38;2;59;67;39m▄[m[38;2;109;121;56m▄[m[38;2;104;101;52;48;2;109;121;56m▀[m[38;2;51;60;36;48;2;59;67;39m▀[m  [38;2;104;101;52;48;2;59;67;39m▀[m[38;2;173;141;85;48;2;104;101;52m▀[m[38;2;147;118;72;48;2;100;96;54m▀[m[38;2;79;87;48m▀[m           [38;2;39;83;33m▀[m[38;2;76;150;43;48;2;70;115;45m▀[m[38;2;76;150;43;48;2;70;115;45m▀[m[38;2;58;135;44m▀[m[38;2;50;115;42m▀[m[38;2;39;83;33m▀[m[38;2;169;154;109;48;2;186;177;113m▀[m[38;2;225;192;138;48;2;247;221;164m▀[m[38;2;247;221;164;48;2;186;177;113m▀[m[38;2;186;177;113;48;2;169;154;109m▀[m[38;2;186;177;113;48;2;247;221;164m▀[m[38;2;186;177;113;48;2;240;213;156m▀[m[38;2;50;115;42;48;2;39;83;33m▀[m[38;2;45;108;39m▀[m[38;2;50;115;42m▀[m[38;2;58;135;44;48;2;70;115;45m▀[m[38;2;58;135;44m▀[m[38;2;58;135;44m▀[m[38;2;61;123;36m▀[m               [38;2;138;174;73m▀[m[38;2;241;213;155;48;2;180;172;102m▀[m  [38;2;44;82;35m▀[m [38;2;68;114;42;48;2;68;114;42m▀[m[38;2;113;179;44;48;2;54;117;44m▀[m[38;2;49;108;38m▀[m   [38;2;241;213;155;48;2;132;132;88m▀[m[38;2;132;132;88;48;2;138;174;73m▀[m[38;2;180;172;102;48;2;241;213;155m▀[m[38;2;241;213;155;48;2;180;172;102m▀[m[38;2;54;117;44;48;2;68;114;42m▀[m[38;2;44;82;35;48;2;180;172;102m▀[m[38;2;79;145;46;48;2;198;189;132m▀[m[38;2;49;108;38;48;2;44;82;35m▀[m
   [38;2;51;56;34m▀[m[38;2;59;67;39m▀[m[38;2;64;73;39;48;2;59;67;39m▀[m[38;2;173;141;85;48;2;64;73;39m▀[m[38;2;147;118;72m▀[m[38;2;104;101;52m▀[m        [38;2;64;73;39m▀[m[38;2;109;121;56m▀[m[38;2;154;147;55m▀[m[38;2;75;89;47m▀[m[38;2;51;56;34m▀[m   [38;2;51;56;34m▀[m[38;2;51;56;34m▀[m                   [38;2;186;177;113;48;2;39;83;33m▀[m[38;2;205;182;135m▀[m [38;2;61;123;36;48;2;70;115;45m▀[m[38;2;240;213;156;48;2;168;159;59m▀[m[38;2;39;83;33m▀[m                                   [38;2;138;174;73;48;2;68;114;42m▀[m[38;2;180;172;102;48;2;68;114;42m▀[m [38;2;132;132;88;48;2;132;132;88m▀[m[38;2;241;213;155;48;2;165;134;85m▀[m[38;2;180;172;102m▀[m

[1msproutware[m                        [1mvinemount[m                         [1mcanopynet[m
                                                                                   [38;2;67;139;46m▄[m[38;2;66;62;38;48;2;135;197;44m▀[m[38;2;131;133;50;48;2;135;197;44m▀[m[38;2;131;133;50;48;2;135;197;44m▀[m[38;2;131;133;50;48;2;135;197;44m▀[m[38;2;77;78;52;48;2;103;162;45m▀[m[38;2;49;93;40m▄[m
                                                 [38;2;64;84;53m▄[m[38;2;50;71;39;48;2;125;194;40m▀[m[38;2;64;84;53;48;2;63;117;32m▀[m                            [38;2;142;111;61m▄[m [38;2;103;162;45;48;2;103;162;45m▀[m[38;2;135;197;44;48;2;135;197;44m▀[m[38;2;135;197;44;48;2;103;162;45m▀[m[38;2;135;197;44;48;2;103;162;45m▀[m[38;2;135;197;44;48;2;103;162;45m▀[m[38;2;103;162;45;48;2;67;139;46m▀[m[38;2;67;139;46;48;2;67;139;46m▀[m[38;2;67;139;46;48;2;67;139;46m▀[m[38;2;67;139;46;48;2;49;93;40m▀[m
           [38;2;137;205;35m▄[m[38;2;50;98;28m▄[m        [38;2;50;98;28m▄[m[38;2;50;98;28m▄[m[38;2;50;98;28;48;2;40;96;32m▀[m[38;2;50;98;28;48;2;40;96;32m▀[m                   [38;2;64;84;53m▄[m[38;2;137;143;39;48;2;180;145;83m▀[m[38;2;180;145;83;48;2;180;145;83m▀[m[38;2;100;89;80m▄[m[38;2;102;164;39m▄[m[38;2;134;199;40;48;2;134;199;40m▀[m[38;2;134;199;40;48;2;134;199;40m▀[m[38;2;50;71;39;48;2;50;71;39m▀[m   [38;2;64;84;53m▄[m[38;2;180;145;83m▄[m                      [38;2;158;116;69;48;2;167;118;72m▀[m[38;2;200;147;93;48;2;135;197;44m▀[m[38;2;67;139;46;48;2;135;197;44m▀[m[38;2;107;80;49;48;2;103;162;45m▀[m[38;2;49;93;40m▄[m[38;2;43;59;35;48;2;77;78;52m▀[m[38;2;66;62;38;48;2;142;111;61m▀[m[38;2;104;107;49;48;2;142;111;61m▀[m[38;2;77;78;52;48;2;66;62;38m▀[m[38;2;66;62;38;48;2;67;139;46m▀[m[38;2;49;93;40;48;2;135;197;44m▀[m[38;2;103;162;45;48;2;135;197;44m▀[m[38;2;103;162;45;48;2;103;162;45m▀[m[38;2;66;62;38;48;2;67;139;46m▀[m[38;2;66;62;38m▄[m
        [38;2;50;98;28m▄[m[38;2;112;177;35m▄[m[38;2;137;205;35;48;2;137;205;35m▀[m[38;2;124;195;34;48;2;124;195;34m▀[m[38;2;50;98;28;48;2;50;98;28m▀[m     [38;2;94;162;35m▄[m[38;2;94;162;35m▄[m[38;2;78;140;36;48;2;48;153;52m▀[m[38;2;48;153;52;48;2;34;162;66m▀[m[38;2;34;162;66;48;2;34;162;66m▀[m[38;2;34;162;66;48;2;57;137;40m▀[m[38;2;40;96;32m▀[m               [38;2;148;114;64m▄[m[38;2;64;84;53m▄[m  [38;2;203;153;96;48;2;180;145;83m▀[m[38;2;203;153;96;48;2;203;153;96m▀[m[38;2;180;145;83;48;2;180;145;83m▀[m[38;2;134;199;40;48;2;134;199;40m▀[m[38;2;134;199;40;48;2;134;199;40m▀[m[38;2;134;199;40;48;2;134;199;40m▀[m[38;2;125;194;40;48;2;56;134;41m▀[m[38;2;56;134;41;48;2;56;134;41m▀[m[38;2;48;116;39;48;2;48;116;39m▀[m[38;2;64;84;53;48;2;39;63;35m▀[m[38;2;148;114;64;48;2;180;145;83m▀[m[38;2;203;153;96;48;2;203;153;96m▀[m[38;2;180;145;83;48;2;148;114;64m▀[m                    [38;2;77;78;52;48;2;66;62;38m▀[m[38;2;92;67;42;48;2;158;116;69m▀[m[38;2;144;163;51;48;2;104;107;49m▀[m[38;2;103;162;45;48;2;43;59;35m▀[m[38;2;67;139;46;48;2;43;59;35m▀[m[38;2;67;139;46m▀[m[38;2;67;139;46;48;2;77;78;52m▀[m[38;2;43;59;35;48;2;66;62;38m▀[m[38;2;167;118;72;48;2;103;162;45m▀[m[38;2;158;116;69;48;2;142;111;61m▀[m[38;2;43;59;35;48;2;43;59;35m▀[m[38;2;135;197;44;48;2;49;93;40m▀[m[38;2;135;197;44;48;2;43;59;35m▀[m[38;2;103;162;45;48;2;43;59;35m▀[m[38;2;67;139;46;48;2;66;62;38m▀[m[38;2;67;139;46;48;2;43;59;35m▀[m[38;2;43;59;35;48;2;66;62;38m▀[m
   [38;2;50;98;28;48;2;137;205;35m▀[m[38;2;50;98;28;48;2;137;205;35m▀[m[38;2;34;76;25m▄[m [38;2;34;76;25m▄[m[38;2;57;137;40;48;2;124;195;34m▀[m[38;2;137;205;35;48;2;130;201;31m▀[m[38;2;124;195;34;48;2;124;195;34m▀[m[38;2;124;195;34;48;2;124;195;34m▀[m[38;2;50;98;28;48;2;34;76;25m▀[m[38;2;34;76;25m▄[m[38;2;50;98;28;48;2;137;205;35m▀[m[38;2;50;98;28;48;2;112;177;35m▀[m[38;2;34;76;25;48;2;51;111;36m▀[m[38;2;24;63;24;48;2;94;162;35m▀[m[38;2;124;195;34;48;2;94;162;35m▀[m[38;2;94;162;35;48;2;48;153;52m▀[m[38;2;48;153;52;48;2;34;162;66m▀[m[38;2;34;162;66;48;2;34;162;66m▀[m[38;2;34;162;66;48;2;34;162;66m▀[m[38;2;34;76;25;48;2;34;76;25m▀[m                [38;2;148;114;64;48;2;180;145;83m▀[m[38;2;167;123;75;48;2;203;153;96m▀[m[38;2;50;71;39;48;2;148;114;64m▀[m[38;2;102;164;39;48;2;48;116;39m▀[m[38;2;102;164;39;48;2;56;134;41m▀[m[38;2;102;164;39;48;2;102;164;39m▀[m[38;2;56;134;41;48;2;40;87;35m▀[m[38;2;56;134;41;48;2;40;87;35m▀[m[38;2;56;134;41;48;2;48;116;39m▀[m[38;2;56;134;41;48;2;40;87;35m▀[m[38;2;56;134;41;48;2;103;98;47m▀[m[38;2;40;87;35;48;2;39;63;35m▀[m[38;2;40;87;35;48;2;48;116;39m▀[m[38;2;48;116;39;48;2;56;134;41m▀[m[38;2;180;145;83;48;2;180;145;83m▀[m[38;2;180;145;83;48;2;167;123;75m▀[m[38;2;103;98;47;48;2;103;98;47m▀[m[38;2;64;84;53;48;2;39;63;35m▀[m[38;2;64;84;53m▄[m [38;2;100;89;80m▄[m               [38;2;77;78;52m▄[m[38;2;107;80;49;48;2;200;147;93m▀[m[38;2;144;163;51;48;2;144;163;51m▀[m[38;2;104;107;49;48;2;49;93;40m▀[m[38;2;131;133;50;48;2;200;147;93m▀[m[38;2;158;116;69;48;2;144;163;51m▀[m[38;2;66;62;38;48;2;144;163;51m▀[m[38;2;66;62;38;48;2;158;116;69m▀[m[38;2;200;147;93;48;2;200;147;93m▀[m[38;2;92;67;42;48;2;92;67;42m▀[m[38;2;109;79;49;48;2;91;109;76m▀[m[38;2;92;67;42;48;2;49;93;40m▀[m[38;2;66;62;38;48;2;66;62;38m▀[m[38;2;142;111;61;48;2;200;147;93m▀[m[38;2;107;80;49;48;2;158;116;69m▀[m[38;2;66;62;38;48;2;66;62;38m▀[m[38;2;43;59;35;48;2;142;111;61m▀[m[38;2;109;79;49;48;2;104;107;49m▀[m[38;2;103;162;45;48;2;49;93;40m▀[m
   [38;2;137;205;35;48;2;137;205;35m▀[m[38;2;137;205;35;48;2;137;205;35m▀[m[38;2;130;201;31;48;2;130;201;31m▀[m[38;2;34;76;25;48;2;137;205;35m▀[m[38;2;94;162;35;48;2;137;205;35m▀[m[38;2;112;177;35;48;2;130;201;31m▀[m[38;2;78;140;36;48;2;74;127;32m▀[m[38;2;124;195;34;48;2;94;162;35m▀[m[38;2;78;140;36;48;2;137;205;35m▀[m[38;2;130;201;31;48;2;137;205;35m▀[m[38;2;137;205;35;48;2;124;195;34m▀[m[38;2;112;177;35;48;2;78;140;36m▀[m[38;2;40;96;32;48;2;34;76;25m▀[m[38;2;50;98;28;48;2;35;89;34m▀[m[38;2;48;153;52;48;2;78;140;36m▀[m[38;2;48;153;52;48;2;48;153;52m▀[m[38;2;48;153;52;48;2;51;111;36m▀[m[38;2;78;140;36;48;2;51;111;36m▀[m[38;2;34;162;66;48;2;48;153;52m▀[m[38;2;34;76;25;48;2;34;76;25m▀[m [38;2;34;76;25m▄[m[38;2;48;153;52m▄[m[38;2;34;162;66m▄[m[38;2;40;96;32m▄[m            [38;2;203;153;96;48;2;203;153;96m▀[m[38;2;203;153;96;48;2;203;153;96m▀[m[38;2;180;145;83;48;2;180;145;83m▀[m[38;2;103;98;47;48;2;40;87;35m▀[m[38;2;40;87;35;48;2;39;63;35m▀[m[38;2;48;116;39;48;2;39;63;35m▀[m[38;2;39;63;35;48;2;63;117;32m▀[m[38;2;50;71;39;48;2;148;114;64m▀[m[38;2;100;89;80;48;2;203;153;96m▀[m[38;2;180;145;83;48;2;203;153;96m▀[m[38;2;203;153;96;48;2;148;114;64m▀[m[38;2;39;63;35;48;2;50;71;39m▀[m[38;2;48;116;39;48;2;40;87;35m▀[m[38;2;56;134;41;48;2;39;63;35m▀[m[38;2;103;98;47;48;2;50;71;39m▀[m[38;2;103;98;47;48;2;50;71;39m▀[m[38;2;103;98;47;48;2;103;98;47m▀[m[38;2;50;71;39;48;2;100;89;80m▀[m[38;2;39;63;35;48;2;203;153;96m▀[m[38;2;203;153;96;48;2;203;153;96m▀[m[38;2;203;153;96;48;2;203;153;96m▀[m              [38;2;107;80;49;48;2;92;67;42m▀[m[38;2;167;118;72;48;2;200;147;93m▀[m[38;2;167;118;72;48;2;92;67;42m▀[m[38;2;158;116;69;48;2;66;62;38m▀[m[38;2;43;59;35;48;2;144;163;51m▀[m[38;2;104;107;49;48;2;200;147;93m▀[m[38;2;67;139;46;48;2;142;111;61m▀[m[38;2;103;162;45;48;2;49;93;40m▀[m[38;2;142;111;61;48;2;109;79;49m▀[m[38;2;167;118;72;48;2;167;118;72m▀[m[38;2;92;67;42;48;2;92;67;42m▀[m[38;2;200;147;93;48;2;200;147;93m▀[m[38;2;167;118;72;48;2;200;147;93m▀[m[38;2;142;111;61;48;2;200;147;93m▀[m[38;2;200;147;93;48;2;92;67;42m▀[m[38;2;167;118;72;48;2;109;79;49m▀[m[38;2;104;107;49;48;2;92;67;42m▀[m[38;2;142;111;61;48;2;109;79;49m▀[m[38;2;109;79;49;48;2;92;67;42m▀[m[38;2;66;62;38;48;2;104;107;49m▀[m
   [38;2;137;205;35m▀[m[38;2;137;205;35;48;2;94;162;35m▀[m[38;2;124;195;34;48;2;130;201;31m▀[m[38;2;137;205;35;48;2;137;205;35m▀[m[38;2;137;205;35;48;2;137;205;35m▀[m[38;2;137;205;35;48;2;130;201;31m▀[m[38;2;78;140;36;48;2;78;140;36m▀[m[38;2;124;195;34;48;2;130;201;31m▀[m[38;2;130;201;31;48;2;78;140;36m▀[m[38;2;137;205;35;48;2;78;140;36m▀[m[38;2;78;140;36;48;2;35;89;34m▀[m[38;2;40;96;32;48;2;50;98;28m▀[m[38;2;34;76;25m▀[m[38;2;40;86;27m▀[m[38;2;40;96;32;48;2;112;177;35m▀[m[38;2;40;96;32;48;2;124;195;34m▀[m[38;2;24;63;24;48;2;40;86;27m▀[m[38;2;51;111;36;48;2;48;153;52m▀[m[38;2;51;111;36;48;2;48;153;52m▀[m[38;2;40;96;32;48;2;48;153;52m▀[m[38;2;57;137;40;48;2;34;162;66m▀[m[38;2;48;153;52;48;2;34;162;66m▀[m[38;2;34;162;66;48;2;34;162;66m▀[m[38;2;48;153;52;48;2;57;137;40m▀[m[38;2;50;98;28m▀[m        [38;2;100;89;80;48;2;203;153;96m▀[m[38;2;167;123;75m▄[m[38;2;63;117;32m▄[m[38;2;63;117;32;48;2;102;164;39m▀[m[38;2;180;145;83;48;2;102;164;39m▀[m[38;2;180;145;83;48;2;56;134;41m▀[m[38;2;102;164;39;48;2;48;116;39m▀[m[38;2;102;164;39;48;2;134;199;40m▀[m[38;2;102;164;39;48;2;134;199;40m▀[m[38;2;125;194;40;48;2;134;199;40m▀[m[38;2;102;164;39;48;2;56;134;41m▀[m[38;2;148;114;64;48;2;103;98;47m▀[m[38;2;180;145;83;48;2;167;123;75m▀[m[38;2;167;123;75;48;2;148;114;64m▀[m[38;2;103;98;47;48;2;103;98;47m▀[m[38;2;63;117;32;48;2;134;199;40m▀[m[38;2;102;164;39;48;2;134;199;40m▀[m[38;2;134;199;40;48;2;134;199;40m▀[m[38;2;125;194;40;48;2;102;164;39m▀[m[38;2;50;71;39;48;2;48;116;39m▀[m[38;2;63;117;32;48;2;134;199;40m▀[m[38;2;102;164;39;48;2;134;199;40m▀[m[38;2;180;145;83;48;2;102;164;39m▀[m[38;2;180;145;83;48;2;103;98;47m▀[m[38;2;167;123;75;48;2;103;98;47m▀[m              [38;2;92;67;42;48;2;77;78;52m▀[m[38;2;66;62;38m▀[m [38;2;77;78;52m▀[m[38;2;77;78;52m▀[m[38;2;77;78;52m▀[m [38;2;77;78;52m▀[m  [38;2;77;78;52;48;2;66;62;38m▀[m[38;2;167;118;72;48;2;104;107;49m▀[m[38;2;167;118;72;48;2;142;111;61m▀[m[38;2;167;118;72;48;2;142;111;61m▀[m[38;2;92;67;42;48;2;66;62;38m▀[m[38;2;109;79;49;48;2;104;107;49m▀[m[38;2;43;59;35;48;2;103;162;45m▀[m[38;2;104;107;49;48;2;104;107;49m▀[m[38;2;144;163;51;48;2;109;79;49m▀[m[38;2;107;80;49;48;2;43;59;35m▀[m
[38;2;34;76;25m▄[m[38;2;124;195;34m▄[m[38;2;112;177;35m▄[m[38;2;78;140;36m▄[m[38;2;57;137;40;48;2;51;111;36m▀[m[38;2;137;205;35;48;2;112;177;35m▀[m[38;2;137;205;35;48;2;137;205;35m▀[m[38;2;130;201;31;48;2;137;205;35m▀[m[38;2;112;177;35;48;2;51;111;36m▀[m[38;2;51;111;36;48;2;51;111;36m▀[m[38;2;94;162;35;48;2;78;140;36m▀[m[38;2;78;140;36;48;2;78;140;36m▀[m[38;2;74;127;32;48;2;78;140;36m▀[m[38;2;35;89;34;48;2;51;111;36m▀[m[38;2;78;140;36;48;2;78;140;36m▀[m[38;2;124;195;34;48;2;112;177;35m▀[m[38;2;124;195;34;48;2;112;177;35m▀[m[38;2;112;177;35;48;2;51;111;36m▀[m[38;2;51;111;36;48;2;24;63;24m▀[m[38;2;40;96;32;48;2;51;111;36m▀[m[38;2;48;153;52;48;2;48;153;52m▀[m[38;2;48;153;52;48;2;48;153;52m▀[m[38;2;48;153;52;48;2;48;153;52m▀[m[38;2;48;153;52;48;2;48;153;52m▀[m[38;2;34;162;66;48;2;48;153;52m▀[m[38;2;24;63;24;48;2;34;76;25m▀[m          [38;2;203;153;96;48;2;167;123;75m▀[m[38;2;203;153;96;48;2;180;145;83m▀[m[38;2;167;123;75;48;2;103;98;47m▀[m[38;2;39;63;35;48;2;50;71;39m▀[m[38;2;48;116;39;48;2;63;117;32m▀[m[38;2;39;63;35;48;2;102;164;39m▀[m[38;2;63;117;32;48;2;134;199;40m▀[m[38;2;103;98;47;48;2;103;98;47m▀[m[38;2;134;199;40;48;2;125;194;40m▀[m[38;2;102;164;39;48;2;102;164;39m▀[m[38;2;40;87;35;48;2;40;87;35m▀[m[38;2;39;63;35;48;2;39;63;35m▀[m[38;2;103;98;47;48;2;40;87;35m▀[m[38;2;103;98;47;48;2;103;98;47m▀[m[38;2;103;98;47;48;2;103;98;47m▀[m[38;2;102;164;39;48;2;100;89;80m▀[m[38;2;102;164;39;48;2;103;98;47m▀[m[38;2;56;134;41;48;2;50;71;39m▀[m[38;2;39;63;35;48;2;39;63;35m▀[m[38;2;48;116;39;48;2;40;87;35m▀[m[38;2;56;134;41;48;2;40;87;35m▀[m[38;2;48;116;39;48;2;40;87;35m▀[m[38;2;39;63;35;48;2;103;98;47m▀[m[38;2;103;98;47;48;2;103;98;47m▀[m[38;2;50;71;39;48;2;50;71;39m▀[m[38;2;40;87;35;48;2;48;116;39m▀[m[38;2;50;71;39;48;2;39;63;35m▀[m[38;2;64;84;53m▄[m           [38;2;66;62;38;48;2;66;62;38m▀[m [38;2;193;168;48;48;2;241;226;15m▀[m[38;2;241;226;15;48;2;241;226;15m▀[m[38;2;131;133;50;48;2;193;168;48m▀[m [38;2;193;168;48;48;2;241;226;15m▀[m[38;2;241;226;15;48;2;241;226;15m▀[m[38;2;193;168;48;48;2;193;168;48m▀[m [38;2;66;62;38;48;2;66;62;38m▀[m[38;2;158;116;69;48;2;167;118;72m▀[m[38;2;142;111;61;48;2;158;116;69m▀[m[38;2;142;111;61;48;2;167;118;72m▀[m[38;2;107;80;49;48;2;92;67;42m▀[m[38;2;144;163;51;48;2;109;79;49m▀[m[38;2;109;79;49;48;2;109;79;49m▀[m[38;2;109;79;49;48;2;109;79;49m▀[m[38;2;109;79;49;48;2;109;79;49m▀[m[38;2;43;59;35;48;2;66;62;38m▀[m
 [38;2;94;162;35m▀[m[38;2;130;201;31;48;2;57;137;40m▀[m[38;2;94;162;35;48;2;94;162;35m▀[m[38;2;78;140;36;48;2;78;140;36m▀[m[38;2;112;177;35;48;2;78;140;36m▀[m[38;2;137;205;35;48;2;112;177;35m▀[m[38;2;74;127;32;48;2;51;111;36m▀[m[38;2;51;111;36;48;2;78;140;36m▀[m[38;2;78;140;36;48;2;78;140;36m▀[m[38;2;78;140;36;48;2;78;140;36m▀[m[38;2;78;140;36;48;2;24;63;24m▀[m[38;2;51;111;36;48;2;50;98;28m▀[m[38;2;51;111;36;48;2;40;96;32m▀[m[38;2;51;111;36;48;2;51;111;36m▀[m[38;2;51;111;36;48;2;35;89;34m▀[m[38;2;51;111;36;48;2;40;86;27m▀[m[38;2;34;76;25;48;2;50;98;28m▀[m[38;2;51;111;36;48;2;51;111;36m▀[m[38;2;51;111;36;48;2;51;111;36m▀[m[38;2;78;140;36;48;2;40;86;27m▀[m[38;2;51;111;36;48;2;51;111;36m▀[m[38;2;48;153;52;48;2;51;111;36m▀[m[38;2;48;153;52;48;2;35;89;34m▀[m[38;2;35;89;34;48;2;24;63;24m▀[m[38;2;24;63;24;48;2;24;63;24m▀[m[38;2;34;76;25;48;2;24;63;24m▀[m[38;2;34;76;25m▄[m       [38;2;102;164;39m▄[m[38;2;50;71;39;48;2;102;164;39m▀[m[38;2;103;98;47;48;2;50;71;39m▀[m[38;2;103;98;47;48;2;63;117;32m▀[m[38;2;63;117;32;48;2;134;199;40m▀[m[38;2;134;199;40;48;2;134;199;40m▀[m[38;2;134;199;40;48;2;134;199;40m▀[m[38;2;125;194;40;48;2;125;194;40m▀[m[38;2;39;63;35;48;2;39;63;35m▀[m[38;2;103;98;47;48;2;56;134;41m▀[m[38;2;40;87;35;48;2;102;164;39m▀[m[38;2;63;117;32;48;2;134;199;40m▀[m[38;2;63;117;32;48;2;125;194;40m▀[m[38;2;50;71;39;48;2;50;71;39m▀[m[38;2;103;98;47;48;2;102;164;39m▀[m[38;2;203;153;96;48;2;180;145;83m▀[m[38;2;203;153;96;48;2;203;153;96m▀[m[38;2;180;145;83;48;2;180;145;83m▀[m[38;2;103;98;47;48;2;39;63;35m▀[m[38;2;56;134;41;48;2;56;134;41m▀[m[38;2;48;116;39;48;2;56;134;41m▀[m[38;2;48;116;39;48;2;56;134;41m▀[m[38;2;48;116;39;48;2;56;134;41m▀[m[38;2;103;98;47;48;2;50;71;39m▀[m[38;2;39;63;35;48;2;39;63;35m▀[m[38;2;40;87;35;48;2;40;87;35m▀[m[38;2;48;116;39;48;2;48;116;39m▀[m[38;2;56;134;41;48;2;40;87;35m▀[m[38;2;56;134;41;48;2;50;71;39m▀[m           [38;2;66;62;38m▀[m [38;2;241;226;15;48;2;131;133;50m▀[m[38;2;241;226;15;48;2;193;168;48m▀[m[38;2;193;168;48;48;2;66;62;38m▀[m [38;2;241;226;15;48;2;131;133;50m▀[m[38;2;241;226;15;48;2;193;168;48m▀[m[38;2;193;168;48;48;2;131;133;50m▀[m [38;2;77;78;52;48;2;77;78;52m▀[m[38;2;167;118;72;48;2;92;67;42m▀[m[38;2;144;163;51;48;2;142;111;61m▀[m[38;2;167;118;72;48;2;158;116;69m▀[m[38;2;107;80;49;48;2;92;67;42m▀[m[38;2;109;79;49;48;2;109;79;49m▀[m[38;2;109;79;49;48;2;92;67;42m▀[m[38;2;109;79;49;48;2;43;59;35m▀[m[38;2;92;67;42;48;2;49;93;40m▀[m[38;2;77;78;52;48;2;43;59;35m▀[m
  [38;2;50;98;28m▄[m[38;2;24;63;24;48;2;214;214;37m▀[m[38;2;78;140;36;48;2;40;96;32m▀[m[38;2;78;140;36;48;2;74;127;32m▀[m[38;2;74;127;32;48;2;78;140;36m▀[m[38;2;78;140;36;48;2;78;140;36m▀[m[38;2;78;140;36;48;2;40;86;27m▀[m[38;2;51;111;36m▀[m[38;2;214;214;37;48;2;209;214;192m▀[m[38;2;214;214;37;48;2;214;214;37m▀[m[38;2;50;98;28;48;2;50;98;28m▀[m[38;2;40;96;32;48;2;40;96;32m▀[m[38;2;51;111;36;48;2;74;127;32m▀[m[38;2;74;127;32;48;2;94;162;35m▀[m[38;2;78;140;36;48;2;94;162;35m▀[m[38;2;112;177;35;48;2;112;177;35m▀[m[38;2;112;177;35;48;2;40;86;27m▀[m[38;2;78;140;36;48;2;40;86;27m▀[m[38;2;40;86;27;48;2;35;89;34m▀[m[38;2;35;89;34;48;2;35;89;34m▀[m[38;2;35;89;34;48;2;51;111;36m▀[m[38;2;40;86;27;48;2;112;177;35m▀[m[38;2;51;111;36;48;2;124;195;34m▀[m[38;2;130;201;31;48;2;78;140;36m▀[m[38;2;137;205;35;48;2;35;89;34m▀[m[38;2;78;140;36;48;2;24;63;24m▀[m       [38;2;102;164;39;48;2;56;134;41m▀[m[38;2;134;199;40;48;2;134;199;40m▀[m[38;2;134;199;40;48;2;134;199;40m▀[m[38;2;102;164;39;48;2;134;199;40m▀[m[38;2;134;199;40;48;2;134;199;40m▀[m[38;2;134;199;40;48;2;134;199;40m▀[m[38;2;125;194;40;48;2;102;164;39m▀[m[38;2;102;164;39;48;2;56;134;41m▀[m[38;2;40;87;35;48;2;48;116;39m▀[m[38;2;125;194;40;48;2;125;194;40m▀[m[38;2;134;199;40;48;2;134;199;40m▀[m[38;2;134;199;40;48;2;102;164;39m▀[m[38;2;56;134;41;48;2;40;87;35m▀[m[38;2;48;116;39;48;2;48;116;39m▀[m[38;2;134;199;40;48;2;56;134;41m▀[m[38;2;102;164;39;48;2;63;117;32m▀[m[38;2;167;123;75;48;2;103;98;47m▀[m[38;2;167;123;75;48;2;103;98;47m▀[m[38;2;39;63;35;48;2;39;63;35m▀[m[38;2;56;134;41;48;2;48;116;39m▀[m[38;2;56;134;41;48;2;39;63;35m▀[m[38;2;48;116;39;48;2;39;63;35m▀[m[38;2;39;63;35;48;2;103;98;47m▀[m[38;2;50;71;39;48;2;50;71;39m▀[m[38;2;40;87;35;48;2;39;63;35m▀[m[38;2;40;87;35;48;2;40;87;35m▀[m[38;2;48;116;39;48;2;56;134;41m▀[m[38;2;56;134;41;48;2;56;134;41m▀[m[38;2;48;116;39;48;2;56;134;41m▀[m[38;2;50;71;39m▄[m[38;2;64;84;53m▄[m         [38;2;77;78;52m▄[m[38;2;103;162;45m▄[m[38;2;43;59;35m▄[m[38;2;49;93;40m▄[m[38;2;103;162;45m▄[m[38;2;103;162;45m▄[m[38;2;49;93;40m▄[m[38;2;49;93;40m▄[m[38;2;43;59;35m▄[m[38;2;92;67;42m▄[m[38;2;66;62;38;48;2;107;80;49m▀[m[38;2;49;93;40;48;2;67;139;46m▀[m[38;2;43;59;35;48;2;103;162;45m▀[m[38;2;43;59;35;48;2;104;107;49m▀[m[38;2;43;59;35;48;2;49;93;40m▀[m[38;2;66;62;38;48;2;43;59;35m▀[m[38;2;43;59;35;48;2;49;93;40m▀[m[38;2;49;93;40;48;2;49;93;40m▀[m[38;2;49;93;40;48;2;49;93;40m▀[m[38;2;49;93;40;48;2;43;59;35m▀[m
  [38;2;50;98;28m▀[m[38;2;209;214;192;48;2;119;155;66m▀[m[38;2;57;137;40;48;2;34;76;25m▀[m[38;2;34;76;25;48;2;50;98;28m▀[m[38;2;51;111;36;48;2;34;76;25m▀[m[38;2;40;86;27;48;2;34;76;25m▀[m[38;2;34;76;25;48;2;51;111;36m▀[m[38;2;50;98;28;48;2;40;86;27m▀[m[38;2;214;214;37;48;2;34;76;25m▀[m[38;2;214;214;37m▀[m[38;2;50;98;28;48;2;40;86;27m▀[m[38;2;40;96;32;48;2;51;111;36m▀[m[38;2;78;140;36;48;2;51;111;36m▀[m[38;2;94;162;35;48;2;40;96;32m▀[m[38;2;94;162;35;48;2;24;63;24m▀[m[38;2;35;89;34;48;2;24;63;24m▀[m[38;2;24;63;24;48;2;35;89;34m▀[m[38;2;35;89;34;48;2;35;89;34m▀[m[38;2;35;89;34;48;2;35;89;34m▀[m[38;2;40;86;27;48;2;94;162;35m▀[m[38;2;94;162;35;48;2;137;205;35m▀[m[38;2;137;205;35;48;2;112;177;35m▀[m[38;2;94;162;35;48;2;51;111;36m▀[m[38;2;35;89;34;48;2;35;89;34m▀[m[38;2;35;89;34;48;2;35;89;34m▀[m[38;2;24;63;24;48;2;24;63;24m▀[m[38;2;40;96;32m▄[m[38;2;78;140;36m▄[m     [38;2;64;84;53m▀[m[38;2;137;143;39m▀[m[38;2;50;71;39m▀[m[38;2;102;164;39;48;2;64;84;53m▀[m[38;2;134;199;40;48;2;63;117;32m▀[m[38;2;125;194;40;48;2;50;71;39m▀[m[38;2;63;117;32m▀[m[38;2;50;71;39m▀[m[38;2;64;84;53m▀[m[38;2;56;134;41;48;2;48;116;39m▀[m[38;2;56;134;41;48;2;56;134;41m▀[m[38;2;48;116;39;48;2;48;116;39m▀[m[38;2;40;87;35;48;2;40;87;35m▀[m[38;2;48;116;39;48;2;48;116;39m▀[m[38;2;48;116;39;48;2;102;164;39m▀[m[38;2;40;87;35;48;2;103;98;47m▀[m[38;2;50;71;39;48;2;50;71;39m▀[m[38;2;39;63;35;48;2;40;87;35m▀[m[38;2;39;63;35;48;2;40;87;35m▀[m[38;2;39;63;35;48;2;50;71;39m▀[m[38;2;103;98;47;48;2;103;98;47m▀[m[38;2;103;98;47;48;2;167;123;75m▀[m[38;2;167;123;75;48;2;167;123;75m▀[m[38;2;148;114;64;48;2;148;114;64m▀[m[38;2;103;98;47;48;2;103;98;47m▀[m[38;2;39;63;35;48;2;50;71;39m▀[m[38;2;40;87;35;48;2;40;87;35m▀[m[38;2;40;87;35;48;2;40;87;35m▀[m[38;2;48;116;39;48;2;40;87;35m▀[m[38;2;56;134;41;48;2;40;87;35m▀[m[38;2;50;71;39;48;2;50;71;39m▀[m        [38;2;66;62;38;48;2;135;197;44m▀[m[38;2;107;80;49;48;2;135;197;44m▀[m[38;2;92;67;42;48;2;103;162;45m▀[m[38;2;107;80;49;48;2;104;107;49m▀[m[38;2;167;118;72;48;2;142;111;61m▀[m[38;2;49;93;40;48;2;167;118;72m▀[m[38;2;49;93;40;48;2;144;163;51m▀[m[38;2;43;59;35;48;2;92;67;42m▀[m[38;2;92;67;42;48;2;109;79;49m▀[m[38;2;142;111;61;48;2;109;79;49m▀[m[38;2;109;79;49;48;2;109;79;49m▀[m[38;2;107;80;49;48;2;43;59;35m▀[m[38;2;43;59;35;48;2;135;197;44m▀[m[38;2;104;107;49;48;2;135;197;44m▀[m[38;2;92;67;42;48;2;144;163;51m▀[m[38;2;158;116;69;48;2;158;116;69m▀[m[38;2;92;67;42;48;2;43;59;35m▀[m[38;2;49;93;40;48;2;49;93;40m▀[m[38;2;67;139;46;48;2;67;139;46m▀[m[38;2;104;107;49;48;2;104;107;49m▀[m[38;2;43;59;35;48;2;92;67;42m▀[m
   [38;2;24;63;24m▀[m[38;2;209;214;192;48;2;117;156;83m▀[m[38;2;117;156;83;48;2;209;214;192m▀[m[38;2;78;140;36;48;2;119;155;66m▀[m[38;2;78;140;36;48;2;34;76;25m▀[m[38;2;209;214;192;48;2;209;214;192m▀[m[38;2;117;156;83;48;2;209;214;192m▀[m[38;2;117;156;83;48;2;50;98;28m▀[m[38;2;117;156;83;48;2;117;156;83m▀[m[38;2;78;140;36;48;2;51;111;36m▀[m[38;2;74;127;32;48;2;40;86;27m▀[m[38;2;40;86;27;48;2;24;63;24m▀[m[38;2;24;63;24;48;2;51;111;36m▀[m[38;2;24;63;24;48;2;51;111;36m▀[m[38;2;24;63;24;48;2;137;205;35m▀[m[38;2;40;86;27;48;2;112;177;35m▀[m[38;2;35;89;34;48;2;40;86;27m▀[m[38;2;35;89;34;48;2;35;89;34m▀[m[38;2;78;140;36;48;2;74;127;32m▀[m[38;2;137;205;35;48;2;130;201;31m▀[m[38;2;78;140;36;48;2;78;140;36m▀[m[38;2;35;89;34;48;2;35;89;34m▀[m[38;2;35;89;34;48;2;35;89;34m▀[m[38;2;35;89;34;48;2;24;63;24m▀[m[38;2;40;86;27;48;2;78;140;36m▀[m[38;2;112;177;35;48;2;112;177;35m▀[m[38;2;78;140;36;48;2;78;140;36m▀[m[38;2;50;98;28m▄[m     [38;2;50;71;39;48;2;50;71;39m▀[m[38;2;195;201;34;48;2;195;201;34m▀[m[38;2;50;71;39;48;2;50;71;39m▀[m [38;2;64;84;53;48;2;64;84;53m▀[m[38;2;195;201;34;48;2;195;201;34m▀[m[38;2;195;201;34;48;2;195;201;34m▀[m [38;2;40;87;35;48;2;40;87;35m▀[m[38;2;48;116;39;48;2;50;71;39m▀[m[38;2;39;63;35;48;2;50;71;39m▀[m[38;2;50;71;39;48;2;134;199;40m▀[m[38;2;39;63;35;48;2;134;199;40m▀[m[38;2;103;98;47;48;2;102;164;39m▀[m[38;2;103;98;47;48;2;103;98;47m▀[m[38;2;39;63;35;48;2;50;71;39m▀[m[38;2;40;87;35;48;2;39;63;35m▀[m[38;2;48;116;39;48;2;50;71;39m▀[m[38;2;50;71;39m▀[m[38;2;102;164;39;48;2;103;98;47m▀[m[38;2;167;123;75;48;2;148;114;64m▀[m[38;2;167;123;75;48;2;148;114;64m▀[m[38;2;148;114;64;48;2;103;98;47m▀[m[38;2;103;98;47;48;2;103;98;47m▀[m[38;2;50;71;39m▀[m[38;2;103;98;47;48;2;39;63;35m▀[m[38;2;48;116;39;48;2;39;63;35m▀[m[38;2;48;116;39;48;2;39;63;35m▀[m[38;2;64;84;53m▀[m        [38;2;66;62;38;48;2;66;62;38m▀[m[38;2;135;197;44;48;2;103;162;45m▀[m[38;2;135;197;44;48;2;104;107;49m▀[m[38;2;103;162;45;48;2;109;79;49m▀[m[38;2;92;67;42;48;2;104;107;49m▀[m[38;2;142;111;61;48;2;142;111;61m▀[m[38;2;167;118;72;48;2;158;116;69m▀[m[38;2;167;118;72;48;2;167;118;72m▀[m[38;2;107;80;49;48;2;92;67;42m▀[m[38;2;109;79;49;48;2;109;79;49m▀[m[38;2;109;79;49;48;2;109;79;49m▀[m[38;2;109;79;49;48;2;109;79;49m▀[m[38;2;67;139;46;48;2;66;62;38m▀[m[38;2;135;197;44;48;2;104;107;49m▀[m[38;2;135;197;44;48;2;49;93;40m▀[m[38;2;103;162;45;48;2;67;139;46m▀[m[38;2;67;139;46;48;2;103;162;45m▀[m[38;2;43;59;35;48;2;135;197;44m▀[m[38;2;43;59;35;48;2;49;93;40m▀[m[38;2;49;93;40;48;2;103;162;45m▀[m[38;2;49;93;40;48;2;43;59;35m▀[m[38;2;67;139;46;48;2;109;79;49m▀[m[38;2;77;78;52;48;2;66;62;38m▀[m
  [38;2;57;137;40m▄[m[38;2;34;76;25;48;2;112;177;35m▀[m[38;2;40;96;32;48;2;78;140;36m▀[m[38;2;119;155;66;48;2;35;89;34m▀[m[38;2;40;86;27;48;2;40;86;27m▀[m[38;2;51;111;36;48;2;24;63;24m▀[m[38;2;117;156;83;48;2;40;86;27m▀[m[38;2;119;155;66;48;2;40;86;27m▀[m[38;2;35;89;34m▄[m[38;2;40;86;27;48;2;51;111;36m▀[m[38;2;35;89;34;48;2;51;111;36m▀[m[38;2;24;63;24;48;2;40;86;27m▀[m[38;2;78;140;36;48;2;112;177;35m▀[m[38;2;94;162;35;48;2;94;162;35m▀[m[38;2;74;127;32;48;2;78;140;36m▀[m[38;2;137;205;35;48;2;112;177;35m▀[m[38;2;130;201;31;48;2;130;201;31m▀[m[38;2;35;89;34;48;2;74;127;32m▀[m[38;2;40;86;27;48;2;24;63;24m▀[m[38;2;40;86;27;48;2;35;89;34m▀[m[38;2;40;86;27;48;2;35;89;34m▀[m[38;2;40;86;27;48;2;35;89;34m▀[m[38;2;40;86;27;48;2;35;89;34m▀[m[38;2;24;63;24;48;2;24;63;24m▀[m[38;2;24;63;24;48;2;78;140;36m▀[m[38;2;78;140;36;48;2;78;140;36m▀[m[38;2;78;140;36;48;2;78;140;36m▀[m[38;2;51;111;36;48;2;51;111;36m▀[m[38;2;35;89;34;48;2;35;89;34m▀[m[38;2;34;76;25;48;2;34;76;25m▀[m   [38;2;64;84;53;48;2;100;89;80m▀[m[38;2;64;84;53;48;2;100;89;80m▀[m[38;2;50;71;39;48;2;48;116;39m▀[m[38;2;63;117;32;48;2;39;63;35m▀[m[38;2;48;116;39;48;2;56;134;41m▀[m[38;2;39;63;35;48;2;56;134;41m▀[m[38;2;133;151;34;48;2;48;116;39m▀[m[38;2;63;117;32;48;2;40;87;35m▀[m[38;2;64;84;53;48;2;40;87;35m▀[m[38;2;40;87;35;48;2;64;84;53m▀[m[38;2;39;63;35;48;2;50;71;39m▀[m[38;2;134;199;40;48;2;102;164;39m▀[m[38;2;134;199;40;48;2;102;164;39m▀[m[38;2;134;199;40;48;2;102;164;39m▀[m[38;2;102;164;39;48;2;56;134;41m▀[m[38;2;40;87;35;48;2;39;63;35m▀[m[38;2;64;84;53m▀[m  [38;2;64;84;53m▄[m[38;2;50;71;39;48;2;131;132;135m▀[m[38;2;50;71;39;48;2;131;132;135m▀[m[38;2;50;71;39;48;2;146;145;148m▀[m[38;2;50;71;39;48;2;95;97;105m▀[m[38;2;50;71;39;48;2;40;87;35m▀[m[38;2;64;84;53;48;2;64;84;53m▀[m[38;2;95;97;105;48;2;39;63;35m▀[m[38;2;95;97;105;48;2;39;63;35m▀[m[38;2;95;97;105;48;2;39;63;35m▀[m[38;2;64;84;53m▀[m        [38;2;77;78;52;48;2;77;78;52m▀[m[38;2;104;107;49;48;2;167;118;72m▀[m[38;2;167;118;72;48;2;167;118;72m▀[m[38;2;144;163;51;48;2;158;116;69m▀[m[38;2;104;107;49;48;2;109;79;49m▀[m[38;2;43;59;35;48;2;43;59;35m▀[m[38;2;167;118;72;48;2;77;78;52m▀[m[38;2;167;118;72;48;2;167;118;72m▀[m[38;2;43;59;35;48;2;43;59;35m▀[m[38;2;109;79;49;48;2;43;59;35m▀[m[38;2;43;59;35;48;2;43;59;35m▀[m[38;2;43;59;35;48;2;43;59;35m▀[m[38;2;107;80;49;48;2;158;116;69m▀[m[38;2;167;118;72;48;2;167;118;72m▀[m[38;2;109;79;49;48;2;158;116;69m▀[m[38;2;109;79;49;48;2;142;111;61m▀[m[38;2;103;162;45;48;2;109;79;49m▀[m[38;2;103;162;45;48;2;66;62;38m▀[m[38;2;49;93;40;48;2;77;78;52m▀[m[38;2;104;107;49;48;2;43;59;35m▀[m[38;2;43;59;35;48;2;104;107;49m▀[m[38;2;104;107;49;48;2;109;79;49m▀[m[38;2;66;62;38;48;2;107;80;49m▀[m
 [38;2;34;76;25m▄[m[38;2;57;137;40;48;2;94;162;35m▀[m[38;2;78;140;36;48;2;74;127;32m▀[m[38;2;78;140;36;48;2;78;140;36m▀[m[38;2;51;111;36;48;2;78;140;36m▀[m[38;2;35;89;34;48;2;51;111;36m▀[m[38;2;40;86;27;48;2;51;111;36m▀[m[38;2;40;86;27m▀[m[38;2;35;89;34m▀[m[38;2;51;111;36m▀[m[38;2;51;111;36m▀[m[38;2;51;111;36m▀[m[38;2;40;86;27;48;2;34;76;25m▀[m[38;2;94;162;35;48;2;78;140;36m▀[m[38;2;78;140;36;48;2;94;162;35m▀[m[38;2;78;140;36;48;2;78;140;36m▀[m[38;2;35;89;34;48;2;40;86;27m▀[m[38;2;130;201;31;48;2;112;177;35m▀[m[38;2;94;162;35;48;2;94;162;35m▀[m[38;2;24;63;24;48;2;24;63;24m▀[m[38;2;35;89;34;48;2;35;89;34m▀[m[38;2;35;89;34;48;2;35;89;34m▀[m[38;2;35;89;34;48;2;34;76;25m▀[m[38;2;40;86;27m▀[m[38;2;24;63;24;48;2;119;155;66m▀[m[38;2;74;127;32;48;2;130;201;31m▀[m[38;2;78;140;36;48;2;78;140;36m▀[m[38;2;78;140;36;48;2;94;162;35m▀[m[38;2;51;111;36;48;2;112;177;35m▀[m[38;2;51;111;36;48;2;74;127;32m▀[m[38;2;34;76;25;48;2;34;76;25m▀[m  [38;2;100;89;80;48;2;64;84;53m▀[m[38;2;146;145;148;48;2;50;71;39m▀[m[38;2;146;145;148;48;2;50;71;39m▀[m[38;2;95;97;105;48;2;50;71;39m▀[m[38;2;39;63;35;48;2;64;84;53m▀[m[38;2;64;84;53m▀[m[38;2;64;84;53m▀[m[38;2;64;84;53m▀[m[38;2;64;84;53m▀[m  [38;2;50;71;39;48;2;146;145;148m▀[m[38;2;95;97;105;48;2;131;132;135m▀[m[38;2;100;89;80;48;2;146;145;148m▀[m[38;2;95;97;105;48;2;146;145;148m▀[m[38;2;100;89;80;48;2;95;97;105m▀[m[38;2;39;63;35;48;2;95;97;105m▀[m   [38;2;50;71;39m▀[m[38;2;146;145;148m▀[m[38;2;95;97;105m▀[m[38;2;146;145;148m▀[m[38;2;95;97;105m▀[m[38;2;95;97;105m▀[m             [38;2;66;62;38;48;2;91;109;76m▀[m[38;2;144;163;51;48;2;104;107;49m▀[m[38;2;144;163;51;48;2;104;107;49m▀[m[38;2;109;79;49;48;2;104;107;49m▀[m[38;2;109;79;49;48;2;109;79;49m▀[m[38;2;66;62;38m▀[m[38;2;77;78;52m▄[m[38;2;43;59;35;48;2;49;93;40m▀[m[38;2;43;59;35;48;2;43;59;35m▀[m[38;2;43;59;35;48;2;49;93;40m▀[m[38;2;43;59;35m▀[m[38;2;43;59;35;48;2;66;62;38m▀[m[38;2;135;197;44;48;2;104;107;49m▀[m[38;2;167;118;72;48;2;104;107;49m▀[m[38;2;158;116;69;48;2;103;162;45m▀[m[38;2;109;79;49;48;2;109;79;49m▀[m[38;2;92;67;42;48;2;66;62;38m▀[m [38;2;77;78;52;48;2;66;62;38m▀[m[38;2;43;59;35;48;2;109;79;49m▀[m[38;2;49;93;40;48;2;149;147;149m▀[m[38;2;49;93;40;48;2;109;79;49m▀[m[38;2;66;62;38;48;2;43;59;35m▀[m
 [38;2;94;162;35;48;2;50;98;28m▀[m[38;2;137;205;35;48;2;50;98;28m▀[m[38;2;50;98;28m▀[m[38;2;94;162;35;48;2;50;98;28m▀[m[38;2;112;177;35;48;2;50;98;28m▀[m[38;2;78;140;36;48;2;50;98;28m▀[m[38;2;78;140;36;48;2;50;98;28m▀[m     [38;2;137;205;35;48;2;50;98;28m▀[m[38;2;40;96;32;48;2;50;98;28m▀[m[38;2;137;205;35;48;2;50;98;28m▀[m[38;2;78;140;36;48;2;50;98;28m▀[m[38;2;40;86;27;48;2;50;98;28m▀[m[38;2;94;162;35;48;2;50;98;28m▀[m[38;2;78;140;36;48;2;50;98;28m▀[m[38;2;34;76;25m▀[m    [38;2;119;155;66m▀[m[38;2;130;201;31m▀[m[38;2;57;137;40m▀[m[38;2;57;137;40m▀[m[38;2;112;177;35m▀[m[38;2;78;140;36m▀[m[38;2;34;76;25m▀[m             [38;2;50;71;39m▀[m[38;2;50;71;39m▀[m[38;2;100;89;80m▀[m[38;2;50;71;39m▀[m[38;2;50;71;39m▀[m[38;2;50;71;39m▀[m                     [38;2;77;78;52m▀[m[38;2;149;147;149;48;2;66;62;38m▀[m[38;2;149;147;149;48;2;77;78;52m▀[m[38;2;149;147;149;48;2;77;78;52m▀[m[38;2;91;109;76;48;2;77;78;52m▀[m[38;2;142;111;61;48;2;77;78;52m▀[m  [38;2;77;78;52m▀[m[38;2;77;78;52m▀[m[38;2;77;78;52m▀[m [38;2;149;147;149;48;2;91;109;76m▀[m[38;2;149;147;149;48;2;107;80;49m▀[m[38;2;149;147;149;48;2;91;109;76m▀[m[38;2;109;79;49;48;2;66;62;38m▀[m[38;2;109;79;49;48;2;107;80;49m▀[m[38;2;92;67;42;48;2;66;62;38m▀[m  [38;2;77;78;52m▀[m[38;2;77;78;52m▀[m[38;2;77;78;52m▀[m

[1mthornpatch[m                        [1mbriarwall[m                         [1mfortiforest[m
                                               [38;2;72;77;47m▄[m[38;2;72;77;47m▄[m[38;2;57;60;41m▄[m[38;2;108;116;43m▄[m[38;2;72;77;47;48;2;141;146;53m▀[m[38;2;81;88;37m▄[m[38;2;57;60;41m▄[m[38;2;57;60;41m▄[m                         [38;2;58;110;68m▄[m[38;2;58;110;68;48;2;107;166;44m▀[m[38;2;60;115;61;48;2;137;199;41m▀[m[38;2;60;115;61;48;2;137;199;41m▀[m[38;2;60;115;61;48;2;137;199;41m▀[m[38;2;60;115;61;48;2;137;199;41m▀[m[38;2;45;84;71;48;2;107;166;44m▀[m[38;2;45;84;71m▄[m
         [38;2;56;56;42m▄[m[38;2;99;99;46m▄[m[38;2;138;147;58m▄[m[38;2;72;74;42;48;2;166;167;62m▀[m[38;2;72;74;42;48;2;166;167;62m▀[m[38;2;72;74;42;48;2;166;167;62m▀[m[38;2;72;74;42;48;2;138;147;58m▀[m[38;2;72;74;42;48;2;121;134;55m▀[m[38;2;99;99;46m▄[m[38;2;56;56;42m▄[m[38;2;56;56;42m▄[m                        [38;2;57;60;41m▄[m[38;2;72;77;47;48;2;157;160;57m▀[m[38;2;141;146;53;48;2;157;160;57m▀[m[38;2;157;160;57;48;2;158;156;92m▀[m[38;2;158;156;92;48;2;158;156;92m▀[m[38;2;157;160;57;48;2;157;160;57m▀[m[38;2;141;146;53;48;2;141;146;53m▀[m[38;2;141;146;53;48;2;122;133;45m▀[m[38;2;108;116;43;48;2;108;116;43m▀[m[38;2;108;116;43;48;2;141;146;53m▀[m[38;2;122;133;45;48;2;108;116;43m▀[m[38;2;91;101;41;48;2;108;116;43m▀[m[38;2;72;77;47;48;2;91;101;41m▀[m[38;2;57;60;41m▄[m[38;2;72;77;47m▄[m                    [38;2;58;110;68;48;2;115;178;41m▀[m[38;2;107;166;44;48;2;137;199;41m▀[m[38;2;137;199;41;48;2;137;199;41m▀[m[38;2;137;199;41;48;2;137;199;41m▀[m[38;2;137;199;41;48;2;115;178;41m▀[m[38;2;137;199;41;48;2;115;178;41m▀[m[38;2;137;199;41;48;2;115;178;41m▀[m[38;2;115;178;41;48;2;79;144;45m▀[m[38;2;115;178;41;48;2;79;144;45m▀[m[38;2;58;110;68;48;2;60;132;43m▀[m
     [38;2;72;74;42m▄[m[38;2;166;167;62m▄[m[38;2;88;88;47;48;2;166;167;62m▀[m[38;2;138;147;58;48;2;166;167;62m▀[m[38;2;166;167;62;48;2;166;167;62m▀[m[38;2;166;167;62;48;2;138;147;58m▀[m[38;2;166;167;62;48;2;138;147;58m▀[m[38;2;166;167;62;48;2;166;167;62m▀[m[38;2;166;167;62;48;2;166;167;62m▀[m[38;2;138;147;58;48;2;138;147;58m▀[m[38;2;138;147;58;48;2;138;147;58m▀[m[38;2;138;147;58;48;2;138;147;58m▀[m[38;2;138;147;58;48;2;108;117;50m▀[m[38;2;108;117;50;48;2;108;117;50m▀[m[38;2;108;117;50;48;2;108;117;50m▀[m[38;2;99;99;46;48;2;108;117;50m▀[m[38;2;72;74;42;48;2;77;80;46m▀[m[38;2;56;56;42m▄[m                  [38;2;72;77;47m▄[m[38;2;81;88;37;48;2;157;160;57m▀[m[38;2;141;146;53;48;2;122;133;45m▀[m[38;2;157;160;57;48;2;141;146;53m▀[m[38;2;141;146;53;48;2;141;146;53m▀[m[38;2;141;146;53;48;2;157;160;57m▀[m[38;2;122;133;45;48;2;157;160;57m▀[m[38;2;122;133;45;48;2;141;146;53m▀[m[38;2;122;133;45;48;2;108;116;43m▀[m[38;2;108;116;43;48;2;91;101;41m▀[m[38;2;108;116;43;48;2;77;82;44m▀[m[38;2;108;116;43;48;2;91;101;41m▀[m[38;2;91;101;41;48;2;91;101;41m▀[m[38;2;91;101;41;48;2;108;116;43m▀[m[38;2;91;101;41;48;2;108;116;43m▀[m[38;2;91;101;41;48;2;91;101;41m▀[m[38;2;77;82;44;48;2;91;101;41m▀[m[38;2;61;71;36;48;2;61;71;36m▀[m[38;2;61;71;36m▄[m[38;2;72;77;47m▄[m               [38;2;58;110;68m▄[m[38;2;60;132;43m▄[m[38;2;60;132;43;48;2;137;199;41m▀[m[38;2;137;199;41;48;2;137;199;41m▀[m[38;2;115;178;41;48;2;137;199;41m▀[m[38;2;107;166;44;48;2;115;178;41m▀[m[38;2;79;144;45;48;2;79;144;45m▀[m[38;2;79;144;45;48;2;55;112;49m▀[m[38;2;79;144;45;48;2;58;73;77m▀[m[38;2;79;144;45;48;2;48;88;50m▀[m[38;2;79;144;45;48;2;48;88;50m▀[m[38;2;60;132;43;48;2;48;88;50m▀[m[38;2;60;132;43;48;2;60;132;43m▀[m[38;2;45;84;71;48;2;60;132;43m▀[m[38;2;45;84;71m▄[m
   [38;2;56;56;42m▄[m[38;2;72;74;42;48;2;166;167;62m▀[m[38;2;166;167;62;48;2;138;147;58m▀[m[38;2;138;147;58;48;2;138;147;58m▀[m[38;2;138;147;58;48;2;166;167;62m▀[m[38;2;166;167;62;48;2;138;147;58m▀[m[38;2;138;147;58;48;2;121;134;55m▀[m[38;2;138;147;58;48;2;121;134;55m▀[m[38;2;166;167;62;48;2;121;134;55m▀[m[38;2;121;134;55;48;2;138;147;58m▀[m[38;2;121;134;55;48;2;108;117;50m▀[m[38;2;138;147;58;48;2;108;117;50m▀[m[38;2;121;134;55;48;2;121;134;55m▀[m[38;2;138;147;58;48;2;108;117;50m▀[m[38;2;121;134;55;48;2;91;99;45m▀[m[38;2;108;117;50;48;2;138;147;58m▀[m[38;2;108;117;50;48;2;108;117;50m▀[m[38;2;138;147;58;48;2;108;117;50m▀[m[38;2;108;117;50;48;2;108;117;50m▀[m[38;2;54;54;42;48;2;77;80;46m▀[m[38;2;99;99;46;48;2;77;80;46m▀[m[38;2;48;49;31m▄[m               [38;2;106;107;58;48;2;81;88;37m▀[m[38;2;141;146;53;48;2;81;88;37m▀[m[38;2;108;116;43;48;2;108;116;43m▀[m[38;2;91;101;41;48;2;91;101;41m▀[m[38;2;108;116;43;48;2;108;116;43m▀[m[38;2;141;146;53;48;2;81;88;37m▀[m[38;2;108;116;43;48;2;77;82;44m▀[m[38;2;122;133;45;48;2;91;101;41m▀[m[38;2;108;116;43;48;2;81;88;37m▀[m[38;2;77;82;44;48;2;108;116;43m▀[m[38;2;61;71;36;48;2;141;146;53m▀[m[38;2;91;101;41;48;2;141;146;53m▀[m[38;2;77;82;44;48;2;108;116;43m▀[m[38;2;47;52;27;48;2;81;88;37m▀[m[38;2;77;82;44;48;2;51;52;39m▀[m[38;2;77;82;44;48;2;51;52;39m▀[m[38;2;91;101;41;48;2;57;58;44m▀[m[38;2;91;101;41;48;2;77;82;44m▀[m[38;2;91;101;41;48;2;61;71;36m▀[m[38;2;77;82;44;48;2;77;82;44m▀[m[38;2;51;52;39;48;2;77;82;44m▀[m[38;2;51;52;39m▄[m             [38;2;58;110;68;48;2;107;166;44m▀[m[38;2;107;166;44;48;2;137;199;41m▀[m[38;2;137;199;41;48;2;115;178;41m▀[m[38;2;137;199;41;48;2;137;199;41m▀[m[38;2;137;199;41;48;2;137;199;41m▀[m[38;2;137;199;41;48;2;137;199;41m▀[m[38;2;137;199;41;48;2;115;178;41m▀[m[38;2;115;178;41;48;2;79;144;45m▀[m[38;2;79;144;45;48;2;79;144;45m▀[m[38;2;55;112;49;48;2;137;199;41m▀[m[38;2;115;178;41;48;2;115;178;41m▀[m[38;2;137;199;41;48;2;95;101;50m▀[m[38;2;79;144;45;48;2;89;96;96m▀[m[38;2;79;144;45;48;2;89;96;96m▀[m[38;2;79;144;45;48;2;89;96;96m▀[m[38;2;60;132;43;48;2;55;112;49m▀[m[38;2;60;115;61;48;2;55;112;49m▀[m[38;2;45;84;71m▄[m
  [38;2;138;147;58m▄[m[38;2;138;147;58;48;2;138;147;58m▀[m[38;2;138;147;58;48;2;108;117;50m▀[m[38;2;138;147;58;48;2;77;80;46m▀[m[38;2;108;117;50;48;2;57;56;50m▀[m[38;2;108;117;50;48;2;56;56;42m▀[m[38;2;108;117;50;48;2;56;56;42m▀[m[38;2;91;99;45;48;2;56;56;42m▀[m[38;2;91;99;45;48;2;99;99;46m▀[m[38;2;138;147;58;48;2;166;167;62m▀[m[38;2;121;134;55;48;2;108;117;50m▀[m[38;2;91;99;45;48;2;69;62;48m▀[m[38;2;77;80;46;48;2;77;80;46m▀[m[38;2;108;117;50;48;2;77;80;46m▀[m[38;2;138;147;58;48;2;121;134;55m▀[m[38;2;108;117;50;48;2;108;117;50m▀[m[38;2;108;117;50;48;2;121;134;55m▀[m[38;2;108;117;50;48;2;91;99;45m▀[m[38;2;121;134;55;48;2;121;134;55m▀[m[38;2;108;117;50;48;2;121;134;55m▀[m[38;2;108;117;50;48;2;108;117;50m▀[m[38;2;54;54;42;48;2;54;54;42m▀[m[38;2;138;147;58;48;2;69;62;48m▀[m[38;2;56;56;42;48;2;91;99;45m▀[m             [38;2;72;77;47;48;2;158;156;92m▀[m[38;2;108;116;43;48;2;141;146;53m▀[m[38;2;216;201;112;48;2;157;160;57m▀[m[38;2;216;201;112;48;2;157;160;57m▀[m[38;2;158;156;92;48;2;157;160;57m▀[m[38;2;158;156;92;48;2;141;146;53m▀[m[38;2;158;156;92;48;2;158;156;92m▀[m[38;2;141;146;53;48;2;122;133;45m▀[m[38;2;81;88;37;48;2;91;101;41m▀[m[38;2;61;71;36;48;2;57;58;44m▀[m[38;2;141;146;53;48;2;91;101;41m▀[m[38;2;141;146;53;48;2;77;82;44m▀[m[38;2;158;156;92;48;2;141;146;53m▀[m[38;2;108;116;43;48;2;77;82;44m▀[m[38;2;61;71;36;48;2;81;88;37m▀[m[38;2;85;83;74;48;2;85;83;74m▀[m[38;2;110;106;89;48;2;158;156;92m▀[m[38;2;85;83;74;48;2;110;106;89m▀[m[38;2;47;52;27;48;2;85;83;74m▀[m[38;2;57;58;44;48;2;51;52;39m▀[m[38;2;61;71;36;48;2;51;52;39m▀[m[38;2;77;82;44;48;2;77;82;44m▀[m[38;2;61;71;36;48;2;77;82;44m▀[m[38;2;72;77;47;48;2;57;60;41m▀[m           [38;2;134;122;82m▄[m[38;2;107;166;44;48;2;89;96;96m▀[m[38;2;107;166;44;48;2;58;73;77m▀[m[38;2;55;112;49;48;2;58;73;77m▀[m[38;2;115;178;41;48;2;89;96;96m▀[m[38;2;115;178;41;48;2;55;112;49m▀[m[38;2;79;144;45;48;2;58;73;77m▀[m[38;2;55;112;49;48;2;58;73;77m▀[m[38;2;48;88;50;48;2;58;73;77m▀[m[38;2;79;144;45;48;2;58;73;77m▀[m[38;2;137;199;41;48;2;115;178;41m▀[m[38;2;107;166;44;48;2;55;112;49m▀[m[38;2;143;144;144;48;2;143;144;144m▀[m[38;2;89;96;96;48;2;58;73;77m▀[m[38;2;95;101;50;48;2;216;200;25m▀[m[38;2;95;101;50;48;2;216;200;25m▀[m[38;2;46;59;55;48;2;46;59;55m▀[m[38;2;55;112;49;48;2;55;112;49m▀[m[38;2;48;88;50;48;2;55;112;49m▀[m[38;2;45;84;71m▄[m
  [38;2;138;147;58;48;2;99;99;46m▀[m[38;2;57;56;50;48;2;103;98;88m▀[m[38;2;48;49;31;48;2;155;150;137m▀[m[38;2;103;98;88;48;2;155;150;137m▀[m[38;2;135;126;107;48;2;109;104;87m▀[m[38;2;159;156;84;48;2;159;156;84m▀[m[38;2;109;104;87;48;2;109;104;87m▀[m[38;2;135;126;107;48;2;103;98;88m▀[m[38;2;77;80;46;48;2;109;104;87m▀[m[38;2;108;117;50;48;2;91;99;45m▀[m[38;2;48;49;31;48;2;69;62;48m▀[m[38;2;103;98;88;48;2;57;56;50m▀[m[38;2;109;104;87;48;2;109;104;87m▀[m[38;2;77;80;46;48;2;109;104;87m▀[m[38;2;77;80;46;48;2;69;62;48m▀[m[38;2;138;147;58;48;2;108;117;50m▀[m[38;2;121;134;55;48;2;108;117;50m▀[m[38;2;48;49;31;48;2;77;80;46m▀[m[38;2;91;99;45;48;2;56;56;42m▀[m[38;2;108;117;50;48;2;77;80;46m▀[m[38;2;91;99;45;48;2;108;117;50m▀[m[38;2;54;54;42;48;2;48;49;31m▀[m[38;2;77;80;46;48;2;77;80;46m▀[m[38;2;91;99;45;48;2;77;80;46m▀[m[38;2;57;56;50;48;2;77;80;46m▀[m[38;2;99;99;46;48;2;56;56;42m▀[m         [38;2;72;77;47m▄[m[38;2;158;156;92;48;2;134;127;109m▀[m[38;2;158;156;92;48;2;57;60;41m▀[m[38;2;81;88;37;48;2;51;52;39m▀[m[38;2;51;52;39;48;2;77;82;44m▀[m[38;2;57;60;41;48;2;77;82;44m▀[m[38;2;81;88;37;48;2;77;82;44m▀[m[38;2;51;52;39;48;2;57;58;44m▀[m[38;2;91;101;41;48;2;51;52;39m▀[m[38;2;110;106;89;48;2;57;58;44m▀[m[38;2;110;106;89;48;2;149;143;132m▀[m[38;2;110;106;89;48;2;85;83;74m▀[m[38;2;57;58;44;48;2;77;82;44m▀[m[38;2;47;52;27;48;2;57;58;44m▀[m[38;2;91;101;41;48;2;91;101;41m▀[m[38;2;77;82;44;48;2;61;71;36m▀[m[38;2;47;52;27;48;2;61;71;36m▀[m[38;2;72;77;47;48;2;47;52;27m▀[m[38;2;110;106;89;48;2;57;60;41m▀[m[38;2;158;156;92;48;2;149;143;132m▀[m[38;2;110;106;89;48;2;158;156;92m▀[m[38;2;51;52;39;48;2;85;83;74m▀[m[38;2;57;58;44;48;2;57;58;44m▀[m[38;2;47;52;27;48;2;57;58;44m▀[m[38;2;77;82;44;48;2;51;52;39m▀[m[38;2;51;52;39;48;2;77;82;44m▀[m           [38;2;143;144;144;48;2;143;144;144m▀[m[38;2;58;110;68m▀[m[38;2;95;101;50m▄[m[38;2;216;200;25m▄[m[38;2;58;110;68m▀[m[38;2;46;59;55m▀[m[38;2;125;175;48m▄[m[38;2;216;200;25m▄[m[38;2;58;110;68m▄[m[38;2;45;84;71;48;2;45;84;71m▀[m[38;2;115;178;41;48;2;115;178;41m▀[m[38;2;55;112;49;48;2;48;88;50m▀[m[38;2;143;144;144;48;2;89;96;96m▀[m[38;2;58;73;77;48;2;58;73;77m▀[m[38;2;216;200;25;48;2;95;101;50m▀[m[38;2;216;200;25;48;2;95;101;50m▀[m[38;2;46;59;55;48;2;46;59;55m▀[m[38;2;55;112;49;48;2;48;88;50m▀[m[38;2;60;132;43;48;2;55;112;49m▀[m[38;2;55;112;49;48;2;55;112;49m▀[m
 [38;2;88;88;47m▄[m[38;2;88;88;47;48;2;155;150;137m▀[m[38;2;109;104;87;48;2;109;104;87m▀[m[38;2;159;156;84;48;2;109;104;87m▀[m[38;2;109;104;87;48;2;103;98;88m▀[m[38;2;135;126;107;48;2;109;104;87m▀[m[38;2;155;150;137;48;2;159;156;84m▀[m[38;2;109;104;87;48;2;109;104;87m▀[m[38;2;109;104;87;48;2;109;104;87m▀[m[38;2;109;104;87;48;2;109;104;87m▀[m[38;2;54;54;42;48;2;103;98;88m▀[m[38;2;135;126;107;48;2;135;126;107m▀[m[38;2;103;98;88;48;2;109;104;87m▀[m[38;2;57;56;50;48;2;77;80;46m▀[m[38;2;159;156;84;48;2;99;99;46m▀[m[38;2;91;99;45;48;2;103;98;88m▀[m[38;2;69;62;48;48;2;69;62;48m▀[m[38;2;108;117;50;48;2;91;99;45m▀[m[38;2;54;54;42;48;2;77;80;46m▀[m[38;2;54;54;42;48;2;91;99;45m▀[m[38;2;54;54;42;48;2;54;54;42m▀[m[38;2;77;80;46;48;2;77;80;46m▀[m[38;2;77;80;46;48;2;77;80;46m▀[m[38;2;103;98;88;48;2;77;80;46m▀[m[38;2;54;54;42;48;2;77;80;46m▀[m[38;2;77;80;46;48;2;77;80;46m▀[m[38;2;72;74;42;48;2;57;56;50m▀[m[38;2;56;56;42m▄[m        [38;2;106;107;58;48;2;115;111;99m▀[m[38;2;51;52;39;48;2;72;77;47m▀[m[38;2;51;52;39;48;2;51;52;39m▀[m[38;2;115;111;99;48;2;51;52;39m▀[m[38;2;110;106;89;48;2;85;83;74m▀[m[38;2;110;106;89;48;2;110;106;89m▀[m[38;2;85;83;74;48;2;85;83;74m▀[m[38;2;85;83;74;48;2;51;52;39m▀[m[38;2;57;58;44;48;2;51;52;39m▀[m[38;2;47;52;27;48;2;51;52;39m▀[m[38;2;85;83;74;48;2;51;52;39m▀[m[38;2;110;106;89;48;2;158;156;92m▀[m[38;2;108;116;43;48;2;91;101;41m▀[m[38;2;81;88;37;48;2;91;101;41m▀[m[38;2;157;160;57;48;2;157;160;57m▀[m[38;2;108;116;43;48;2;108;116;43m▀[m[38;2;61;71;36;48;2;81;88;37m▀[m[38;2;77;82;44;48;2;77;82;44m▀[m[38;2;57;60;41;48;2;51;52;39m▀[m[38;2;115;111;99;48;2;115;111;99m▀[m[38;2;115;111;99;48;2;149;143;132m▀[m[38;2;106;107;58;48;2;110;106;89m▀[m[38;2;57;58;44;48;2;57;60;41m▀[m[38;2;110;106;89;48;2;77;82;44m▀[m[38;2;51;52;39;48;2;57;58;44m▀[m[38;2;77;82;44;48;2;77;82;44m▀[m[38;2;57;60;41;48;2;47;52;27m▀[m          [38;2;143;144;144;48;2;143;144;144m▀[m [38;2;107;166;44m▀[m[38;2;216;200;25m▀[m[38;2;58;110;68m▀[m [38;2;107;166;44m▀[m[38;2;216;200;25m▀[m[38;2;58;110;68m▀[m[38;2;45;84;71;48;2;45;84;71m▀[m[38;2;115;178;41;48;2;79;144;45m▀[m[38;2;60;115;61;48;2;46;59;55m▀[m[38;2;89;96;96;48;2;89;96;96m▀[m[38;2;58;73;77;48;2;58;73;77m▀[m[38;2;58;73;77;48;2;115;178;41m▀[m[38;2;46;59;55;48;2;137;199;41m▀[m[38;2;46;59;55;48;2;137;199;41m▀[m[38;2;46;59;55;48;2;137;199;41m▀[m[38;2;48;88;50;48;2;137;199;41m▀[m[38;2;60;132;43;48;2;60;132;43m▀[m[38;2;55;112;49;48;2;55;112;49m▀[m
[38;2;72;74;42m▄[m[38;2;57;56;50;48;2;57;56;50m▀[m[38;2;48;49;31;48;2;48;49;31m▀[m[38;2;48;49;31;48;2;54;54;42m▀[m[38;2;103;98;88;48;2;57;56;50m▀[m[38;2;109;104;87;48;2;103;98;88m▀[m[38;2;109;104;87;48;2;109;104;87m▀[m[38;2;159;156;84;48;2;159;156;84m▀[m[38;2;109;104;87;48;2;109;104;87m▀[m[38;2;109;104;87;48;2;57;56;50m▀[m[38;2;54;54;42;48;2;57;56;50m▀[m[38;2;56;56;42;48;2;54;54;42m▀[m[38;2;48;49;31;48;2;54;54;42m▀[m[38;2;103;98;88;48;2;48;49;31m▀[m[38;2;103;98;88;48;2;103;98;88m▀[m[38;2;48;49;31;48;2;57;56;50m▀[m[38;2;103;98;88;48;2;88;88;47m▀[m[38;2;103;98;88;48;2;91;99;45m▀[m[38;2;54;54;42;48;2;54;54;42m▀[m[38;2;77;80;46;48;2;69;62;48m▀[m[38;2;77;80;46;48;2;77;80;46m▀[m[38;2;77;80;46;48;2;77;80;46m▀[m[38;2;54;54;42;48;2;77;80;46m▀[m[38;2;91;99;45;48;2;77;80;46m▀[m[38;2;77;80;46;48;2;54;54;42m▀[m[38;2;77;80;46;48;2;77;80;46m▀[m[38;2;54;54;42;48;2;54;54;42m▀[m[38;2;77;80;46;48;2;77;80;46m▀[m[38;2;56;56;42;48;2;72;74;42m▀[m[38;2;91;99;45;48;2;57;56;50m▀[m       [38;2;110;106;89;48;2;110;106;89m▀[m[38;2;72;77;47m▄[m[38;2;57;60;41;48;2;216;201;112m▀[m[38;2;57;58;44;48;2;216;201;112m▀[m[38;2;57;60;41;48;2;51;52;39m▀[m[38;2;85;83;74;48;2;108;116;43m▀[m[38;2;57;60;41;48;2;57;60;41m▀[m[38;2;57;60;41;48;2;158;156;92m▀[m[38;2;51;52;39;48;2;216;201;112m▀[m[38;2;51;52;39;48;2;141;146;53m▀[m[38;2;57;60;41;48;2;57;60;41m▀[m[38;2;110;106;89;48;2;110;106;89m▀[m[38;2;85;83;74;48;2;91;101;41m▀[m[38;2;77;82;44;48;2;51;52;39m▀[m[38;2;108;116;43;48;2;77;82;44m▀[m[38;2;108;116;43;48;2;91;101;41m▀[m[38;2;77;82;44;48;2;47;52;27m▀[m[38;2;51;52;39;48;2;77;82;44m▀[m[38;2;51;52;39;48;2;51;52;39m▀[m[38;2;115;111;99;48;2;115;111;99m▀[m[38;2;149;143;132;48;2;158;156;92m▀[m[38;2;85;83;74;48;2;85;83;74m▀[m[38;2;57;60;41;48;2;57;60;41m▀[m[38;2;77;82;44;48;2;77;82;44m▀[m[38;2;77;82;44;48;2;85;83;74m▀[m[38;2;61;71;36;48;2;47;52;27m▀[m[38;2;51;52;39;48;2;47;52;27m▀[m        [38;2;58;110;68m▄[m[38;2;107;166;44;48;2;137;199;41m▀[m[38;2;134;122;82;48;2;115;178;41m▀[m[38;2;89;96;96;48;2;46;59;55m▀[m[38;2;89;96;96;48;2;134;122;82m▀[m[38;2;89;96;96;48;2;115;178;41m▀[m[38;2;58;64;74;48;2;89;96;96m▀[m[38;2;58;64;74;48;2;58;64;74m▀[m[38;2;46;59;55;48;2;95;101;50m▀[m[38;2;46;59;55;48;2;134;122;82m▀[m[38;2;45;84;71;48;2;78;147;88m▀[m[38;2;95;101;50;48;2;115;178;41m▀[m[38;2;79;144;45;48;2;55;112;49m▀[m[38;2;46;59;55;48;2;46;59;55m▀[m[38;2;58;73;77;48;2;58;64;74m▀[m[38;2;107;166;44;48;2;137;199;41m▀[m[38;2;137;199;41;48;2;137;199;41m▀[m[38;2;137;199;41;48;2;137;199;41m▀[m[38;2;137;199;41;48;2;115;178;41m▀[m[38;2;115;178;41;48;2;79;144;45m▀[m[38;2;79;144;45;48;2;55;112;49m▀[m[38;2;60;132;43;48;2;55;112;49m▀[m[38;2;55;112;49;48;2;55;112;49m▀[m
[38;2;72;74;42;48;2;72;74;42m▀[m[38;2;56;56;42;48;2;57;56;50m▀[m[38;2;57;56;50;48;2;180;142;67m▀[m[38;2;57;56;50;48;2;159;156;84m▀[m[38;2;56;56;42;48;2;88;88;47m▀[m[38;2;57;56;50;48;2;88;88;47m▀[m[38;2;103;98;88;48;2;103;98;88m▀[m[38;2;135;126;107;48;2;159;156;84m▀[m[38;2;109;104;87;48;2;109;104;87m▀[m[38;2;72;74;42;48;2;56;56;42m▀[m[38;2;54;54;42;48;2;180;142;67m▀[m[38;2;54;54;42;48;2;159;156;84m▀[m[38;2;57;56;50;48;2;159;156;84m▀[m[38;2;56;56;42;48;2;88;88;47m▀[m[38;2;57;56;50;48;2;88;88;47m▀[m[38;2;56;56;42;48;2;57;56;50m▀[m[38;2;57;56;50;48;2;57;56;50m▀[m[38;2;91;99;45;48;2;77;80;46m▀[m[38;2;77;80;46;48;2;77;80;46m▀[m[38;2;77;80;46;48;2;77;80;46m▀[m[38;2;77;80;46;48;2;77;80;46m▀[m[38;2;77;80;46;48;2;77;80;46m▀[m[38;2;77;80;46;48;2;54;54;42m▀[m[38;2;77;80;46;48;2;54;54;42m▀[m[38;2;54;54;42;48;2;77;80;46m▀[m[38;2;54;54;42;48;2;91;99;45m▀[m[38;2;54;54;42;48;2;91;99;45m▀[m[38;2;54;54;42;48;2;54;54;42m▀[m        [38;2;72;77;47;48;2;57;60;41m▀[m[38;2;85;83;74;48;2;85;83;74m▀[m[38;2;51;52;39;48;2;51;52;39m▀[m[38;2;57;60;41;48;2;57;58;44m▀[m[38;2;57;60;41;48;2;85;83;74m▀[m[38;2;85;83;74;48;2;57;58;44m▀[m[38;2;85;83;74;48;2;85;83;74m▀[m[38;2;77;82;44;48;2;57;58;44m▀[m[38;2;57;60;41;48;2;85;83;74m▀[m[38;2;106;107;58;48;2;85;83;74m▀[m[38;2;51;52;39;48;2;51;52;39m▀[m[38;2;51;52;39;48;2;85;83;74m▀[m[38;2;85;83;74;48;2;91;101;41m▀[m[38;2;108;116;43;48;2;77;82;44m▀[m[38;2;57;60;41;48;2;57;60;41m▀[m[38;2;108;116;43;48;2;108;116;43m▀[m[38;2;77;82;44;48;2;61;71;36m▀[m[38;2;51;52;39;48;2;51;52;39m▀[m[38;2;47;52;27;48;2;51;52;39m▀[m[38;2;57;60;41;48;2;57;60;41m▀[m[38;2;115;111;99;48;2;158;156;92m▀[m[38;2;115;111;99;48;2;85;83;74m▀[m[38;2;85;83;74;48;2;57;60;41m▀[m[38;2;57;60;41;48;2;47;52;27m▀[m[38;2;57;58;44;48;2;81;88;37m▀[m[38;2;77;82;44;48;2;51;52;39m▀[m[38;2;51;52;39;48;2;51;52;39m▀[m[38;2;61;71;36;48;2;77;82;44m▀[m[38;2;72;77;47m▄[m      [38;2;58;110;68;48;2;58;110;68m▀[m[38;2;115;178;41;48;2;137;199;41m▀[m[38;2;137;199;41;48;2;137;199;41m▀[m[38;2;137;199;41;48;2;137;199;41m▀[m[38;2;115;178;41;48;2;137;199;41m▀[m[38;2;115;178;41;48;2;115;178;41m▀[m[38;2;79;144;45;48;2;55;112;49m▀[m[38;2;89;96;96;48;2;45;84;71m▀[m[38;2;143;144;144;48;2;46;59;55m▀[m[38;2;115;178;41;48;2;48;88;50m▀[m[38;2;79;144;45;48;2;58;73;77m▀[m[38;2;55;112;49;48;2;58;73;77m▀[m[38;2;55;112;49;48;2;46;59;55m▀[m[38;2;55;112;49;48;2;46;59;55m▀[m[38;2;46;59;55;48;2;46;59;55m▀[m[38;2;48;88;50;48;2;46;59;55m▀[m[38;2;137;199;41;48;2;137;199;41m▀[m[38;2;137;199;41;48;2;137;199;41m▀[m[38;2;115;178;41;48;2;79;144;45m▀[m[38;2;95;101;50;48;2;55;112;49m▀[m[38;2;58;73;77;48;2;95;101;50m▀[m[38;2;95;101;50;48;2;216;200;25m▀[m[38;2;46;59;55;48;2;95;101;50m▀[m[38;2;55;112;49;48;2;58;73;77m▀[m[38;2;55;112;49;48;2;55;112;49m▀[m
[38;2;72;74;42m▀[m[38;2;103;98;88;48;2;103;98;88m▀[m[38;2;99;99;46;48;2;69;62;48m▀[m[38;2;159;156;84;48;2;57;56;50m▀[m[38;2;57;56;50;48;2;103;98;88m▀[m[38;2;103;98;88;48;2;109;104;87m▀[m[38;2;109;104;87;48;2;109;104;87m▀[m[38;2;159;156;84;48;2;159;156;84m▀[m[38;2;109;104;87;48;2;109;104;87m▀[m[38;2;54;54;42;48;2;103;98;88m▀[m[38;2;57;56;50;48;2;54;54;42m▀[m[38;2;211;166;82;48;2;54;54;42m▀[m[38;2;180;142;67;48;2;69;62;48m▀[m[38;2;69;62;48;48;2;103;98;88m▀[m[38;2;103;98;88;48;2;103;98;88m▀[m[38;2;57;56;50;48;2;48;49;31m▀[m[38;2;57;56;50;48;2;69;62;48m▀[m[38;2;77;80;46;48;2;77;80;46m▀[m[38;2;91;99;45;48;2;77;80;46m▀[m[38;2;77;80;46;48;2;48;49;31m▀[m[38;2;54;54;42;48;2;91;99;45m▀[m[38;2;77;80;46;48;2;166;167;62m▀[m[38;2;108;117;50;48;2;166;167;62m▀[m[38;2;138;147;58;48;2;166;167;62m▀[m[38;2;138;147;58;48;2;166;167;62m▀[m[38;2;121;134;55;48;2;138;147;58m▀[m[38;2;121;134;55;48;2;121;134;55m▀[m[38;2;108;117;50;48;2;108;117;50m▀[m[38;2;77;80;46;48;2;108;117;50m▀[m[38;2;88;88;47m▄[m      [38;2;57;60;41;48;2;106;107;58m▀[m[38;2;91;101;41;48;2;81;88;37m▀[m[38;2;110;106;89;48;2;108;116;43m▀[m[38;2;57;60;41;48;2;141;146;53m▀[m[38;2;61;71;36;48;2;108;116;43m▀[m[38;2;77;82;44;48;2;81;88;37m▀[m[38;2;77;82;44;48;2;91;101;41m▀[m[38;2;77;82;44;48;2;108;116;43m▀[m[38;2;57;58;44;48;2;108;116;43m▀[m[38;2;51;52;39;48;2;108;116;43m▀[m[38;2;85;83;74;48;2;91;101;41m▀[m[38;2;85;83;74;48;2;77;82;44m▀[m[38;2;122;133;45;48;2;108;116;43m▀[m[38;2;108;116;43;48;2;47;52;27m▀[m[38;2;51;52;39;48;2;51;52;39m▀[m[38;2;77;82;44;48;2;77;82;44m▀[m[38;2;51;52;39;48;2;47;52;27m▀[m[38;2;47;52;27;48;2;51;52;39m▀[m[38;2;57;60;41;48;2;115;111;99m▀[m[38;2;110;106;89;48;2;158;156;92m▀[m[38;2;110;106;89;48;2;91;101;41m▀[m[38;2;77;82;44;48;2;77;82;44m▀[m[38;2;57;60;41;48;2;81;88;37m▀[m[38;2;91;101;41;48;2;108;116;43m▀[m[38;2;91;101;41;48;2;61;71;36m▀[m[38;2;51;52;39;48;2;47;52;27m▀[m[38;2;47;52;27;48;2;47;52;27m▀[m[38;2;61;71;36;48;2;77;82;44m▀[m[38;2;57;60;41;48;2;57;60;41m▀[m      [38;2;58;110;68;48;2;58;110;68m▀[m[38;2;137;199;41;48;2;115;178;41m▀[m[38;2;137;199;41;48;2;79;144;45m▀[m[38;2;137;199;41;48;2;137;199;41m▀[m[38;2;137;199;41;48;2;115;178;41m▀[m[38;2;79;144;45;48;2;48;88;50m▀[m[38;2;48;88;50;48;2;58;73;77m▀[m[38;2;143;144;144;48;2;143;144;144m▀[m[38;2;143;144;144;48;2;143;144;144m▀[m[38;2;199;199;202;48;2;143;144;144m▀[m[38;2;143;144;144;48;2;143;144;144m▀[m[38;2;143;144;144;48;2;143;144;144m▀[m[38;2;143;144;144;48;2;89;96;96m▀[m[38;2;143;144;144;48;2;89;96;96m▀[m[38;2;143;144;144;48;2;89;96;96m▀[m[38;2;95;101;50;48;2;48;88;50m▀[m[38;2;137;199;41;48;2;79;144;45m▀[m[38;2;137;199;41;48;2;137;199;41m▀[m[38;2;79;144;45;48;2;79;144;45m▀[m[38;2;55;112;49;48;2;55;112;49m▀[m[38;2;95;101;50;48;2;58;73;77m▀[m[38;2;216;200;25;48;2;95;101;50m▀[m[38;2;95;101;50;48;2;46;59;55m▀[m[38;2;58;73;77;48;2;58;64;74m▀[m[38;2;55;112;49;48;2;48;88;50m▀[m
 [38;2;56;56;42;48;2;88;88;47m▀[m[38;2;109;104;87;48;2;48;49;31m▀[m[38;2;135;126;107;48;2;57;56;50m▀[m[38;2;159;156;84;48;2;103;98;88m▀[m[38;2;135;126;107;48;2;109;104;87m▀[m[38;2;135;126;107;48;2;103;98;88m▀[m[38;2;159;156;84;48;2;109;104;87m▀[m[38;2;103;98;88;48;2;109;104;87m▀[m[38;2;103;98;88;48;2;109;104;87m▀[m[38;2;109;104;87;48;2;103;98;88m▀[m[38;2;135;126;107;48;2;77;80;46m▀[m[38;2;109;104;87;48;2;57;56;50m▀[m[38;2;103;98;88;48;2;56;56;42m▀[m[38;2;54;54;42;48;2;48;49;31m▀[m[38;2;48;49;31;48;2;77;80;46m▀[m[38;2;91;99;45;48;2;91;99;45m▀[m[38;2;77;80;46;48;2;77;80;46m▀[m[38;2;54;54;42;48;2;54;54;42m▀[m[38;2;77;80;46;48;2;166;167;62m▀[m[38;2;166;167;62;48;2;166;167;62m▀[m[38;2;166;167;62;48;2;166;167;62m▀[m[38;2;166;167;62;48;2;121;134;55m▀[m[38;2;108;117;50;48;2;108;117;50m▀[m[38;2;138;147;58;48;2;91;99;45m▀[m[38;2;121;134;55;48;2;91;99;45m▀[m[38;2;108;117;50;48;2;121;134;55m▀[m[38;2;108;117;50;48;2;121;134;55m▀[m[38;2;91;99;45;48;2;77;80;46m▀[m[38;2;91;99;45;48;2;91;99;45m▀[m[38;2;57;56;50m▄[m    [38;2;72;77;47m▄[m[38;2;141;146;53;48;2;141;146;53m▀[m[38;2;91;101;41;48;2;77;82;44m▀[m[38;2;91;101;41;48;2;81;88;37m▀[m[38;2;108;116;43;48;2;81;88;37m▀[m[38;2;77;82;44;48;2;47;52;27m▀[m[38;2;157;160;57;48;2;122;133;45m▀[m[38;2;158;156;92;48;2;141;146;53m▀[m[38;2;122;133;45;48;2;108;116;43m▀[m[38;2;77;82;44;48;2;47;52;27m▀[m[38;2;122;133;45;48;2;91;101;41m▀[m[38;2;77;82;44;48;2;47;52;27m▀[m[38;2;47;52;27;48;2;47;52;27m▀[m[38;2;61;71;36;48;2;47;52;27m▀[m[38;2;57;60;41;48;2;47;52;27m▀[m[38;2;47;52;27;48;2;57;60;41m▀[m[38;2;47;52;27;48;2;57;60;41m▀[m[38;2;57;60;41;48;2;110;106;89m▀[m[38;2;115;111;99;48;2;134;127;109m▀[m[38;2;158;156;92;48;2;85;83;74m▀[m[38;2;85;83;74;48;2;77;82;44m▀[m[38;2;77;82;44;48;2;108;116;43m▀[m[38;2;47;52;27;48;2;108;116;43m▀[m[38;2;108;116;43;48;2;77;82;44m▀[m[38;2;122;133;45;48;2;61;71;36m▀[m[38;2;61;71;36;48;2;47;52;27m▀[m[38;2;47;52;27;48;2;57;58;44m▀[m[38;2;51;52;39;48;2;57;58;44m▀[m[38;2;77;82;44;48;2;77;82;44m▀[m[38;2;57;60;41;48;2;72;77;47m▀[m       [38;2;58;110;68m▀[m[38;2;55;112;49;48;2;89;96;96m▀[m[38;2;137;199;41;48;2;137;199;41m▀[m[38;2;79;144;45;48;2;79;144;45m▀[m[38;2;45;84;71;48;2;45;84;71m▀[m[38;2;58;73;77;48;2;89;96;96m▀[m[38;2;89;96;96;48;2;143;144;144m▀[m[38;2;134;122;82;48;2;137;199;41m▀[m[38;2;89;96;96;48;2;134;122;82m▀[m[38;2;89;96;96;48;2;143;144;144m▀[m[38;2;89;96;96;48;2;143;144;144m▀[m[38;2;58;73;77;48;2;46;59;55m▀[m[38;2;58;73;77;48;2;46;59;55m▀[m[38;2;58;73;77;48;2;58;64;74m▀[m[38;2;58;64;74;48;2;58;73;77m▀[m[38;2;48;88;50;48;2;45;84;71m▀[m[38;2;137;199;41;48;2;137;199;41m▀[m[38;2;79;144;45;48;2;79;144;45m▀[m[38;2;48;88;50;48;2;58;73;77m▀[m[38;2;58;73;77;48;2;89;96;96m▀[m[38;2;58;73;77;48;2;89;96;96m▀[m[38;2;58;73;77;48;2;58;73;77m▀[m[38;2;46;59;55;48;2;58;73;77m▀[m[38;2;45;84;71;48;2;58;110;68m▀[m
 [38;2;72;74;42m▀[m[38;2;99;99;46;48;2;77;80;46m▀[m[38;2;57;56;50;48;2;108;117;50m▀[m[38;2;48;49;31;48;2;91;99;45m▀[m[38;2;57;56;50;48;2;77;80;46m▀[m[38;2;56;56;42;48;2;77;80;46m▀[m[38;2;56;56;42;48;2;77;80;46m▀[m[38;2;56;56;42;48;2;77;80;46m▀[m[38;2;56;56;42;48;2;77;80;46m▀[m[38;2;56;56;42;48;2;69;62;48m▀[m[38;2;48;49;31;48;2;54;54;42m▀[m[38;2;48;49;31;48;2;77;80;46m▀[m[38;2;54;54;42;48;2;77;80;46m▀[m[38;2;54;54;42;48;2;77;80;46m▀[m[38;2;77;80;46;48;2;77;80;46m▀[m[38;2;77;80;46;48;2;54;54;42m▀[m[38;2;54;54;42;48;2;91;99;45m▀[m[38;2;121;134;55;48;2;121;134;55m▀[m[38;2;166;167;62;48;2;108;117;50m▀[m[38;2;138;147;58;48;2;108;117;50m▀[m[38;2;108;117;50;48;2;121;134;55m▀[m[38;2;108;117;50;48;2;91;99;45m▀[m[38;2;91;99;45;48;2;77;80;46m▀[m[38;2;54;54;42;48;2;54;54;42m▀[m[38;2;91;99;45;48;2;77;80;46m▀[m[38;2;108;117;50;48;2;91;99;45m▀[m[38;2;138;147;58;48;2;91;99;45m▀[m[38;2;77;80;46;48;2;77;80;46m▀[m[38;2;48;49;31;48;2;72;74;42m▀[m[38;2;77;80;46;48;2;72;74;42m▀[m[38;2;72;74;42m▀[m   [38;2;57;60;41m▀[m[38;2;108;116;43;48;2;108;116;43m▀[m[38;2;61;71;36;48;2;108;116;43m▀[m[38;2;106;107;58;48;2;47;52;27m▀[m[38;2;77;82;44;48;2;57;58;44m▀[m[38;2;57;60;41;48;2;77;82;44m▀[m[38;2;108;116;43;48;2;77;82;44m▀[m[38;2;141;146;53;48;2;122;133;45m▀[m[38;2;77;82;44;48;2;47;52;27m▀[m[38;2;57;60;41;48;2;51;52;39m▀[m[38;2;51;52;39;48;2;77;82;44m▀[m[38;2;57;60;41;48;2;85;83;74m▀[m[38;2;57;60;41;48;2;110;106;89m▀[m[38;2;51;52;39;48;2;110;106;89m▀[m[38;2;85;83;74;48;2;110;106;89m▀[m[38;2;134;127;109;48;2;110;106;89m▀[m[38;2;134;127;109;48;2;85;83;74m▀[m[38;2;85;83;74;48;2;85;83;74m▀[m[38;2;77;82;44;48;2;57;58;44m▀[m[38;2;57;58;44;48;2;108;116;43m▀[m[38;2;108;116;43;48;2;157;160;57m▀[m[38;2;108;116;43;48;2;91;101;41m▀[m[38;2;91;101;41;48;2;77;82;44m▀[m[38;2;91;101;41;48;2;47;52;27m▀[m[38;2;77;82;44;48;2;47;52;27m▀[m[38;2;77;82;44;48;2;61;71;36m▀[m[38;2;57;60;41;48;2;57;60;41m▀[m[38;2;57;58;44;48;2;47;52;27m▀[m[38;2;77;82;44;48;2;47;52;27m▀[m       [38;2;58;110;68m▄[m[38;2;45;84;71;48;2;78;147;88m▀[m[38;2;134;122;82;48;2;134;122;82m▀[m[38;2;115;178;41;48;2;79;144;45m▀[m[38;2;79;144;45;48;2;55;112;49m▀[m[38;2;45;84;71;48;2;60;115;61m▀[m[38;2;89;96;96;48;2;89;96;96m▀[m[38;2;134;122;82;48;2;115;178;41m▀[m[38;2;137;199;41;48;2;137;199;41m▀[m[38;2;89;96;96;48;2;79;144;45m▀[m[38;2;143;144;144;48;2;89;96;96m▀[m[38;2;89;96;96;48;2;89;96;96m▀[m[38;2;95;101;50;48;2;95;101;50m▀[m[38;2;216;200;25;48;2;216;200;25m▀[m[38;2;46;59;55;48;2;46;59;55m▀[m[38;2;58;73;77;48;2;58;73;77m▀[m[38;2;45;84;71;48;2;45;84;71m▀[m[38;2;137;199;41;48;2;115;178;41m▀[m[38;2;55;112;49;48;2;48;88;50m▀[m[38;2;58;73;77;48;2;58;73;77m▀[m[38;2;58;64;74;48;2;46;59;55m▀[m[38;2;46;59;55;48;2;216;200;25m▀[m[38;2;46;59;55;48;2;95;101;50m▀[m[38;2;58;73;77;48;2;58;73;77m▀[m
   [38;2;77;80;46m▀[m[38;2;91;99;45;48;2;77;80;46m▀[m[38;2;108;117;50;48;2;77;80;46m▀[m[38;2;77;80;46;48;2;54;54;42m▀[m[38;2;108;117;50;48;2;108;117;50m▀[m[38;2;91;99;45;48;2;108;117;50m▀[m[38;2;91;99;45;48;2;121;134;55m▀[m[38;2;77;80;46;48;2;91;99;45m▀[m[38;2;77;80;46;48;2;108;117;50m▀[m[38;2;91;99;45;48;2;91;99;45m▀[m[38;2;91;99;45;48;2;91;99;45m▀[m[38;2;77;80;46;48;2;77;80;46m▀[m[38;2;69;62;48;48;2;54;54;42m▀[m[38;2;54;54;42;48;2;54;54;42m▀[m[38;2;91;99;45;48;2;77;80;46m▀[m[38;2;138;147;58;48;2;121;134;55m▀[m[38;2;77;80;46;48;2;54;54;42m▀[m[38;2;91;99;45;48;2;77;80;46m▀[m[38;2;108;117;50;48;2;91;99;45m▀[m[38;2;91;99;45;48;2;77;80;46m▀[m[38;2;77;80;46;48;2;54;54;42m▀[m[38;2;77;80;46;48;2;54;54;42m▀[m[38;2;54;54;42;48;2;48;49;31m▀[m[38;2;77;80;46;48;2;69;62;48m▀[m[38;2;77;80;46;48;2;77;80;46m▀[m[38;2;48;49;31;48;2;72;74;42m▀[m      [38;2;72;77;47m▄[m[38;2;141;146;53;48;2;115;111;99m▀[m[38;2;77;82;44;48;2;77;82;44m▀[m[38;2;77;82;44;48;2;91;101;41m▀[m[38;2;51;52;39;48;2;47;52;27m▀[m[38;2;51;52;39;48;2;57;60;41m▀[m[38;2;77;82;44;48;2;57;60;41m▀[m[38;2;122;133;45;48;2;108;116;43m▀[m[38;2;47;52;27;48;2;51;52;39m▀[m[38;2;57;58;44;48;2;51;52;39m▀[m[38;2;77;82;44;48;2;51;52;39m▀[m[38;2;110;106;89;48;2;51;52;39m▀[m[38;2;85;83;74;48;2;51;52;39m▀[m[38;2;85;83;74;48;2;51;52;39m▀[m[38;2;77;82;44;48;2;51;52;39m▀[m[38;2;85;83;74;48;2;57;60;41m▀[m[38;2;51;52;39;48;2;57;60;41m▀[m[38;2;57;60;41;48;2;106;107;58m▀[m[38;2;91;101;41;48;2;108;116;43m▀[m[38;2;157;160;57;48;2;91;101;41m▀[m[38;2;108;116;43;48;2;57;58;44m▀[m[38;2;77;82;44;48;2;51;52;39m▀[m[38;2;47;52;27;48;2;85;83;74m▀[m[38;2;57;58;44;48;2;81;88;37m▀[m[38;2;57;58;44;48;2;57;58;44m▀[m[38;2;57;60;41;48;2;57;60;41m▀[m[38;2;51;52;39;48;2;47;52;27m▀[m[38;2;57;58;44;48;2;57;60;41m▀[m[38;2;57;60;41m▀[m       [38;2;58;110;68;48;2;58;110;68m▀[m[38;2;40;111;85;48;2;78;147;88m▀[m[38;2;95;101;50;48;2;115;178;41m▀[m[38;2;79;144;45;48;2;60;132;43m▀[m[38;2;48;88;50;48;2;55;112;49m▀[m[38;2;48;88;50;48;2;48;88;50m▀[m[38;2;58;73;77;48;2;55;112;49m▀[m[38;2;137;199;41;48;2;137;199;41m▀[m[38;2;137;199;41;48;2;137;199;41m▀[m[38;2;79;144;45;48;2;79;144;45m▀[m[38;2;89;96;96;48;2;55;112;49m▀[m[38;2;89;96;96;48;2;89;96;96m▀[m[38;2;46;59;55;48;2;58;73;77m▀[m[38;2;95;101;50;48;2;58;73;77m▀[m[38;2;58;64;74;48;2;58;73;77m▀[m[38;2;58;73;77;48;2;58;73;77m▀[m[38;2;45;84;71;48;2;45;84;71m▀[m[38;2;115;178;41;48;2;115;178;41m▀[m[38;2;58;73;77;48;2;58;73;77m▀[m[38;2;58;73;77;48;2;58;73;77m▀[m[38;2;46;59;55;48;2;58;64;74m▀[m[38;2;216;200;25;48;2;216;200;25m▀[m[38;2;95;101;50;48;2;46;59;55m▀[m[38;2;58;73;77;48;2;58;73;77m▀[m[38;2;58;110;68;48;2;46;59;55m▀[m
     [38;2;56;56;42m▀[m[38;2;48;49;31m▀[m[38;2;54;54;42;48;2;56;56;42m▀[m[38;2;54;54;42;48;2;57;56;50m▀[m[38;2;77;80;46;48;2;57;56;50m▀[m[38;2;77;80;46m▀[m[38;2;77;80;46;48;2;48;49;31m▀[m[38;2;77;80;46;48;2;77;80;46m▀[m[38;2;54;54;42;48;2;91;99;45m▀[m[38;2;69;62;48;48;2;77;80;46m▀[m[38;2;91;99;45;48;2;54;54;42m▀[m[38;2;77;80;46;48;2;54;54;42m▀[m[38;2;54;54;42;48;2;56;56;42m▀[m[38;2;91;99;45;48;2;48;49;31m▀[m[38;2;54;54;42;48;2;77;80;46m▀[m[38;2;54;54;42;48;2;48;49;31m▀[m[38;2;69;62;48;48;2;72;74;42m▀[m[38;2;91;99;45;48;2;91;99;45m▀[m[38;2;77;80;46;48;2;77;80;46m▀[m[38;2;56;56;42;48;2;48;49;31m▀[m[38;2;54;54;42;48;2;72;74;42m▀[m[38;2;72;74;42m▀[m[38;2;77;80;46m▀[m[38;2;57;56;50m▀[m     [38;2;72;77;47m▄[m[38;2;106;107;58;48;2;158;156;92m▀[m[38;2;85;83;74;48;2;57;58;44m▀[m[38;2;57;58;44;48;2;158;156;92m▀[m[38;2;51;52;39;48;2;57;58;44m▀[m[38;2;77;82;44;48;2;57;58;44m▀[m[38;2;57;60;41;48;2;57;58;44m▀[m[38;2;57;60;41m▀[m[38;2;81;88;37;48;2;57;60;41m▀[m[38;2;51;52;39;48;2;57;60;41m▀[m[38;2;47;52;27;48;2;47;52;27m▀[m[38;2;47;52;27;48;2;61;71;36m▀[m[38;2;47;52;27;48;2;77;82;44m▀[m[38;2;47;52;27;48;2;47;52;27m▀[m[38;2;47;52;27;48;2;57;58;44m▀[m[38;2;47;52;27;48;2;47;52;27m▀[m[38;2;47;52;27;48;2;47;52;27m▀[m[38;2;47;52;27;48;2;57;60;41m▀[m[38;2;81;88;37;48;2;110;106;89m▀[m[38;2;57;58;44;48;2;115;111;99m▀[m[38;2;51;52;39;48;2;158;156;92m▀[m[38;2;85;83;74;48;2;106;107;58m▀[m[38;2;85;83;74;48;2;110;106;89m▀[m[38;2;85;83;74;48;2;57;58;44m▀[m[38;2;57;58;44;48;2;47;52;27m▀[m[38;2;51;52;39;48;2;51;52;39m▀[m[38;2;51;52;39;48;2;51;52;39m▀[m[38;2;47;52;27;48;2;85;83;74m▀[m[38;2;72;77;47;48;2;85;83;74m▀[m       [38;2;58;110;68m▀[m[38;2;60;115;61;48;2;45;84;71m▀[m[38;2;79;144;45;48;2;40;111;85m▀[m[38;2;79;144;45;48;2;40;111;85m▀[m[38;2;60;132;43;48;2;40;111;85m▀[m[38;2;55;112;49;48;2;78;147;88m▀[m[38;2;48;88;50;48;2;115;178;41m▀[m[38;2;137;199;41;48;2;137;199;41m▀[m[38;2;137;199;41;48;2;115;178;41m▀[m[38;2;137;199;41;48;2;79;144;45m▀[m[38;2;79;144;45;48;2;79;144;45m▀[m[38;2;55;112;49;48;2;60;132;43m▀[m[38;2;58;73;77;48;2;55;112;49m▀[m[38;2;58;73;77;48;2;48;88;50m▀[m[38;2;58;73;77;48;2;40;111;85m▀[m[38;2;58;73;77;48;2;40;111;85m▀[m[38;2;58;73;77;48;2;58;73;77m▀[m[38;2;45;84;71;48;2;78;147;88m▀[m[38;2;45;84;71;48;2;58;110;68m▀[m[38;2;58;64;74;48;2;58;73;77m▀[m[38;2;58;73;77;48;2;40;111;85m▀[m[38;2;58;73;77;48;2;40;111;85m▀[m[38;2;58;73;77;48;2;40;111;85m▀[m[38;2;58;73;77;48;2;40;111;85m▀[m[38;2;58;73;77;48;2;40;111;85m▀[m[38;2;45;84;71;48;2;40;111;85m▀[m[38;2;45;84;71;48;2;58;110;68m▀[m
            [38;2;72;74;42m▀[m[38;2;72;74;42m▀[m  [38;2;72;74;42m▀[m       [38;2;72;74;42m▀[m         [38;2;72;77;47m▀[m[38;2;106;107;58m▀[m[38;2;57;60;41m▀[m[38;2;51;52;39m▀[m[38;2;57;60;41m▀[m[38;2;72;77;47m▀[m[38;2;72;77;47m▀[m   [38;2;57;60;41m▀[m[38;2;57;60;41m▀[m[38;2;72;77;47m▀[m  [38;2;72;77;47m▀[m [38;2;72;77;47m▀[m[38;2;57;58;44m▀[m[38;2;149;143;132;48;2;72;77;47m▀[m[38;2;81;88;37;48;2;72;77;47m▀[m[38;2;115;111;99;48;2;72;77;47m▀[m[38;2;110;106;89;48;2;72;77;47m▀[m[38;2;51;52;39m▀[m[38;2;57;60;41m▀[m[38;2;51;52;39m▀[m[38;2;57;60;41m▀[m[38;2;57;60;41m▀[m[38;2;51;52;39m▀[m        [38;2;58;110;68m▀[m[38;2;58;110;68m▀[m[38;2;58;110;68m▀[m[38;2;58;110;68m▀[m[38;2;58;110;68m▀[m[38;2;45;84;71m▀[m[38;2;78;147;88;48;2;45;84;71m▀[m[38;2;78;147;88;48;2;45;84;71m▀[m[38;2;40;111;85;48;2;45;84;71m▀[m[38;2;40;111;85;48;2;45;84;71m▀[m[38;2;40;111;85;48;2;45;84;71m▀[m[38;2;40;111;85;48;2;45;84;71m▀[m[38;2;45;84;71m▀[m[38;2;45;84;71m▀[m[38;2;45;84;71m▀[m[38;2;78;147;88;48;2;45;84;71m▀[m[38;2;78;147;88;48;2;45;84;71m▀[m[38;2;78;147;88;48;2;45;84;71m▀[m[38;2;78;147;88;48;2;45;84;71m▀[m[38;2;40;111;85;48;2;45;84;71m▀[m[38;2;46;59;55;48;2;45;84;71m▀[m[38;2;45;84;71m▀[m[38;2;45;84;71m▀[m[38;2;45;84;71m▀[m[38;2;58;110;68m▀[m[38;2;58;110;68m▀[m

[1mmossmuff[m                          [1mlichenloop[m                        [1mbogdaemon[m
                                           [38;2;105;205;50m▄[m[38;2;86;156;37m▄[m[38;2;97;90;45m▄[m[38;2;86;156;37;48;2;105;205;50m▀[m[38;2;86;156;37;48;2;105;205;50m▀[m     [38;2;86;156;37;48;2;105;205;50m▀[m[38;2;86;156;37;48;2;105;205;50m▀[m[38;2;97;90;45;48;2;86;156;37m▀[m                    [38;2;113;94;53m▄[m [38;2;150;128;62m▄[m[38;2;119;87;56;48;2;150;128;62m▀[m     [38;2;150;128;62m▄[m  [38;2;72;69;48;48;2;185;160;108m▀[m[38;2;113;94;53m▄[m [38;2;113;94;53m▄[m
                                           [38;2;105;205;50;48;2;86;166;48m▀[m[38;2;105;205;50;48;2;105;177;44m▀[m[38;2;76;65;43;48;2;150;116;77m▀[m[38;2;105;205;50;48;2;76;65;43m▀[m[38;2;105;205;50m▀[m  [38;2;86;166;48m▄[m[38;2;105;177;44m▄[m [38;2;105;205;50;48;2;90;87;59m▀[m[38;2;105;205;50;48;2;61;57;46m▀[m[38;2;86;166;48;48;2;97;90;45m▀[m[38;2;86;156;37;48;2;105;205;50m▀[m[38;2;105;205;50;48;2;105;205;50m▀[m[38;2;76;65;43;48;2;76;65;43m▀[m              [38;2;113;94;53m▄[m [38;2;119;87;56;48;2;185;160;108m▀[m[38;2;150;128;62m▀[m[38;2;185;160;108m▄[m[38;2;185;160;108;48;2;226;198;151m▀[m[38;2;113;94;53;48;2;205;171;120m▀[m[38;2;119;87;56;48;2;144;108;62m▀[m[38;2;185;160;108m▀[m    [38;2;205;171;120m▀[m[38;2;119;87;56;48;2;119;87;56m▀[m[38;2;185;160;108;48;2;205;171;120m▀[m[38;2;185;160;108;48;2;185;160;108m▀[m [38;2;205;171;120;48;2;185;160;108m▀[m [38;2;113;94;53m▄[m
             [38;2;103;88;40;48;2;85;71;40m▀[m[38;2;85;71;40;48;2;140;205;39m▀[m[38;2;123;90;56;48;2;140;205;39m▀[m                       [38;2;86;156;37;48;2;86;156;37m▀[m[38;2;105;205;50;48;2;105;205;50m▀[m[38;2;76;65;43;48;2;105;177;44m▀[m[38;2;97;90;45m▄[m [38;2;119;87;53;48;2;119;87;53m▀[m[38;2;167;119;72;48;2;167;119;72m▀[m[38;2;114;98;54;48;2;90;87;59m▀[m[38;2;114;98;54m▀[m  [38;2;76;65;43m▀[m[38;2;86;166;48m▀[m[38;2;150;108;60;48;2;150;108;60m▀[m[38;2;150;108;60;48;2;167;119;72m▀[m[38;2;97;90;45;48;2;76;65;43m▀[m [38;2;105;205;50;48;2;150;108;60m▀[m[38;2;105;177;44;48;2;76;65;43m▀[m[38;2;97;90;45;48;2;86;156;37m▀[m[38;2;86;166;48m▄[m[38;2;97;90;45m▄[m            [38;2;173;145;109m▀[m[38;2;119;87;56;48;2;185;160;108m▀[m[38;2;185;160;108;48;2;226;198;151m▀[m[38;2;150;128;62m▄[m[38;2;185;160;108;48;2;185;160;108m▀[m[38;2;185;160;108;48;2;189;158;116m▀[m  [38;2;119;87;56m▄[m[38;2;119;87;56m▄[m [38;2;119;87;56m▄[m[38;2;113;94;53;48;2;185;160;108m▀[m[38;2;113;94;53m▄[m [38;2;185;160;108;48;2;185;160;108m▀[m[38;2;185;160;108;48;2;185;160;108m▀[m[38;2;150;128;62m▄[m[38;2;185;160;108;48;2;205;171;120m▀[m[38;2;119;87;56;48;2;170;138;101m▀[m[38;2;189;158;116m▀[m
           [38;2;140;205;39;48;2;85;71;40m▀[m[38;2;107;96;47m▄[m[38;2;85;71;40;48;2;151;135;67m▀[m[38;2;107;96;47;48;2;151;135;67m▀[m[38;2;65;73;29;48;2;151;135;67m▀[m[38;2;111;80;54m▄[m[38;2;65;73;29m▄[m[38;2;140;205;39m▄[m[38;2;140;205;39m▄[m[38;2;103;88;40m▄[m                  [38;2;76;65;43m▀[m[38;2;86;166;48m▀[m[38;2;105;177;44;48;2;114;98;54m▀[m[38;2;114;98;54;48;2;150;116;77m▀[m[38;2;76;65;43m▄[m[38;2;76;65;43;48;2;97;90;45m▀[m[38;2;167;119;72;48;2;167;119;72m▀[m[38;2;76;65;43;48;2;150;108;60m▀[m[38;2;114;98;54m▄[m[38;2;167;119;72m▄[m[38;2;150;116;77m▄[m[38;2;76;65;43m▄[m[38;2;162;165;43m▄[m[38;2;90;87;59;48;2;175;135;90m▀[m[38;2;167;119;72;48;2;114;98;54m▀[m[38;2;76;65;43;48;2;97;90;45m▀[m[38;2;90;87;59m▄[m[38;2;150;108;60;48;2;150;116;77m▀[m[38;2;86;166;48;48;2;114;98;54m▀[m[38;2;105;205;50;48;2;105;177;44m▀[m[38;2;105;205;50;48;2;76;65;43m▀[m[38;2;86;156;37m▀[m            [38;2;119;87;56m▄[m[38;2;119;87;56m▄[m[38;2;185;160;108;48;2;72;69;48m▀[m[38;2;205;171;120;48;2;107;94;54m▀[m[38;2;205;171;120;48;2;185;160;108m▀[m[38;2;205;171;120;48;2;205;171;120m▀[m[38;2;169;122;73m▄[m [38;2;205;171;120;48;2;159;117;73m▀[m[38;2;113;94;53m▄[m[38;2;113;94;53m▄[m[38;2;119;87;56;48;2;72;77;44m▀[m[38;2;185;160;108;48;2;72;69;48m▀[m[38;2;113;94;53m▄[m[38;2;113;94;53;48;2;176;136;78m▀[m[38;2;226;198;151;48;2;205;171;120m▀[m[38;2;205;171;120;48;2;170;138;101m▀[m[38;2;205;171;120;48;2;170;138;101m▀[m[38;2;170;138;101;48;2;113;94;53m▀[m[38;2;72;69;48m▄[m[38;2;119;87;56m▄[m
          [38;2;153;112;69m▄[m[38;2;143;103;68;48;2;179;136;79m▀[m[38;2;151;162;49;48;2;151;135;67m▀[m[38;2;140;205;39;48;2;140;205;39m▀[m[38;2;119;163;41;48;2;151;135;67m▀[m[38;2;151;135;67;48;2;153;112;69m▀[m[38;2;153;112;69;48;2;111;80;54m▀[m[38;2;151;135;67;48;2;119;163;41m▀[m[38;2;119;163;41;48;2;107;96;47m▀[m[38;2;140;205;39;48;2;119;163;41m▀[m[38;2;119;163;41;48;2;119;163;41m▀[m  [38;2;87;62;44m▄[m[38;2;107;96;47m▄[m                [38;2;61;57;46;48;2;208;162;13m▀[m[38;2;97;90;45m▀[m[38;2;167;119;72;48;2;97;90;45m▀[m[38;2;114;98;54;48;2;150;108;60m▀[m[38;2;150;108;60;48;2;167;119;72m▀[m[38;2;167;119;72;48;2;167;119;72m▀[m[38;2;175;135;90;48;2;175;135;90m▀[m[38;2;167;119;72;48;2;167;119;72m▀[m[38;2;167;119;72;48;2;167;119;72m▀[m[38;2;150;108;60;48;2;167;119;72m▀[m[38;2;175;135;90;48;2;150;108;60m▀[m[38;2;114;98;54;48;2;114;98;54m▀[m[38;2;76;65;43;48;2;61;57;46m▀[m[38;2;114;98;54;48;2;76;65;43m▀[m[38;2;150;108;60;48;2;97;90;45m▀[m[38;2;76;65;43m▀[m[38;2;97;90;45;48;2;97;90;45m▀[m[38;2;97;90;45m▀[m               [38;2;185;160;108;48;2;72;69;48m▀[m[38;2;72;69;48m▀[m[38;2;113;94;53;48;2;113;94;53m▀[m[38;2;113;94;53m▀[m[38;2;176;136;78;48;2;113;94;53m▀[m[38;2;176;136;78;48;2;176;136;78m▀[m[38;2;107;94;54;48;2;176;136;78m▀[m[38;2;119;87;56;48;2;176;136;78m▀[m[38;2;176;136;78;48;2;176;136;78m▀[m[38;2;169;122;73;48;2;176;136;78m▀[m[38;2;72;77;44;48;2;144;108;62m▀[m[38;2;72;69;48;48;2;176;136;78m▀[m[38;2;176;136;78;48;2;176;136;78m▀[m[38;2;169;122;73;48;2;107;94;54m▀[m[38;2;107;94;54m▀[m [38;2;72;69;48;48;2;72;69;48m▀[m[38;2;113;94;53m▀[m[38;2;176;136;78;48;2;72;77;44m▀[m
       [38;2;103;88;40;48;2;170;122;76m▀[m[38;2;87;62;44m▄[m [38;2;85;71;40;48;2;138;149;51m▀[m[38;2;85;71;40;48;2;240;235;24m▀[m[38;2;111;80;54;48;2;103;88;40m▀[m[38;2;111;80;54m▀[m[38;2;87;62;44;48;2;103;88;40m▀[m[38;2;103;88;40;48;2;240;235;24m▀[m[38;2;85;71;40;48;2;151;162;49m▀[m[38;2;65;73;29;48;2;85;71;40m▀[m[38;2;111;80;54;48;2;111;80;54m▀[m[38;2;107;96;47;48;2;107;96;47m▀[m[38;2;65;73;29;48;2;107;96;47m▀[m[38;2;103;88;40;48;2;65;73;29m▀[m[38;2;103;88;40;48;2;123;90;56m▀[m[38;2;170;122;76;48;2;179;136;79m▀[m[38;2;143;103;68;48;2;107;96;47m▀[m                [38;2;186;199;41;48;2;162;165;43m▀[m  [38;2;76;65;43m▀[m[38;2;76;65;43m▀[m[38;2;150;108;60;48;2;119;87;53m▀[m[38;2;167;119;72;48;2;150;108;60m▀[m[38;2;167;119;72;48;2;150;108;60m▀[m[38;2;150;108;60;48;2;76;65;43m▀[m[38;2;76;65;43m▀[m[38;2;76;65;43m▀[m[38;2;114;98;54;48;2;61;57;46m▀[m    [38;2;119;87;53;48;2;208;162;13m▀[m[38;2;119;87;53;48;2;162;165;43m▀[m               [38;2;119;87;56;48;2;211;184;26m▀[m[38;2;113;94;53m▄[m[38;2;150;128;62m▀[m[38;2;113;94;53m▀[m [38;2;72;69;48m▀[m[38;2;176;136;78;48;2;113;94;53m▀[m[38;2;176;136;78;48;2;159;117;73m▀[m[38;2;176;136;78;48;2;176;136;78m▀[m[38;2;176;136;78;48;2;150;128;62m▀[m[38;2;176;136;78;48;2;113;94;53m▀[m[38;2;107;94;54;48;2;113;94;53m▀[m[38;2;72;69;48;48;2;113;94;53m▀[m   [38;2;211;184;26;48;2;113;94;53m▀[m [38;2;119;87;56;48;2;211;184;26m▀[m
      [38;2;85;71;40m▄[m[38;2;151;135;67;48;2;151;135;67m▀[m[38;2;111;80;54;48;2;153;112;69m▀[m[38;2;103;88;40;48;2;65;73;29m▀[m[38;2;138;149;51m▀[m[38;2;240;235;24;48;2;103;88;40m▀[m  [38;2;103;88;40m▀[m[38;2;240;235;24;48;2;103;88;40m▀[m[38;2;151;162;49;48;2;103;88;40m▀[m[38;2;85;71;40;48;2;87;62;44m▀[m[38;2;111;80;54;48;2;107;96;47m▀[m[38;2;119;163;41;48;2;140;205;39m▀[m[38;2;107;96;47;48;2;107;96;47m▀[m[38;2;143;103;68;48;2;179;136;79m▀[m[38;2;107;96;47;48;2;153;112;69m▀[m[38;2;170;122;76;48;2;111;80;54m▀[m[38;2;153;112;69;48;2;111;80;54m▀[m[38;2;85;71;40;48;2;143;103;68m▀[m[38;2;85;71;40m▄[m                  [38;2;186;199;41;48;2;136;132;51m▀[m[38;2;97;90;45;48;2;97;90;45m▀[m[38;2;90;87;59;48;2;61;57;46m▀[m[38;2;119;87;53;48;2;76;65;43m▀[m[38;2;97;90;45;48;2;97;90;45m▀[m[38;2;186;199;41;48;2;162;165;43m▀[m[38;2;97;90;45m▄[m[38;2;61;57;46;48;2;61;57;46m▀[m[38;2;136;132;51m▄[m[38;2;105;205;50m▄[m[38;2;86;166;48m▄[m [38;2;97;90;45m▀[m[38;2;97;90;45m▀[m               [38;2;72;69;48m▀[m  [38;2;115;171;41m▄[m[38;2;137;200;41m▄[m[38;2;72;69;48m▄[m[38;2;211;184;26;48;2;72;69;48m▀[m[38;2;113;94;53;48;2;72;69;48m▀[m[38;2;159;117;73;48;2;107;94;54m▀[m[38;2;113;94;53;48;2;113;94;53m▀[m[38;2;211;184;26;48;2;119;87;56m▀[m[38;2;72;69;48m▄[m[38;2;72;77;44;48;2;72;77;44m▀[m[38;2;137;200;41m▄[m[38;2;113;94;53;48;2;137;200;41m▀[m[38;2;115;171;41m▄[m  [38;2;119;87;56m▀[m
     [38;2;85;71;40m▄[m[38;2;143;103;68;48;2;179;136;79m▀[m[38;2;179;136;79;48;2;170;122;76m▀[m[38;2;170;122;76;48;2;153;112;69m▀[m[38;2;111;80;54;48;2;87;62;44m▀[m[38;2;85;71;40;48;2;85;71;40m▀[m[38;2;151;135;67;48;2;111;80;54m▀[m[38;2;179;136;79;48;2;140;205;39m▀[m[38;2;170;122;76;48;2;140;205;39m▀[m[38;2;170;122;76;48;2;140;205;39m▀[m[38;2;151;162;49;48;2;119;163;41m▀[m[38;2;151;135;67;48;2;107;96;47m▀[m[38;2;107;96;47;48;2;153;112;69m▀[m[38;2;140;205;39;48;2;119;163;41m▀[m[38;2;119;163;41;48;2;107;96;47m▀[m[38;2;87;62;44;48;2;85;71;40m▀[m[38;2;179;136;79;48;2;143;103;68m▀[m[38;2;179;136;79;48;2;179;136;79m▀[m[38;2;153;112;69;48;2;170;122;76m▀[m[38;2;153;112;69;48;2;143;103;68m▀[m[38;2;170;122;76;48;2;107;96;47m▀[m[38;2;111;80;54;48;2;65;73;29m▀[m              [38;2;105;205;50m▄[m[38;2;186;199;41;48;2;105;205;50m▀[m[38;2;105;205;50;48;2;105;205;50m▀[m[38;2;105;177;44;48;2;61;57;46m▀[m[38;2;76;65;43;48;2;167;119;72m▀[m[38;2;150;108;60;48;2;114;98;54m▀[m[38;2;175;135;90;48;2;61;57;46m▀[m[38;2;167;119;72;48;2;61;57;46m▀[m[38;2;150;108;60;48;2;90;87;59m▀[m[38;2;61;57;46;48;2;175;135;90m▀[m[38;2;114;98;54;48;2;114;98;54m▀[m[38;2;90;87;59;48;2;90;87;59m▀[m[38;2;162;165;43;48;2;162;165;43m▀[m[38;2;105;205;50;48;2;105;205;50m▀[m[38;2;105;205;50;48;2;105;205;50m▀[m[38;2;105;177;44;48;2;105;205;50m▀[m[38;2;86;156;37m▄[m                 [38;2;113;94;53m▄[m[38;2;115;171;41;48;2;137;200;41m▀[m[38;2;137;200;41;48;2;137;200;41m▀[m[38;2;119;163;55;48;2;115;171;41m▀[m[38;2;72;77;44;48;2;144;108;62m▀[m[38;2;159;117;73;48;2;176;136;78m▀[m[38;2;144;108;62m▀[m[38;2;144;108;62m▀[m[38;2;107;94;54m▀[m[38;2;107;94;54;48;2;176;136;78m▀[m[38;2;107;94;54;48;2;107;94;54m▀[m[38;2;107;94;54;48;2;72;77;44m▀[m[38;2;137;200;41;48;2;176;136;78m▀[m[38;2;137;200;41;48;2;137;200;41m▀[m[38;2;137;200;41;48;2;137;200;41m▀[m[38;2;72;69;48;48;2;119;163;55m▀[m[38;2;113;94;53m▄[m
     [38;2;103;88;40;48;2;103;88;40m▀[m[38;2;123;90;56;48;2;143;103;68m▀[m[38;2;143;103;68;48;2;111;80;54m▀[m[38;2;65;73;29;48;2;65;73;29m▀[m[38;2;85;71;40;48;2;143;103;68m▀[m[38;2;179;136;79;48;2;179;136;79m▀[m[38;2;170;122;76;48;2;142;110;62m▀[m[38;2;111;80;54;48;2;119;163;41m▀[m[38;2;87;62;44;48;2;119;163;41m▀[m[38;2;87;62;44;48;2;119;163;41m▀[m[38;2;87;62;44;48;2;107;96;47m▀[m[38;2;153;112;69;48;2;65;73;29m▀[m[38;2;170;122;76;48;2;170;122;76m▀[m[38;2;153;112;69;48;2;170;122;76m▀[m[38;2;153;112;69;48;2;153;112;69m▀[m[38;2;87;62;44;48;2;111;80;54m▀[m[38;2;103;88;40m▄[m[38;2;85;71;40m▀[m[38;2;87;62;44;48;2;85;71;40m▀[m[38;2;87;62;44;48;2;170;122;76m▀[m[38;2;87;62;44;48;2;170;122;76m▀[m[38;2;87;62;44;48;2;170;122;76m▀[m[38;2;107;96;47m▄[m             [38;2;105;205;50;48;2;61;57;46m▀[m[38;2;105;205;50;48;2;61;57;46m▀[m[38;2;61;57;46;48;2;76;65;43m▀[m[38;2;150;108;60;48;2;167;119;72m▀[m[38;2;119;87;53m▀[m[38;2;136;132;51m▄[m[38;2;76;65;43;48;2;186;199;41m▀[m[38;2;119;87;53;48;2;213;196;138m▀[m[38;2;97;90;45;48;2;162;165;43m▀[m[38;2;76;65;43m▀[m[38;2;167;119;72;48;2;175;135;90m▀[m[38;2;76;65;43;48;2;114;98;54m▀[m[38;2;114;98;54;48;2;76;65;43m▀[m[38;2;114;98;54;48;2;61;57;46m▀[m[38;2;105;205;50;48;2;90;87;59m▀[m[38;2;105;205;50;48;2;86;156;37m▀[m[38;2;105;205;50;48;2;86;156;37m▀[m[38;2;76;65;43;48;2;97;90;45m▀[m                 [38;2;115;171;41;48;2;107;94;54m▀[m[38;2;72;77;44;48;2;107;94;54m▀[m[38;2;72;69;48;48;2;72;77;44m▀[m[38;2;176;136;78;48;2;176;136;78m▀[m [38;2;144;108;62;48;2;211;184;26m▀[m[38;2;211;184;26;48;2;226;198;151m▀[m[38;2;150;128;62;48;2;211;184;26m▀[m[38;2;113;94;53m▄[m[38;2;169;122;73;48;2;176;136;78m▀[m[38;2;72;69;48;48;2;107;94;54m▀[m[38;2;72;69;48;48;2;72;77;44m▀[m[38;2;72;77;44;48;2;107;94;54m▀[m[38;2;115;171;41;48;2;107;94;54m▀[m[38;2;115;171;41;48;2;72;77;44m▀[m[38;2;113;94;53m▀[m
  [38;2;103;88;40m▄[m[38;2;140;205;39m▄[m[38;2;151;162;49m▄[m[38;2;123;90;56;48;2;65;73;29m▀[m[38;2;170;122;76;48;2;65;73;29m▀[m[38;2;143;103;68;48;2;87;62;44m▀[m[38;2;65;73;29m▀[m[38;2;179;136;79;48;2;179;136;79m▀[m[38;2;153;112;69;48;2;111;80;54m▀[m[38;2;119;163;41;48;2;165;220;55m▀[m[38;2;165;220;55;48;2;119;163;41m▀[m[38;2;140;205;39;48;2;103;88;40m▀[m[38;2;140;205;39;48;2;103;88;40m▀[m[38;2;140;205;39;48;2;119;163;41m▀[m[38;2;151;162;49;48;2;140;205;39m▀[m[38;2;87;62;44;48;2;138;149;51m▀[m[38;2;153;112;69;48;2;111;80;54m▀[m[38;2;111;80;54;48;2;111;80;54m▀[m[38;2;111;80;54;48;2;111;80;54m▀[m[38;2;111;80;54;48;2;111;80;54m▀[m  [38;2;143;103;68m▀[m[38;2;143;103;68;48;2;85;71;40m▀[m[38;2;107;96;47;48;2;153;112;69m▀[m[38;2;87;62;44;48;2;140;205;39m▀[m[38;2;103;88;40;48;2;140;205;39m▀[m[38;2;128;198;34m▄[m         [38;2;76;65;43;48;2;105;177;44m▀[m[38;2;114;98;54;48;2;162;165;43m▀[m[38;2;150;116;77;48;2;114;98;54m▀[m[38;2;114;98;54;48;2;61;57;46m▀[m[38;2;61;57;46;48;2;61;57;46m▀[m[38;2;175;135;90;48;2;175;135;90m▀[m [38;2;162;165;43;48;2;208;162;13m▀[m[38;2;213;196;138;48;2;186;199;41m▀[m[38;2;213;196;138;48;2;186;199;41m▀[m[38;2;186;199;41;48;2;162;165;43m▀[m [38;2;175;135;90;48;2;175;135;90m▀[m[38;2;150;108;60;48;2;114;98;54m▀[m[38;2;76;65;43m▀[m[38;2;90;87;59;48;2;97;90;45m▀[m[38;2;114;98;54;48;2;114;98;54m▀[m[38;2;114;98;54;48;2;162;165;43m▀[m[38;2;114;98;54;48;2;186;199;41m▀[m[38;2;76;65;43;48;2;86;166;48m▀[m[38;2;76;65;43;48;2;86;156;37m▀[m[38;2;76;65;43m▄[m             [38;2;72;69;48;48;2;115;171;41m▀[m[38;2;72;77;44;48;2;137;200;41m▀[m[38;2;159;117;73;48;2;72;77;44m▀[m[38;2;109;103;80;48;2;107;94;54m▀[m[38;2;72;77;44;48;2;72;69;48m▀[m[38;2;176;136;78;48;2;144;108;62m▀[m[38;2;159;117;73m▄[m[38;2;211;184;26m▀[m[38;2;211;184;26m▀[m[38;2;211;184;26;48;2;113;94;53m▀[m[38;2;169;122;73m▄[m[38;2;176;136;78;48;2;107;94;54m▀[m[38;2;72;77;44;48;2;113;94;53m▀[m [38;2;109;103;80;48;2;113;94;53m▀[m[38;2;159;117;73;48;2;72;77;44m▀[m[38;2;72;77;44;48;2;137;200;41m▀[m[38;2;115;171;41;48;2;119;163;55m▀[m[38;2;113;94;53m▄[m
[38;2;85;71;40m▄[m[38;2;138;149;51;48;2;140;205;39m▀[m[38;2;140;205;39;48;2;140;205;39m▀[m[38;2;140;205;39;48;2;151;162;49m▀[m[38;2;140;205;39;48;2;179;136;79m▀[m[38;2;151;162;49;48;2;179;136;79m▀[m[38;2;142;110;62;48;2;111;80;54m▀[m[38;2;103;88;40;48;2;87;62;44m▀[m [38;2;170;122;76;48;2;153;112;69m▀[m[38;2;111;80;54;48;2;111;80;54m▀[m[38;2;140;205;39;48;2;165;220;55m▀[m[38;2;85;71;40;48;2;65;73;29m▀[m[38;2;165;220;55;48;2;128;198;34m▀[m[38;2;140;205;39;48;2;128;198;34m▀[m[38;2;85;71;40;48;2;85;71;40m▀[m[38;2;140;205;39;48;2;140;205;39m▀[m[38;2;65;73;29;48;2;107;96;47m▀[m[38;2;87;62;44;48;2;111;80;54m▀[m[38;2;111;80;54;48;2;111;80;54m▀[m[38;2;111;80;54;48;2;111;80;54m▀[m[38;2;87;62;44m▀[m  [38;2;103;88;40;48;2;142;110;62m▀[m[38;2;140;205;39;48;2;179;136;79m▀[m[38;2;140;205;39;48;2;179;136;79m▀[m[38;2;140;205;39;48;2;140;205;39m▀[m[38;2;140;205;39;48;2;140;205;39m▀[m[38;2;140;205;39;48;2;140;205;39m▀[m[38;2;128;198;34;48;2;140;205;39m▀[m[38;2;85;71;40m▄[m      [38;2;136;132;51;48;2;76;65;43m▀[m[38;2;162;165;43;48;2;61;57;46m▀[m[38;2;167;119;72;48;2;76;65;43m▀[m[38;2;150;116;77;48;2;76;65;43m▀[m[38;2;61;57;46;48;2;61;57;46m▀[m [38;2;114;98;54;48;2;97;90;45m▀[m[38;2;150;108;60;48;2;114;98;54m▀[m[38;2;97;90;45;48;2;150;108;60m▀[m[38;2;76;65;43;48;2;136;132;51m▀[m[38;2;76;65;43;48;2;136;132;51m▀[m[38;2;76;65;43;48;2;114;98;54m▀[m[38;2;136;132;51;48;2;114;98;54m▀[m[38;2;114;98;54;48;2;76;65;43m▀[m[38;2;76;65;43;48;2;61;57;46m▀[m  [38;2;119;87;53;48;2;97;90;45m▀[m[38;2;162;165;43;48;2;76;65;43m▀[m[38;2;162;165;43;48;2;90;87;59m▀[m[38;2;105;177;44;48;2;150;108;60m▀[m[38;2;61;57;46;48;2;119;87;53m▀[m[38;2;76;65;43;48;2;76;65;43m▀[m            [38;2;72;77;44;48;2;119;87;56m▀[m[38;2;119;163;55;48;2;176;136;78m▀[m[38;2;119;163;55;48;2;159;117;73m▀[m[38;2;159;117;73;48;2;144;108;62m▀[m[38;2;72;69;48;48;2;107;94;54m▀[m [38;2;72;77;44m▄[m[38;2;144;108;62;48;2;72;69;48m▀[m[38;2;176;136;78;48;2;159;117;73m▀[m[38;2;176;136;78;48;2;176;136;78m▀[m[38;2;176;136;78;48;2;72;77;44m▀[m[38;2;107;94;54;48;2;72;69;48m▀[m[38;2;72;69;48;48;2;72;77;44m▀[m[38;2;72;69;48;48;2;107;94;54m▀[m  [38;2;144;108;62;48;2;169;122;73m▀[m[38;2;119;163;55;48;2;176;136;78m▀[m[38;2;119;163;55;48;2;169;122;73m▀[m[38;2;115;171;41;48;2;107;94;54m▀[m
[38;2;85;71;40;48;2;103;88;40m▀[m[38;2;140;205;39;48;2;151;135;67m▀[m[38;2;151;162;49;48;2;153;112;69m▀[m[38;2;151;135;67;48;2;111;80;54m▀[m[38;2;111;80;54;48;2;151;135;67m▀[m[38;2;107;96;47;48;2;142;110;62m▀[m[38;2;111;80;54;48;2;87;62;44m▀[m[38;2;87;62;44;48;2;85;71;40m▀[m  [38;2;85;71;40;48;2;65;73;29m▀[m[38;2;140;205;39;48;2;107;96;47m▀[m[38;2;140;205;39;48;2;140;205;39m▀[m[38;2;138;149;51;48;2;140;205;39m▀[m[38;2;138;149;51;48;2;140;205;39m▀[m[38;2;140;205;39;48;2;140;205;39m▀[m[38;2;140;205;39;48;2;111;80;54m▀[m[38;2;87;62;44;48;2;87;62;44m▀[m[38;2;87;62;44;48;2;87;62;44m▀[m[38;2;65;73;29;48;2;111;80;54m▀[m[38;2;85;71;40;48;2;111;80;54m▀[m[38;2;85;71;40m▄[m[38;2;103;88;40m▄[m[38;2;103;88;40;48;2;170;122;76m▀[m[38;2;153;112;69;48;2;179;136;79m▀[m[38;2;153;112;69;48;2;170;122;76m▀[m[38;2;143;103;68;48;2;143;103;68m▀[m[38;2;119;163;41;48;2;153;112;69m▀[m[38;2;119;163;41;48;2;142;110;62m▀[m[38;2;140;205;39;48;2;119;163;41m▀[m[38;2;140;205;39;48;2;119;163;41m▀[m[38;2;85;71;40;48;2;85;71;40m▀[m     [38;2;119;87;53m▄[m[38;2;119;87;53;48;2;103;97;84m▀[m[38;2;175;135;90;48;2;150;116;77m▀[m[38;2;103;97;84;48;2;90;87;59m▀[m[38;2;90;87;59;48;2;150;116;77m▀[m [38;2;97;90;45m▄[m[38;2;90;87;59;48;2;103;97;84m▀[m[38;2;61;57;46;48;2;114;98;54m▀[m[38;2;150;108;60;48;2;76;65;43m▀[m[38;2;175;135;90;48;2;150;108;60m▀[m[38;2;175;135;90;48;2;114;98;54m▀[m[38;2;114;98;54;48;2;76;65;43m▀[m[38;2;76;65;43;48;2;61;57;46m▀[m[38;2;61;57;46;48;2;103;97;84m▀[m[38;2;105;177;44;48;2;103;97;84m▀[m [38;2;76;65;43;48;2;150;116;77m▀[m[38;2;90;87;59;48;2;90;87;59m▀[m[38;2;175;135;90;48;2;213;196;138m▀[m[38;2;90;87;59;48;2;90;87;59m▀[m[38;2;114;98;54;48;2;103;97;84m▀[m[38;2;76;65;43;48;2;76;65;43m▀[m[38;2;86;156;37;48;2;86;156;37m▀[m[38;2;86;156;37;48;2;86;156;37m▀[m           [38;2;72;69;48;48;2;113;94;53m▀[m[38;2;72;77;44;48;2;109;103;80m▀[m[38;2;72;77;44;48;2;107;94;54m▀[m[38;2;72;77;44;48;2;185;160;108m▀[m[38;2;113;94;53;48;2;113;94;53m▀[m[38;2;113;94;53m▄[m[38;2;107;94;54;48;2;109;103;80m▀[m[38;2;72;77;44;48;2;72;77;44m▀[m[38;2;72;77;44;48;2;144;108;62m▀[m[38;2;72;77;44;48;2;119;163;55m▀[m[38;2;72;69;48;48;2;72;77;44m▀[m[38;2;72;77;44;48;2;72;77;44m▀[m[38;2;107;94;54;48;2;109;103;80m▀[m[38;2;107;94;54;48;2;109;103;80m▀[m[38;2;72;69;48;48;2;72;77;44m▀[m[38;2;72;69;48m▄[m[38;2;72;77;44;48;2;185;160;108m▀[m[38;2;72;77;44;48;2;170;138;101m▀[m[38;2;144;108;62;48;2;109;103;80m▀[m[38;2;144;108;62;48;2;107;94;54m▀[m
[38;2;85;71;40;48;2;85;71;40m▀[m[38;2;179;136;79;48;2;179;136;79m▀[m[38;2;111;80;54;48;2;143;103;68m▀[m[38;2;85;71;40;48;2;85;71;40m▀[m[38;2;179;136;79;48;2;107;96;47m▀[m[38;2;151;135;67;48;2;111;80;54m▀[m[38;2;85;71;40;48;2;103;88;40m▀[m [38;2;103;88;40m▄[m[38;2;85;71;40;48;2;153;112;69m▀[m[38;2;111;80;54;48;2;111;80;54m▀[m[38;2;87;62;44;48;2;111;80;54m▀[m[38;2;85;71;40;48;2;103;88;40m▀[m[38;2;65;73;29;48;2;65;73;29m▀[m[38;2;65;73;29;48;2;111;80;54m▀[m[38;2;65;73;29;48;2;111;80;54m▀[m[38;2;111;80;54;48;2;87;62;44m▀[m[38;2;85;71;40;48;2;85;71;40m▀[m[38;2;142;110;62;48;2;119;163;41m▀[m[38;2;151;162;49;48;2;151;135;67m▀[m[38;2;119;163;41;48;2;119;163;41m▀[m[38;2;87;62;44;48;2;87;62;44m▀[m[38;2;85;71;40;48;2;103;88;40m▀[m[38;2;179;136;79;48;2;170;122;76m▀[m[38;2;170;122;76;48;2;170;122;76m▀[m[38;2;170;122;76;48;2;107;96;47m▀[m[38;2;87;62;44m▀[m[38;2;103;88;40m▀[m[38;2;170;122;76;48;2;143;103;68m▀[m[38;2;153;112;69;48;2;170;122;76m▀[m[38;2;111;80;54;48;2;153;112;69m▀[m[38;2;85;71;40;48;2;85;71;40m▀[m     [38;2;119;87;53;48;2;76;65;43m▀[m[38;2;90;87;59;48;2;90;87;59m▀[m[38;2;103;97;84;48;2;175;135;90m▀[m[38;2;97;90;45;48;2;103;97;84m▀[m[38;2;103;97;84m▀[m [38;2;61;57;46;48;2;61;57;46m▀[m[38;2;150;116;77;48;2;103;97;84m▀[m[38;2;114;98;54;48;2;61;57;46m▀[m[38;2;97;90;45m▄[m[38;2;76;65;43;48;2;86;156;37m▀[m[38;2;76;65;43;48;2;90;87;59m▀[m[38;2;76;65;43;48;2;76;65;43m▀[m[38;2;61;57;46;48;2;114;98;54m▀[m[38;2;105;177;44;48;2;103;97;84m▀[m[38;2;103;97;84;48;2;61;57;46m▀[m [38;2;103;97;84m▀[m[38;2;76;65;43;48;2;119;87;53m▀[m[38;2;90;87;59;48;2;175;135;90m▀[m[38;2;61;57;46;48;2;90;87;59m▀[m[38;2;103;97;84;48;2;103;97;84m▀[m[38;2;76;65;43;48;2;76;65;43m▀[m[38;2;86;156;37;48;2;86;156;37m▀[m[38;2;86;156;37;48;2;86;156;37m▀[m           [38;2;119;87;56m▀[m[38;2;72;77;44;48;2;72;77;44m▀[m[38;2;72;69;48;48;2;159;117;73m▀[m[38;2;109;103;80;48;2;72;69;48m▀[m[38;2;113;94;53m▀[m[38;2;72;69;48;48;2;72;69;48m▀[m[38;2;109;103;80;48;2;109;103;80m▀[m[38;2;72;77;44;48;2;72;69;48m▀[m[38;2;159;117;73;48;2;159;117;73m▀[m[38;2;159;117;73;48;2;159;117;73m▀[m[38;2;72;77;44;48;2;72;69;48m▀[m[38;2;72;69;48;48;2;107;94;54m▀[m[38;2;119;163;55;48;2;107;94;54m▀[m[38;2;109;103;80;48;2;107;94;54m▀[m[38;2;72;77;44;48;2;72;77;44m▀[m[38;2;72;69;48m▀[m[38;2;109;103;80;48;2;72;69;48m▀[m[38;2;119;87;56;48;2;185;160;108m▀[m[38;2;72;77;44;48;2;72;77;44m▀[m[38;2;107;94;54;48;2;72;77;44m▀[m
[38;2;103;88;40m▀[m[38;2;143;103;68;48;2;103;88;40m▀[m[38;2;153;112;69;48;2;153;112;69m▀[m[38;2;111;80;54;48;2;143;103;68m▀[m [38;2;85;71;40m▀[m [38;2;143;103;68m▄[m[38;2;142;110;62;48;2;170;122;76m▀[m[38;2;143;103;68;48;2;170;122;76m▀[m[38;2;111;80;54;48;2;143;103;68m▀[m[38;2;111;80;54;48;2;111;80;54m▀[m[38;2;85;71;40;48;2;143;103;68m▀[m    [38;2;103;88;40m▄[m[38;2;65;73;29;48;2;143;103;68m▀[m[38;2;153;112;69;48;2;153;112;69m▀[m[38;2;111;80;54;48;2;170;122;76m▀[m[38;2;111;80;54;48;2;111;80;54m▀[m[38;2;103;88;40;48;2;111;80;54m▀[m[38;2;85;71;40;48;2;103;88;40m▀[m[38;2;123;90;56m▀[m  [38;2;123;90;56;48;2;170;122;76m▀[m[38;2;170;122;76;48;2;170;122;76m▀[m[38;2;170;122;76;48;2;87;62;44m▀[m[38;2;107;96;47;48;2;103;88;40m▀[m[38;2;103;88;40m▀[m       [38;2;76;65;43m▀[m[38;2;97;90;45m▀[m [38;2;90;87;59m▄[m[38;2;162;165;43;48;2;162;165;43m▀[m[38;2;150;108;60;48;2;167;119;72m▀[m[38;2;114;98;54;48;2;150;116;77m▀[m[38;2;97;90;45;48;2;97;90;45m▀[m[38;2;97;90;45m▀[m[38;2;105;177;44;48;2;97;90;45m▀[m[38;2;76;65;43;48;2;76;65;43m▀[m[38;2;150;116;77;48;2;167;119;72m▀[m[38;2;150;108;60;48;2;167;119;72m▀[m[38;2;150;108;60;48;2;162;165;43m▀[m[38;2;119;87;53m▄[m[38;2;97;90;45m▄[m[38;2;97;90;45m▀[m[38;2;90;87;59m▀[m[38;2;76;65;43;48;2;76;65;43m▀[m[38;2;97;90;45m▀[m[38;2;76;65;43m▄[m[38;2;86;156;37;48;2;86;166;48m▀[m[38;2;86;156;37;48;2;97;90;45m▀[m             [38;2;113;94;53m▀[m [38;2;119;87;56m▄[m[38;2;107;94;54;48;2;169;122;73m▀[m[38;2;159;117;73;48;2;144;108;62m▀[m[38;2;72;77;44;48;2;72;77;44m▀[m[38;2;169;122;73;48;2;176;136;78m▀[m[38;2;169;122;73;48;2;169;122;73m▀[m[38;2;72;69;48;48;2;107;94;54m▀[m[38;2;72;69;48m▀[m[38;2;107;94;54;48;2;144;108;62m▀[m[38;2;144;108;62;48;2;159;117;73m▀[m[38;2;107;94;54;48;2;159;117;73m▀[m[38;2;72;77;44m▄[m [38;2;72;69;48m▀[m[38;2;113;94;53m▀[m
       [38;2;85;71;40m▀[m[38;2;85;71;40m▀[m[38;2;85;71;40m▀[m[38;2;85;71;40m▀[m[38;2;85;71;40m▀[m[38;2;85;71;40m▀[m     [38;2;123;90;56m▀[m[38;2;85;71;40m▀[m[38;2;123;90;56m▀[m[38;2;85;71;40m▀[m[38;2;85;71;40m▀[m[38;2;103;88;40m▀[m   [38;2;103;88;40m▀[m[38;2;103;88;40m▀[m           [38;2;76;65;43;48;2;119;87;53m▀[m[38;2;150;108;60;48;2;119;87;53m▀[m[38;2;167;119;72;48;2;76;65;43m▀[m[38;2;167;119;72;48;2;76;65;43m▀[m[38;2;114;98;54m▀[m[38;2;150;116;77;48;2;76;65;43m▀[m[38;2;90;87;59;48;2;119;87;53m▀[m[38;2;97;90;45;48;2;97;90;45m▀[m [38;2;119;87;53;48;2;119;87;53m▀[m[38;2;167;119;72;48;2;119;87;53m▀[m[38;2;114;98;54m▀[m[38;2;167;119;72;48;2;119;87;53m▀[m[38;2;167;119;72;48;2;119;87;53m▀[m[38;2;90;87;59;48;2;119;87;53m▀[m[38;2;97;90;45;48;2;76;65;43m▀[m [38;2;76;65;43m▀[m[38;2;86;156;37m▀[m[38;2;86;156;37m▀[m[38;2;97;90;45m▀[m              [38;2;119;87;56;48;2;113;94;53m▀[m[38;2;107;94;54;48;2;113;94;53m▀[m[38;2;159;117;73;48;2;113;94;53m▀[m[38;2;107;94;54;48;2;113;94;53m▀[m[38;2;72;69;48;48;2;113;94;53m▀[m[38;2;119;87;56;48;2;150;128;62m▀[m[38;2;169;122;73;48;2;72;69;48m▀[m[38;2;72;77;44m▀[m[38;2;169;122;73;48;2;119;87;56m▀[m[38;2;119;87;56;48;2;189;158;116m▀[m[38;2;72;69;48m▀[m[38;2;107;94;54;48;2;113;94;53m▀[m[38;2;144;108;62;48;2;113;94;53m▀[m[38;2;169;122;73;48;2;113;94;53m▀[m[38;2;159;117;73;48;2;113;94;53m▀[m[38;2;72;69;48;48;2;113;94;53m▀[m

[1mtaproot[m                           [1mtaprouter[m                         [1mrhizoracle[m
                                                                               [38;2;81;52;38m▄[m[38;2;212;55;5m▄[m[38;2;156;49;13;48;2;235;96;8m▀[m[38;2;156;49;13;48;2;212;55;5m▀[m[38;2;50;35;40;48;2;81;52;38m▀[m   [38;2;212;55;5m▄[m[38;2;212;55;5m▄[m[38;2;212;55;5m▄[m[38;2;156;49;13m▄[m
         [38;2;37;35;34m▄[m[38;2;37;35;34;48;2;175;89;27m▀[m[38;2;175;89;27;48;2;37;35;34m▀[m[38;2;68;43;34;48;2;140;52;23m▀[m[38;2;47;37;34;48;2;236;157;40m▀[m[38;2;105;52;29;48;2;37;35;34m▀[m                                 [38;2;137;61;18m▄[m[38;2;220;146;43m▄[m[38;2;60;42;37m▄[m   [38;2;60;42;37m▄[m[38;2;157;89;28m▄[m[38;2;137;61;18;48;2;220;146;43m▀[m[38;2;87;45;26m▀[m                   [38;2;81;52;38m▄[m[38;2;212;55;5m▄[m[38;2;169;53;18;48;2;239;148;14m▀[m[38;2;235;96;8;48;2;235;96;8m▀[m[38;2;212;55;5m▀[m  [38;2;81;52;38m▄[m[38;2;212;55;5m▄[m[38;2;212;55;5;48;2;235;96;8m▀[m[38;2;235;96;8;48;2;169;53;18m▀[m[38;2;235;96;8;48;2;81;52;38m▀[m[38;2;156;49;13m▀[m[38;2;81;52;38m▀[m
        [38;2;43;34;30m▄[m[38;2;55;51;47m▄[m[38;2;37;35;34m▄[m [38;2;175;89;27;48;2;47;37;34m▀[m[38;2;175;89;27m▀[m       [38;2;47;37;34m▄[m[38;2;105;52;29m▄[m                       [38;2;83;74;71m▄[m[38;2;94;52;24;48;2;74;55;48m▀[m[38;2;190;92;23;48;2;190;92;23m▀[m[38;2;190;92;23;48;2;60;42;37m▀[m [38;2;60;42;37m▄[m[38;2;137;61;18;48;2;74;55;48m▀[m[38;2;83;74;71;48;2;74;55;48m▀[m[38;2;54;43;41;48;2;112;56;21m▀[m[38;2;157;89;28;48;2;49;31;26m▀[m[38;2;87;45;26m▀[m                  [38;2;212;55;5m▄[m[38;2;156;49;13;48;2;212;55;5m▀[m[38;2;212;55;5;48;2;235;96;8m▀[m[38;2;239;148;14;48;2;239;148;14m▀[m[38;2;235;96;8;48;2;169;53;18m▀[m[38;2;212;55;5;48;2;50;35;40m▀[m[38;2;60;58;73m▄[m[38;2;50;35;40;48;2;235;96;8m▀[m[38;2;156;49;13;48;2;169;53;18m▀[m[38;2;156;49;13;48;2;212;55;5m▀[m[38;2;235;96;8;48;2;239;148;14m▀[m[38;2;235;96;8;48;2;169;53;18m▀[m[38;2;156;49;13m▀[m
      [38;2;47;37;34m▄[m[38;2;36;33;31;48;2;87;79;71m▀[m[38;2;134;121;99;48;2;106;95;83m▀[m[38;2;87;79;71;48;2;52;47;44m▀[m[38;2;68;43;34;48;2;55;51;47m▀[m[38;2;68;43;34;48;2;113;103;88m▀[m[38;2;68;43;34;48;2;68;43;34m▀[m     [38;2;37;35;34m▄[m[38;2;37;35;34;48;2;175;89;27m▀[m[38;2;190;92;27;48;2;236;157;40m▀[m[38;2;236;157;40;48;2;190;92;27m▀[m[38;2;175;89;27;48;2;68;43;34m▀[m                  [38;2;87;45;26m▀[m[38;2;87;45;26m▀[m [38;2;60;42;37m▄[m[38;2;83;74;71;48;2;104;83;70m▀[m[38;2;74;55;48;48;2;106;73;47m▀[m[38;2;112;56;21;48;2;104;83;70m▀[m[38;2;112;56;21;48;2;54;43;41m▀[m[38;2;60;42;37;48;2;49;31;26m▀[m[38;2;48;36;34;48;2;74;55;48m▀[m[38;2;104;83;70;48;2;74;55;48m▀[m[38;2;54;43;41;48;2;56;35;30m▀[m[38;2;74;55;48;48;2;81;45;26m▀[m[38;2;45;29;26;48;2;60;42;37m▀[m  [38;2;87;45;26m▄[m[38;2;87;45;26m▄[m              [38;2;81;52;38m▄[m[38;2;81;52;38;48;2;235;96;8m▀[m[38;2;235;96;8;48;2;68;62;75m▀[m[38;2;50;35;40;48;2;81;52;38m▀[m[38;2;243;212;45;48;2;94;69;71m▀[m[38;2;115;72;52;48;2;68;62;75m▀[m[38;2;60;58;73;48;2;46;41;50m▀[m[38;2;42;35;41;48;2;42;35;41m▀[m[38;2;68;62;75;48;2;42;35;41m▀[m[38;2;108;51;40;48;2;212;55;5m▀[m[38;2;50;35;40;48;2;235;96;8m▀[m[38;2;173;86;25;48;2;235;96;8m▀[m[38;2;212;55;5;48;2;235;96;8m▀[m[38;2;50;35;40;48;2;108;51;40m▀[m[38;2;81;52;38;48;2;81;52;38m▀[m[38;2;212;55;5m▄[m[38;2;212;55;5;48;2;235;96;8m▀[m[38;2;169;53;18;48;2;212;55;5m▀[m[38;2;212;55;5m▀[m
     [38;2;68;43;34;48;2;36;33;31m▀[m[38;2;52;47;44;48;2;52;47;44m▀[m[38;2;106;95;83;48;2;106;95;83m▀[m[38;2;52;47;44;48;2;52;47;44m▀[m[38;2;52;47;44;48;2;43;34;30m▀[m[38;2;106;95;83;48;2;68;43;34m▀[m[38;2;43;34;30;48;2;36;33;31m▀[m[38;2;47;37;34m▄[m[38;2;52;47;44m▄[m[38;2;52;47;44m▄[m[38;2;36;33;31m▄[m[38;2;47;37;34;48;2;68;43;34m▀[m[38;2;87;79;71;48;2;113;103;88m▀[m[38;2;55;51;47;48;2;87;79;71m▀[m[38;2;47;37;34;48;2;52;47;44m▀[m[38;2;68;43;34;48;2;52;47;44m▀[m[38;2;105;52;29;48;2;47;37;34m▀[m                [38;2;87;45;26;48;2;157;89;28m▀[m[38;2;87;45;26m▀[m [38;2;87;45;26;48;2;83;74;71m▀[m[38;2;87;45;26;48;2;60;42;37m▀[m[38;2;60;42;37;48;2;83;74;71m▀[m[38;2;157;89;28;48;2;106;73;47m▀[m[38;2;104;83;70;48;2;54;43;41m▀[m[38;2;54;43;41;48;2;54;43;41m▀[m[38;2;74;55;48;48;2;54;43;41m▀[m[38;2;45;29;26;48;2;45;29;26m▀[m[38;2;45;29;26;48;2;81;45;26m▀[m[38;2;74;55;48;48;2;106;73;47m▀[m[38;2;112;56;21;48;2;83;74;71m▀[m[38;2;190;92;23;48;2;81;45;26m▀[m[38;2;190;92;23;48;2;94;52;24m▀[m[38;2;60;42;37;48;2;54;43;41m▀[m[38;2;157;89;28;48;2;54;43;41m▀[m[38;2;74;55;48;48;2;81;45;26m▀[m[38;2;74;55;48;48;2;60;42;37m▀[m[38;2;137;61;18m▀[m             [38;2;81;52;38;48;2;64;62;79m▀[m[38;2;115;72;52;48;2;68;62;75m▀[m[38;2;94;69;71;48;2;68;62;75m▀[m[38;2;60;58;73;48;2;68;62;75m▀[m[38;2;50;35;40;48;2;60;58;73m▀[m[38;2;68;62;75;48;2;46;41;50m▀[m[38;2;46;41;50;48;2;46;41;50m▀[m[38;2;46;41;50;48;2;169;53;18m▀[m[38;2;50;35;40;48;2;156;49;13m▀[m[38;2;46;41;50;48;2;42;35;41m▀[m[38;2;235;96;8;48;2;108;51;40m▀[m[38;2;235;96;8;48;2;98;47;36m▀[m[38;2;108;51;40;48;2;46;41;50m▀[m[38;2;46;41;50;48;2;46;41;50m▀[m[38;2;42;35;41;48;2;50;35;40m▀[m[38;2;212;55;5;48;2;229;86;7m▀[m[38;2;235;96;8;48;2;169;53;18m▀[m[38;2;212;55;5m▀[m
   [38;2;37;35;34m▄[m[38;2;37;35;34;48;2;36;33;31m▀[m[38;2;55;51;47;48;2;106;95;83m▀[m[38;2;113;103;88;48;2;134;121;99m▀[m[38;2;52;47;44;48;2;37;35;34m▀[m[38;2;68;43;34;48;2;43;34;30m▀[m[38;2;87;79;71;48;2;134;121;99m▀[m[38;2;113;103;88;48;2;113;103;88m▀[m[38;2;87;79;71;48;2;87;79;71m▀[m[38;2;37;35;34;48;2;43;34;30m▀[m[38;2;43;34;30;48;2;55;51;47m▀[m[38;2;55;51;47;48;2;113;103;88m▀[m[38;2;113;103;88;48;2;134;121;99m▀[m[38;2;98;77;61;48;2;43;34;30m▀[m[38;2;77;69;61;48;2;68;43;34m▀[m[38;2;68;60;53;48;2;52;47;44m▀[m[38;2;52;47;44;48;2;52;47;44m▀[m[38;2;43;34;30;48;2;47;37;34m▀[m                 [38;2;157;89;28m▄[m[38;2;87;45;26;48;2;106;73;47m▀[m[38;2;83;74;71;48;2;83;74;71m▀[m[38;2;54;43;41;48;2;56;35;30m▀[m[38;2;48;36;34;48;2;48;36;34m▀[m[38;2;106;73;47;48;2;106;73;47m▀[m[38;2;83;74;71;48;2;74;55;48m▀[m[38;2;54;43;41;48;2;56;35;30m▀[m[38;2;74;55;48;48;2;112;56;21m▀[m[38;2;45;29;26;48;2;220;146;43m▀[m[38;2;94;52;24;48;2;112;56;21m▀[m[38;2;83;74;71;48;2;83;74;71m▀[m[38;2;74;55;48;48;2;54;43;41m▀[m[38;2;54;43;41;48;2;81;45;26m▀[m[38;2;81;45;26;48;2;49;31;26m▀[m[38;2;49;31;26;48;2;54;43;41m▀[m[38;2;81;45;26;48;2;56;35;30m▀[m[38;2;54;43;41;48;2;54;43;41m▀[m[38;2;49;31;26;48;2;49;31;26m▀[m[38;2;112;56;21m▄[m[38;2;87;45;26m▄[m            [38;2;81;52;38;48;2;50;35;40m▀[m[38;2;68;62;75;48;2;68;62;75m▀[m[38;2;68;62;75;48;2;60;58;73m▀[m[38;2;68;62;75;48;2;42;35;41m▀[m[38;2;60;58;73;48;2;81;52;38m▀[m[38;2;64;62;79;48;2;81;52;38m▀[m[38;2;98;47;36;48;2;212;55;5m▀[m[38;2;173;86;25;48;2;68;62;75m▀[m[38;2;169;53;18;48;2;46;41;50m▀[m[38;2;42;35;41;48;2;50;35;40m▀[m[38;2;46;41;50;48;2;50;35;40m▀[m[38;2;46;41;50;48;2;42;35;41m▀[m[38;2;46;41;50;48;2;50;35;40m▀[m[38;2;42;35;41;48;2;229;86;7m▀[m[38;2;156;49;13;48;2;239;148;14m▀[m[38;2;229;86;7;48;2;235;96;8m▀[m[38;2;235;96;8;48;2;212;55;5m▀[m[38;2;156;49;13m▀[m  [38;2;81;52;38m▄[m[38;2;81;52;38;48;2;68;62;75m▀[m[38;2;68;62;75;48;2;68;62;75m▀[m[38;2;98;47;36;48;2;169;53;18m▀[m[38;2;212;55;5;48;2;169;53;18m▀[m[38;2;212;55;5m▄[m
  [38;2;47;37;34;48;2;68;60;53m▀[m[38;2;52;47;44;48;2;43;34;30m▀[m[38;2;36;33;31;48;2;106;95;83m▀[m[38;2;134;121;99;48;2;106;95;83m▀[m[38;2;106;95;83;48;2;43;34;30m▀[m[38;2;36;33;31;48;2;68;43;34m▀[m[38;2;134;121;99;48;2;134;121;99m▀[m[38;2;134;121;99;48;2;87;79;71m▀[m[38;2;87;79;71;48;2;52;47;44m▀[m[38;2;43;34;30;48;2;36;33;31m▀[m[38;2;37;35;34;48;2;55;51;47m▀[m[38;2;106;95;83;48;2;106;95;83m▀[m[38;2;134;121;99;48;2;52;47;44m▀[m[38;2;87;79;71;48;2;52;47;44m▀[m[38;2;36;33;31;48;2;52;47;44m▀[m[38;2;52;47;44;48;2;68;60;53m▀[m[38;2;52;47;44;48;2;52;47;44m▀[m[38;2;43;34;30;48;2;47;37;34m▀[m[38;2;43;34;30m▄[m[38;2;36;33;31;48;2;52;47;44m▀[m[38;2;36;33;31;48;2;77;69;61m▀[m[38;2;52;47;44m▄[m[38;2;37;35;34m▄[m [38;2;175;89;27m▄[m[38;2;47;37;34;48;2;175;89;27m▀[m  [38;2;68;43;34m▄[m     [38;2;87;45;26m▄[m[38;2;137;61;18;48;2;157;89;28m▀[m[38;2;220;146;43;48;2;157;89;28m▀[m[38;2;48;36;34;48;2;74;55;48m▀[m[38;2;83;74;71;48;2;49;31;26m▀[m[38;2;54;43;41;48;2;83;74;71m▀[m[38;2;60;42;37;48;2;54;43;41m▀[m[38;2;54;43;41;48;2;54;43;41m▀[m[38;2;45;29;26;48;2;83;74;71m▀[m[38;2;83;74;71;48;2;74;55;48m▀[m[38;2;74;55;48;48;2;81;45;26m▀[m[38;2;190;92;23;48;2;112;56;21m▀[m[38;2;112;56;21;48;2;74;55;48m▀[m[38;2;74;55;48;48;2;54;43;41m▀[m[38;2;81;45;26;48;2;45;29;26m▀[m[38;2;56;35;30;48;2;49;31;26m▀[m[38;2;49;31;26;48;2;190;92;23m▀[m[38;2;56;35;30;48;2;112;56;21m▀[m[38;2;157;89;28;48;2;56;35;30m▀[m[38;2;112;56;21;48;2;81;45;26m▀[m[38;2;54;43;41;48;2;54;43;41m▀[m[38;2;49;31;26;48;2;45;29;26m▀[m[38;2;60;42;37m▄[m[38;2;60;42;37m▄[m[38;2;87;45;26m▄[m          [38;2;239;148;14;48;2;243;212;45m▀[m[38;2;50;35;40;48;2;156;49;13m▀[m[38;2;64;62;79;48;2;42;35;41m▀[m[38;2;235;96;8;48;2;243;212;45m▀[m[38;2;243;212;45;48;2;243;212;45m▀[m[38;2;235;96;8;48;2;169;53;18m▀[m[38;2;50;35;40;48;2;50;35;40m▀[m[38;2;46;41;50;48;2;46;41;50m▀[m[38;2;235;96;8;48;2;46;41;50m▀[m[38;2;173;86;25;48;2;50;35;40m▀[m[38;2;46;41;50;48;2;50;35;40m▀[m[38;2;50;35;40;48;2;46;41;50m▀[m[38;2;229;86;7;48;2;173;86;25m▀[m[38;2;235;96;8;48;2;98;47;36m▀[m[38;2;173;86;25;48;2;42;35;41m▀[m[38;2;42;35;41;48;2;98;47;36m▀[m[38;2;81;52;38;48;2;235;96;8m▀[m[38;2;212;55;5;48;2;229;86;7m▀[m[38;2;50;35;40;48;2;81;52;38m▀[m [38;2;81;52;38;48;2;81;52;38m▀[m[38;2;60;58;73;48;2;60;58;73m▀[m[38;2;108;51;40;48;2;108;51;40m▀[m[38;2;212;55;5;48;2;212;55;5m▀[m
 [38;2;47;37;34;48;2;55;51;47m▀[m[38;2;87;79;71;48;2;64;50;42m▀[m[38;2;37;35;34;48;2;68;43;34m▀[m[38;2;106;95;83;48;2;113;103;88m▀[m[38;2;134;121;99;48;2;106;95;83m▀[m[38;2;36;33;31;48;2;43;34;30m▀[m[38;2;36;33;31;48;2;134;121;99m▀[m[38;2;36;33;31;48;2;113;103;88m▀[m[38;2;68;60;53;48;2;77;69;61m▀[m[38;2;68;60;53;48;2;37;35;34m▀[m[38;2;36;33;31;48;2;77;69;61m▀[m[38;2;87;79;71;48;2;87;79;71m▀[m[38;2;68;60;53;48;2;106;95;83m▀[m[38;2;68;60;53;48;2;87;79;71m▀[m[38;2;68;60;53;48;2;52;47;44m▀[m[38;2;52;47;44;48;2;52;47;44m▀[m[38;2;52;47;44;48;2;43;34;30m▀[m[38;2;36;33;31;48;2;55;51;47m▀[m[38;2;43;34;30;48;2;68;60;53m▀[m[38;2;68;60;53;48;2;52;47;44m▀[m[38;2;106;95;83;48;2;68;60;53m▀[m[38;2;52;47;44;48;2;52;47;44m▀[m[38;2;52;47;44;48;2;87;79;71m▀[m[38;2;52;47;44;48;2;43;34;30m▀[m[38;2;55;51;47;48;2;52;47;44m▀[m[38;2;175;89;27;48;2;43;34;30m▀[m[38;2;236;157;40;48;2;105;52;29m▀[m[38;2;68;43;34m▀[m[38;2;43;34;30m▄[m[38;2;43;34;30;48;2;87;79;71m▀[m[38;2;68;43;34;48;2;68;43;34m▀[m   [38;2;60;42;37m▄[m[38;2;54;43;41;48;2;83;74;71m▀[m[38;2;157;89;28;48;2;106;73;47m▀[m[38;2;104;83;70;48;2;54;43;41m▀[m[38;2;45;29;26;48;2;83;74;71m▀[m[38;2;83;74;71;48;2;83;74;71m▀[m[38;2;83;74;71;48;2;54;43;41m▀[m[38;2;81;45;26;48;2;112;56;21m▀[m[38;2;54;43;41;48;2;83;74;71m▀[m[38;2;83;74;71;48;2;54;43;41m▀[m[38;2;54;43;41;48;2;112;56;21m▀[m[38;2;94;52;24;48;2;157;89;28m▀[m[38;2;56;35;30;48;2;94;52;24m▀[m[38;2;54;43;41;48;2;49;31;26m▀[m[38;2;45;29;26;48;2;83;74;71m▀[m[38;2;56;35;30;48;2;104;83;70m▀[m[38;2;157;89;28;48;2;83;74;71m▀[m[38;2;157;89;28;48;2;81;45;26m▀[m[38;2;49;31;26;48;2;49;31;26m▀[m[38;2;54;43;41;48;2;56;35;30m▀[m[38;2;45;29;26;48;2;56;35;30m▀[m[38;2;45;29;26;48;2;45;29;26m▀[m[38;2;45;29;26;48;2;48;36;34m▀[m[38;2;56;35;30;48;2;81;45;26m▀[m[38;2;45;29;26;48;2;81;45;26m▀[m[38;2;87;45;26m▀[m         [38;2;50;35;40;48;2;156;49;13m▀[m[38;2;94;69;71;48;2;115;72;52m▀[m[38;2;94;69;71;48;2;60;58;73m▀[m[38;2;46;41;50;48;2;98;47;36m▀[m[38;2;46;41;50;48;2;235;96;8m▀[m[38;2;98;47;36;48;2;239;148;14m▀[m[38;2;235;96;8;48;2;243;212;45m▀[m[38;2;239;148;14;48;2;243;212;45m▀[m[38;2;42;35;41;48;2;46;41;50m▀[m[38;2;173;86;25;48;2;46;41;50m▀[m[38;2;235;96;8;48;2;173;86;25m▀[m[38;2;169;53;18;48;2;42;35;41m▀[m[38;2;46;41;50;48;2;50;35;40m▀[m[38;2;42;35;41;48;2;42;35;41m▀[m[38;2;50;35;40;48;2;169;53;18m▀[m[38;2;235;96;8;48;2;108;51;40m▀[m[38;2;235;96;8;48;2;46;41;50m▀[m[38;2;173;86;25;48;2;50;35;40m▀[m[38;2;81;52;38;48;2;42;35;41m▀[m[38;2;42;35;41m▄[m[38;2;81;52;38m▄[m [38;2;50;35;40m▀[m[38;2;46;41;50;48;2;98;47;36m▀[m[38;2;169;53;18;48;2;169;53;18m▀[m[38;2;212;55;5;48;2;169;53;18m▀[m[38;2;212;55;5m▄[m
 [38;2;43;34;30;48;2;68;43;34m▀[m[38;2;52;47;44;48;2;77;69;61m▀[m[38;2;77;69;61;48;2;77;69;61m▀[m[38;2;106;95;83;48;2;77;69;61m▀[m[38;2;52;47;44;48;2;87;79;71m▀[m[38;2;87;79;71;48;2;134;121;99m▀[m[38;2;134;121;99;48;2;87;79;71m▀[m[38;2;87;79;71;48;2;52;47;44m▀[m[38;2;52;47;44;48;2;77;69;61m▀[m[38;2;64;50;42;48;2;36;33;31m▀[m[38;2;113;103;88;48;2;68;60;53m▀[m[38;2;87;79;71;48;2;43;34;30m▀[m[38;2;52;47;44;48;2;140;52;23m▀[m[38;2;52;47;44;48;2;36;33;31m▀[m[38;2;52;47;44;48;2;77;69;61m▀[m[38;2;77;69;61;48;2;87;79;71m▀[m[38;2;52;47;44;48;2;52;47;44m▀[m[38;2;52;47;44;48;2;36;33;31m▀[m[38;2;52;47;44;48;2;52;47;44m▀[m[38;2;52;47;44;48;2;52;47;44m▀[m[38;2;68;60;53;48;2;55;51;47m▀[m[38;2;43;34;30;48;2;236;157;40m▀[m[38;2;43;34;30;48;2;105;52;29m▀[m[38;2;52;47;44;48;2;43;34;30m▀[m[38;2;36;33;31;48;2;52;47;44m▀[m[38;2;52;47;44;48;2;52;47;44m▀[m[38;2;36;33;31;48;2;43;34;30m▀[m[38;2;36;33;31;48;2;36;33;31m▀[m[38;2;113;103;88;48;2;43;34;30m▀[m[38;2;43;34;30m▀[m   [38;2;87;45;26;48;2;60;42;37m▀[m[38;2;94;52;24;48;2;48;36;34m▀[m[38;2;48;36;34;48;2;48;36;34m▀[m[38;2;104;83;70;48;2;74;55;48m▀[m[38;2;81;45;26;48;2;81;45;26m▀[m[38;2;104;83;70;48;2;56;35;30m▀[m[38;2;54;43;41;48;2;60;42;37m▀[m[38;2;112;56;21;48;2;49;31;26m▀[m[38;2;157;89;28;48;2;157;89;28m▀[m[38;2;81;45;26;48;2;222;162;47m▀[m[38;2;157;89;28;48;2;157;89;28m▀[m[38;2;157;89;28;48;2;54;43;41m▀[m[38;2;74;55;48;48;2;54;43;41m▀[m[38;2;112;56;21;48;2;45;29;26m▀[m[38;2;48;36;34;48;2;54;43;41m▀[m[38;2;106;73;47;48;2;112;56;21m▀[m[38;2;83;74;71;48;2;83;74;71m▀[m[38;2;74;55;48;48;2;74;55;48m▀[m[38;2;81;45;26;48;2;45;29;26m▀[m[38;2;49;31;26;48;2;54;43;41m▀[m[38;2;45;29;26;48;2;45;29;26m▀[m[38;2;56;35;30;48;2;81;45;26m▀[m[38;2;106;73;47;48;2;157;89;28m▀[m[38;2;74;55;48;48;2;74;55;48m▀[m[38;2;45;29;26;48;2;56;35;30m▀[m[38;2;81;45;26;48;2;45;29;26m▀[m[38;2;60;42;37;48;2;81;45;26m▀[m[38;2;94;52;24;48;2;49;31;26m▀[m        [38;2;81;52;38m▀[m[38;2;239;148;14m▀[m[38;2;239;148;14;48;2;81;52;38m▀[m[38;2;239;148;14;48;2;81;52;38m▀[m[38;2;243;212;45;48;2;81;52;38m▀[m[38;2;243;212;45;48;2;251;245;154m▀[m[38;2;173;86;25;48;2;239;148;14m▀[m[38;2;239;148;14;48;2;108;51;40m▀[m[38;2;108;51;40;48;2;42;35;41m▀[m[38;2;42;35;41;48;2;50;35;40m▀[m[38;2;50;35;40;48;2;98;47;36m▀[m[38;2;42;35;41;48;2;169;53;18m▀[m[38;2;98;47;36;48;2;235;96;8m▀[m[38;2;108;51;40;48;2;98;47;36m▀[m[38;2;46;41;50;48;2;46;41;50m▀[m[38;2;46;41;50;48;2;50;35;40m▀[m[38;2;42;35;41;48;2;50;35;40m▀[m[38;2;42;35;41;48;2;46;41;50m▀[m[38;2;46;41;50;48;2;46;41;50m▀[m[38;2;108;51;40;48;2;98;47;36m▀[m[38;2;156;49;13;48;2;108;51;40m▀[m[38;2;42;35;41m▄[m [38;2;81;52;38m▀[m[38;2;46;41;50;48;2;108;51;40m▀[m[38;2;108;51;40;48;2;46;41;50m▀[m[38;2;50;35;40;48;2;108;51;40m▀[m[38;2;212;55;5m▄[m
 [38;2;47;37;34m▄[m[38;2;36;33;31;48;2;43;34;30m▀[m[38;2;77;69;61;48;2;68;60;53m▀[m[38;2;87;79;71;48;2;77;69;61m▀[m[38;2;106;95;83;48;2;134;121;99m▀[m[38;2;106;95;83;48;2;77;69;61m▀[m[38;2;106;95;83;48;2;68;60;53m▀[m[38;2;52;47;44;48;2;52;47;44m▀[m[38;2;52;47;44;48;2;105;52;29m▀[m[38;2;68;43;34;48;2;236;157;40m▀[m[38;2;105;52;29;48;2;236;157;40m▀[m[38;2;190;92;27;48;2;236;157;40m▀[m[38;2;236;157;40;48;2;236;157;40m▀[m[38;2;105;52;29;48;2;190;92;27m▀[m[38;2;68;60;53;48;2;43;34;30m▀[m[38;2;52;47;44;48;2;68;60;53m▀[m[38;2;52;47;44;48;2;68;60;53m▀[m[38;2;68;60;53;48;2;52;47;44m▀[m[38;2;52;47;44;48;2;52;47;44m▀[m[38;2;52;47;44;48;2;52;47;44m▀[m[38;2;140;52;23;48;2;43;34;30m▀[m[38;2;236;157;40;48;2;64;50;42m▀[m[38;2;105;52;29;48;2;52;47;44m▀[m[38;2;43;34;30;48;2;52;47;44m▀[m[38;2;43;34;30;48;2;77;69;61m▀[m[38;2;105;52;29;48;2;43;34;30m▀[m[38;2;36;33;31;48;2;37;35;34m▀[m[38;2;68;43;34;48;2;43;34;30m▀[m      [38;2;94;52;24;48;2;220;146;43m▀[m[38;2;112;56;21;48;2;56;35;30m▀[m[38;2;94;52;24;48;2;157;89;28m▀[m[38;2;157;89;28;48;2;56;35;30m▀[m[38;2;45;29;26;48;2;112;56;21m▀[m[38;2;112;56;21;48;2;222;162;47m▀[m[38;2;157;89;28;48;2;220;146;43m▀[m[38;2;45;29;26;48;2;45;29;26m▀[m[38;2;220;146;43;48;2;220;146;43m▀[m[38;2;56;35;30;48;2;157;89;28m▀[m[38;2;54;43;41;48;2;94;52;24m▀[m[38;2;49;31;26;48;2;49;31;26m▀[m[38;2;49;31;26;48;2;49;31;26m▀[m[38;2;74;55;48;48;2;45;29;26m▀[m[38;2;220;146;43;48;2;112;56;21m▀[m[38;2;74;55;48;48;2;54;43;41m▀[m[38;2;54;43;41;48;2;74;55;48m▀[m[38;2;56;35;30;48;2;56;35;30m▀[m[38;2;45;29;26;48;2;49;31;26m▀[m[38;2;49;31;26;48;2;49;31;26m▀[m[38;2;54;43;41;48;2;54;43;41m▀[m[38;2;112;56;21;48;2;74;55;48m▀[m[38;2;74;55;48;48;2;74;55;48m▀[m[38;2;54;43;41;48;2;54;43;41m▀[m[38;2;48;36;34;48;2;49;31;26m▀[m[38;2;112;56;21;48;2;81;45;26m▀[m[38;2;60;42;37;48;2;81;45;26m▀[m[38;2;81;45;26m▄[m          [38;2;81;52;38m▄[m[38;2;156;49;13;48;2;239;148;14m▀[m[38;2;239;148;14;48;2;169;53;18m▀[m[38;2;98;47;36;48;2;50;35;40m▀[m[38;2;50;35;40m▀[m[38;2;50;35;40;48;2;50;35;40m▀[m[38;2;169;53;18;48;2;235;96;8m▀[m[38;2;239;148;14;48;2;235;96;8m▀[m[38;2;235;96;8;48;2;235;96;8m▀[m[38;2;235;96;8;48;2;212;55;5m▀[m[38;2;50;35;40;48;2;64;62;79m▀[m[38;2;50;35;40;48;2;94;69;71m▀[m[38;2;46;41;50;48;2;108;51;40m▀[m[38;2;60;58;73;48;2;94;69;71m▀[m[38;2;42;35;41;48;2;60;58;73m▀[m[38;2;42;35;41;48;2;50;35;40m▀[m[38;2;46;41;50;48;2;46;41;50m▀[m[38;2;108;51;40;48;2;169;53;18m▀[m[38;2;108;51;40;48;2;173;86;25m▀[m[38;2;42;35;41;48;2;46;41;50m▀[m[38;2;50;35;40;48;2;98;47;36m▀[m[38;2;108;51;40;48;2;46;41;50m▀[m[38;2;46;41;50;48;2;98;47;36m▀[m[38;2;108;51;40;48;2;169;53;18m▀[m[38;2;212;55;5;48;2;50;35;40m▀[m
[38;2;37;35;34m▄[m[38;2;47;37;34;48;2;36;33;31m▀[m[38;2;190;92;27;48;2;175;89;27m▀[m[38;2;64;50;42;48;2;175;89;27m▀[m[38;2;68;60;53;48;2;43;34;30m▀[m[38;2;87;79;71;48;2;68;60;53m▀[m[38;2;52;47;44;48;2;52;47;44m▀[m[38;2;43;34;30;48;2;105;52;29m▀[m[38;2;175;89;27;48;2;236;157;40m▀[m[38;2;236;157;40;48;2;190;92;27m▀[m[38;2;236;157;40;48;2;68;43;34m▀[m[38;2;175;89;27;48;2;36;33;31m▀[m[38;2;43;34;30;48;2;175;89;27m▀[m[38;2;190;92;27;48;2;236;157;40m▀[m[38;2;236;157;40;48;2;236;157;40m▀[m[38;2;140;52;23;48;2;140;52;23m▀[m[38;2;55;51;47;48;2;55;51;47m▀[m[38;2;52;47;44;48;2;52;47;44m▀[m[38;2;52;47;44;48;2;52;47;44m▀[m[38;2;52;47;44;48;2;36;33;31m▀[m[38;2;52;47;44;48;2;43;34;30m▀[m[38;2;68;60;53;48;2;52;47;44m▀[m[38;2;43;34;30;48;2;52;47;44m▀[m[38;2;52;47;44;48;2;68;60;53m▀[m[38;2;68;60;53;48;2;52;47;44m▀[m[38;2;52;47;44;48;2;43;34;30m▀[m[38;2;68;43;34;48;2;43;34;30m▀[m[38;2;68;60;53;48;2;87;79;71m▀[m[38;2;87;79;71;48;2;77;69;61m▀[m[38;2;37;35;34;48;2;52;47;44m▀[m[38;2;47;37;34m▄[m   [38;2;87;45;26m▀[m[38;2;94;52;24;48;2;94;52;24m▀[m[38;2;48;36;34;48;2;94;52;24m▀[m[38;2;81;45;26;48;2;49;31;26m▀[m[38;2;81;45;26;48;2;49;31;26m▀[m[38;2;94;52;24;48;2;157;89;28m▀[m[38;2;190;92;23;48;2;45;29;26m▀[m[38;2;81;45;26;48;2;112;56;21m▀[m[38;2;94;52;24;48;2;222;162;47m▀[m[38;2;220;146;43;48;2;157;89;28m▀[m[38;2;74;55;48;48;2;54;43;41m▀[m[38;2;74;55;48;48;2;56;35;30m▀[m[38;2;74;55;48;48;2;49;31;26m▀[m[38;2;56;35;30;48;2;87;45;26m▀[m[38;2;56;35;30;48;2;74;55;48m▀[m[38;2;83;74;71;48;2;74;55;48m▀[m[38;2;54;43;41;48;2;45;29;26m▀[m[38;2;54;43;41;48;2;56;35;30m▀[m[38;2;45;29;26;48;2;54;43;41m▀[m[38;2;157;89;28;48;2;157;89;28m▀[m[38;2;60;42;37m▀[m[38;2;81;45;26;48;2;45;29;26m▀[m[38;2;74;55;48;48;2;56;35;30m▀[m[38;2;56;35;30;48;2;56;35;30m▀[m[38;2;56;35;30;48;2;74;55;48m▀[m[38;2;49;31;26;48;2;56;35;30m▀[m[38;2;56;35;30;48;2;45;29;26m▀[m[38;2;112;56;21;48;2;81;45;26m▀[m[38;2;49;31;26;48;2;112;56;21m▀[m[38;2;54;43;41m▄[m          [38;2;212;55;5m▀[m[38;2;50;35;40m▀[m [38;2;42;35;41;48;2;169;53;18m▀[m[38;2;156;49;13;48;2;50;35;40m▀[m[38;2;239;148;14;48;2;235;96;8m▀[m[38;2;239;148;14;48;2;239;148;14m▀[m[38;2;239;148;14;48;2;235;96;8m▀[m[38;2;98;47;36;48;2;98;47;36m▀[m[38;2;68;62;75;48;2;68;62;75m▀[m[38;2;173;86;25;48;2;173;86;25m▀[m[38;2;239;148;14;48;2;239;148;14m▀[m[38;2;173;86;25;48;2;173;86;25m▀[m[38;2;60;58;73;48;2;60;58;73m▀[m[38;2;42;35;41;48;2;42;35;41m▀[m[38;2;46;41;50;48;2;46;41;50m▀[m[38;2;115;72;52;48;2;60;58;73m▀[m[38;2;173;86;25;48;2;60;58;73m▀[m[38;2;98;47;36;48;2;108;51;40m▀[m[38;2;50;35;40;48;2;169;53;18m▀[m[38;2;46;41;50;48;2;42;35;41m▀[m[38;2;108;51;40;48;2;98;47;36m▀[m[38;2;212;55;5;48;2;212;55;5m▀[m
 [38;2;55;51;47;48;2;47;37;34m▀[m[38;2;36;33;31;48;2;43;34;30m▀[m[38;2;175;89;27;48;2;68;43;34m▀[m[38;2;190;92;27;48;2;175;89;27m▀[m[38;2;105;52;29;48;2;236;157;40m▀[m[38;2;175;89;27;48;2;105;52;29m▀[m[38;2;190;92;27;48;2;43;34;30m▀[m[38;2;236;157;40;48;2;190;92;27m▀[m[38;2;236;157;40;48;2;236;157;40m▀[m[38;2;190;92;27;48;2;236;157;40m▀[m[38;2;236;157;40;48;2;175;89;27m▀[m[38;2;236;157;40;48;2;43;34;30m▀[m[38;2;236;157;40;48;2;43;34;30m▀[m[38;2;175;89;27;48;2;52;47;44m▀[m[38;2;55;51;47;48;2;68;60;53m▀[m[38;2;52;47;44;48;2;52;47;44m▀[m[38;2;43;34;30;48;2;37;35;34m▀[m[38;2;43;34;30;48;2;68;60;53m▀[m[38;2;52;47;44;48;2;52;47;44m▀[m[38;2;52;47;44;48;2;52;47;44m▀[m[38;2;36;33;31;48;2;52;47;44m▀[m[38;2;52;47;44;48;2;37;35;34m▀[m[38;2;52;47;44;48;2;52;47;44m▀[m[38;2;52;47;44;48;2;43;34;30m▀[m[38;2;37;35;34;48;2;37;35;34m▀[m[38;2;52;47;44;48;2;52;47;44m▀[m[38;2;52;47;44;48;2;55;51;47m▀[m[38;2;52;47;44;48;2;43;34;30m▀[m[38;2;52;47;44;48;2;36;33;31m▀[m[38;2;47;37;34;48;2;47;37;34m▀[m    [38;2;87;45;26m▀[m[38;2;87;45;26;48;2;94;52;24m▀[m[38;2;220;146;43;48;2;157;89;28m▀[m[38;2;220;146;43;48;2;112;56;21m▀[m[38;2;106;73;47;48;2;74;55;48m▀[m[38;2;157;89;28;48;2;45;29;26m▀[m[38;2;220;146;43;48;2;81;45;26m▀[m[38;2;112;56;21;48;2;56;35;30m▀[m[38;2;112;56;21;48;2;45;29;26m▀[m[38;2;45;29;26;48;2;112;56;21m▀[m[38;2;60;42;37;48;2;60;42;37m▀[m[38;2;56;35;30;48;2;45;29;26m▀[m[38;2;45;29;26;48;2;49;31;26m▀[m[38;2;60;42;37;48;2;112;56;21m▀[m[38;2;48;36;34;48;2;106;73;47m▀[m[38;2;54;43;41;48;2;112;56;21m▀[m[38;2;74;55;48;48;2;81;45;26m▀[m[38;2;45;29;26;48;2;74;55;48m▀[m[38;2;60;42;37;48;2;48;36;34m▀[m [38;2;60;42;37m▀[m[38;2;54;43;41;48;2;60;42;37m▀[m[38;2;54;43;41;48;2;49;31;26m▀[m[38;2;45;29;26;48;2;45;29;26m▀[m[38;2;56;35;30;48;2;56;35;30m▀[m[38;2;56;35;30;48;2;81;45;26m▀[m[38;2;56;35;30;48;2;87;45;26m▀[m[38;2;56;35;30;48;2;60;42;37m▀[m[38;2;81;45;26;48;2;60;42;37m▀[m[38;2;56;35;30;48;2;87;45;26m▀[m[38;2;87;45;26m▀[m         [38;2;115;72;52m▄[m[38;2;46;41;50;48;2;235;96;8m▀[m[38;2;108;51;40;48;2;46;41;50m▀[m[38;2;46;41;50;48;2;46;41;50m▀[m[38;2;156;49;13;48;2;50;35;40m▀[m[38;2;239;148;14;48;2;169;53;18m▀[m[38;2;235;96;8;48;2;235;96;8m▀[m[38;2;50;35;40;48;2;235;96;8m▀[m[38;2;60;58;73;48;2;50;35;40m▀[m[38;2;94;69;71;48;2;50;35;40m▀[m[38;2;173;86;25;48;2;42;35;41m▀[m[38;2;68;62;75;48;2;46;41;50m▀[m[38;2;46;41;50;48;2;46;41;50m▀[m[38;2;50;35;40;48;2;169;53;18m▀[m[38;2;50;35;40;48;2;50;35;40m▀[m[38;2;68;62;75;48;2;42;35;41m▀[m[38;2;60;58;73;48;2;60;58;73m▀[m[38;2;108;51;40;48;2;46;41;50m▀[m[38;2;169;53;18;48;2;169;53;18m▀[m[38;2;50;35;40m▄[m
  [38;2;47;37;34m▀[m[38;2;52;47;44;48;2;43;34;30m▀[m[38;2;36;33;31;48;2;43;34;30m▀[m[38;2;190;92;27;48;2;52;47;44m▀[m[38;2;43;34;30;48;2;52;47;44m▀[m[38;2;77;69;61;48;2;52;47;44m▀[m[38;2;43;34;30;48;2;52;47;44m▀[m[38;2;175;89;27;48;2;43;34;30m▀[m[38;2;105;52;29;48;2;55;51;47m▀[m[38;2;36;33;31;48;2;52;47;44m▀[m[38;2;68;60;53;48;2;52;47;44m▀[m[38;2;106;95;83;48;2;52;47;44m▀[m[38;2;52;47;44;48;2;52;47;44m▀[m[38;2;52;47;44;48;2;43;34;30m▀[m[38;2;37;35;34;48;2;68;43;34m▀[m[38;2;52;47;44;48;2;52;47;44m▀[m[38;2;68;60;53;48;2;52;47;44m▀[m[38;2;68;60;53;48;2;106;95;83m▀[m[38;2;77;69;61;48;2;68;60;53m▀[m[38;2;52;47;44;48;2;36;33;31m▀[m[38;2;37;35;34m▄[m[38;2;68;43;34m▀[m [38;2;47;37;34m▀[m[38;2;52;47;44;48;2;47;37;34m▀[m[38;2;190;92;27;48;2;47;37;34m▀[m[38;2;105;52;29;48;2;36;33;31m▀[m[38;2;37;35;34;48;2;52;47;44m▀[m[38;2;52;47;44;48;2;175;89;27m▀[m[38;2;68;43;34;48;2;47;37;34m▀[m    [38;2;60;42;37m▀[m[38;2;54;43;41;48;2;87;45;26m▀[m[38;2;54;43;41;48;2;94;52;24m▀[m[38;2;81;45;26;48;2;49;31;26m▀[m[38;2;56;35;30;48;2;45;29;26m▀[m[38;2;45;29;26;48;2;45;29;26m▀[m[38;2;60;42;37m▀[m    [38;2;60;42;37;48;2;74;55;48m▀[m[38;2;157;89;28;48;2;106;73;47m▀[m[38;2;157;89;28;48;2;83;74;71m▀[m[38;2;81;45;26;48;2;56;35;30m▀[m[38;2;74;55;48;48;2;45;29;26m▀[m[38;2;45;29;26;48;2;49;31;26m▀[m     [38;2;56;35;30;48;2;49;31;26m▀[m[38;2;112;56;21;48;2;81;45;26m▀[m[38;2;54;43;41;48;2;54;43;41m▀[m[38;2;87;45;26;48;2;49;31;26m▀[m          [38;2;42;35;41m▄[m[38;2;81;52;38;48;2;173;86;25m▀[m[38;2;68;62;75;48;2;173;86;25m▀[m[38;2;60;58;73;48;2;46;41;50m▀[m[38;2;98;47;36;48;2;235;96;8m▀[m[38;2;169;53;18;48;2;46;41;50m▀[m[38;2;46;41;50m▀[m  [38;2;169;53;18m▀[m[38;2;169;53;18m▀[m[38;2;50;35;40;48;2;212;55;5m▀[m[38;2;64;62;79;48;2;94;69;71m▀[m[38;2;68;62;75;48;2;108;51;40m▀[m[38;2;173;86;25;48;2;108;51;40m▀[m[38;2;108;51;40;48;2;46;41;50m▀[m[38;2;81;52;38;48;2;81;52;38m▀[m  [38;2;50;35;40m▀[m[38;2;46;41;50;48;2;50;35;40m▀[m[38;2;46;41;50;48;2;46;41;50m▀[m[38;2;169;53;18;48;2;173;86;25m▀[m[38;2;212;55;5m▄[m
 [38;2;47;37;34m▄[m[38;2;36;33;31;48;2;87;79;71m▀[m[38;2;52;47;44;48;2;43;34;30m▀[m[38;2;36;33;31;48;2;68;43;34m▀[m[38;2;47;37;34m▀[m[38;2;47;37;34m▀[m[38;2;43;34;30m▀[m[38;2;52;47;44;48;2;68;43;34m▀[m[38;2;52;47;44;48;2;37;35;34m▀[m[38;2;52;47;44;48;2;37;35;34m▀[m[38;2;52;47;44m▀[m[38;2;52;47;44m▀[m[38;2;37;35;34m▀[m[38;2;47;37;34m▀[m  [38;2;36;33;31m▀[m[38;2;36;33;31;48;2;55;51;47m▀[m[38;2;68;43;34;48;2;134;121;99m▀[m[38;2;36;33;31;48;2;77;69;61m▀[m[38;2;43;34;30;48;2;68;60;53m▀[m[38;2;37;35;34;48;2;68;43;34m▀[m     [38;2;37;35;34m▀[m[38;2;105;52;29m▀[m[38;2;37;35;34m▀[m     [38;2;60;42;37m▄[m[38;2;48;36;34;48;2;81;45;26m▀[m[38;2;81;45;26;48;2;56;35;30m▀[m[38;2;81;45;26;48;2;56;35;30m▀[m[38;2;81;45;26;48;2;49;31;26m▀[m[38;2;87;45;26m▀[m   [38;2;60;42;37m▄[m[38;2;60;42;37;48;2;54;43;41m▀[m[38;2;83;74;71;48;2;54;43;41m▀[m[38;2;74;55;48;48;2;54;43;41m▀[m[38;2;54;43;41;48;2;54;43;41m▀[m[38;2;81;45;26;48;2;45;29;26m▀[m[38;2;45;29;26m▀[m     [38;2;87;45;26;48;2;87;45;26m▀[m[38;2;81;45;26;48;2;60;42;37m▀[m[38;2;74;55;48;48;2;60;42;37m▀[m[38;2;54;43;41;48;2;60;42;37m▀[m[38;2;45;29;26m▀[m        [38;2;81;52;38m▄[m[38;2;50;35;40;48;2;173;86;25m▀[m[38;2;68;62;75;48;2;173;86;25m▀[m[38;2;60;58;73;48;2;173;86;25m▀[m[38;2;46;41;50;48;2;169;53;18m▀[m[38;2;46;41;50;48;2;46;41;50m▀[m[38;2;46;41;50;48;2;81;52;38m▀[m[38;2;81;52;38m▀[m   [38;2;50;35;40m▄[m[38;2;98;47;36;48;2;60;58;73m▀[m[38;2;173;86;25;48;2;115;72;52m▀[m[38;2;173;86;25;48;2;68;62;75m▀[m[38;2;108;51;40;48;2;46;41;50m▀[m[38;2;108;51;40;48;2;50;35;40m▀[m[38;2;156;49;13m▀[m   [38;2;81;52;38;48;2;81;52;38m▀[m[38;2;60;58;73;48;2;173;86;25m▀[m[38;2;60;58;73;48;2;173;86;25m▀[m[38;2;94;69;71;48;2;173;86;25m▀[m[38;2;50;35;40;48;2;156;49;13m▀[m
                  [38;2;37;35;34m▀[m[38;2;106;95;83m▀[m[38;2;77;69;61m▀[m[38;2;37;35;34m▀[m                       [38;2;74;55;48m▀[m[38;2;74;55;48;48;2;60;42;37m▀[m[38;2;48;36;34m▀[m[38;2;74;55;48;48;2;60;42;37m▀[m[38;2;54;43;41m▀[m[38;2;87;45;26m▀[m                   [38;2;81;52;38m▀[m[38;2;212;55;5m▀[m[38;2;156;49;13m▀[m[38;2;173;86;25m▀[m[38;2;212;55;5m▀[m[38;2;50;35;40m▀[m     [38;2;235;96;8;48;2;212;55;5m▀[m[38;2;169;53;18;48;2;212;55;5m▀[m[38;2;239;148;14;48;2;212;55;5m▀[m[38;2;173;86;25;48;2;212;55;5m▀[m[38;2;108;51;40;48;2;50;35;40m▀[m[38;2;81;52;38;48;2;81;52;38m▀[m     [38;2;50;35;40m▀[m[38;2;81;52;38m▀[m[38;2;193;77;7m▀[m

[1memberbyte[m                         [1mcinderhash[m                        [1mflarestack[m
                                               [38;2;71;52;47m▄[m[38;2;66;56;57;48;2;208;105;3m▀[m[38;2;208;105;3;48;2;174;67;4m▀[m[38;2;208;105;3;48;2;208;105;3m▀[m[38;2;208;105;3;48;2;208;105;3m▀[m[38;2;208;105;3;48;2;208;105;3m▀[m[38;2;208;105;3m▄[m                              [38;2;187;53;5;48;2;66;57;59m▀[m[38;2;230;55;2m▄[m[38;2;66;57;59m▄[m
                                               [38;2;134;72;38;48;2;66;56;57m▀[m[38;2;208;105;3;48;2;220;100;15m▀[m[38;2;71;52;47;48;2;238;150;20m▀[m[38;2;71;52;47;48;2;220;100;15m▀[m[38;2;71;52;47;48;2;220;100;15m▀[m[38;2;66;56;57;48;2;220;100;15m▀[m[38;2;220;100;15;48;2;69;61;68m▀[m                            [38;2;130;69;44;48;2;230;55;2m▀[m[38;2;186;73;22m▄[m[38;2;186;73;22;48;2;231;102;11m▀[m[38;2;231;102;11;48;2;231;102;11m▀[m[38;2;66;57;59;48;2;186;73;22m▀[m[38;2;230;55;2m▄[m
            [38;2;159;62;11m▄[m[38;2;77;55;49;48;2;213;109;26m▀[m[38;2;214;88;6;48;2;214;88;6m▀[m[38;2;214;88;6;48;2;214;88;6m▀[m[38;2;214;88;6;48;2;214;88;6m▀[m[38;2;214;88;6;48;2;159;62;11m▀[m[38;2;77;55;49;48;2;213;109;26m▀[m[38;2;214;88;6m▄[m                    [38;2;162;53;14m▄[m[38;2;220;100;15m▄[m[38;2;220;100;15m▄[m[38;2;220;100;15m▄[m[38;2;71;52;47m▄[m  [38;2;66;56;57;48;2;66;56;57m▀[m[38;2;105;90;83;48;2;105;90;83m▀[m[38;2;105;90;83;48;2;105;90;83m▀[m[38;2;85;77;78;48;2;85;77;78m▀[m[38;2;85;77;78;48;2;85;77;78m▀[m[38;2;69;61;68;48;2;69;61;68m▀[m[38;2;58;51;56;48;2;69;61;68m▀[m[38;2;71;52;47m▄[m[38;2;71;52;47m▄[m [38;2;220;100;15m▄[m[38;2;220;100;15m▄[m[38;2;220;100;15m▄[m[38;2;220;100;15m▄[m                [38;2;66;57;59m▄[m[38;2;186;73;22m▄[m  [38;2;186;73;22m▄[m[38;2;231;102;11;48;2;240;155;22m▀[m[38;2;231;102;11;48;2;240;155;22m▀[m[38;2;240;155;22;48;2;251;222;155m▀[m[38;2;240;155;22;48;2;251;222;155m▀[m[38;2;231;102;11;48;2;240;155;22m▀[m[38;2;231;102;11;48;2;240;155;22m▀[m[38;2;230;55;2m▄[m  [38;2;66;57;59;48;2;230;55;2m▀[m[38;2;66;57;59;48;2;66;57;59m▀[m
      [38;2;77;55;49m▄[m[38;2;77;55;49;48;2;213;109;26m▀[m[38;2;213;109;26;48;2;59;49;53m▀[m[38;2;71;64;70m▀[m  [38;2;213;109;26;48;2;179;93;32m▀[m[38;2;240;113;18;48;2;213;109;26m▀[m[38;2;156;76;25;48;2;240;113;18m▀[m[38;2;71;64;70;48;2;240;113;18m▀[m[38;2;71;64;70;48;2;240;113;18m▀[m[38;2;159;62;11;48;2;240;113;18m▀[m[38;2;240;113;18;48;2;213;109;26m▀[m[38;2;159;62;11;48;2;59;49;53m▀[m                   [38;2;208;105;3;48;2;208;105;3m▀[m[38;2;134;72;38;48;2;220;100;15m▀[m[38;2;208;105;3m▄[m[38;2;208;105;3m▄[m[38;2;134;72;38;48;2;165;95;37m▀[m[38;2;162;53;14;48;2;112;79;50m▀[m[38;2;66;56;57;48;2;61;53;55m▀[m[38;2;85;77;78;48;2;85;77;78m▀[m[38;2;66;56;57;48;2;66;56;57m▀[m[38;2;165;95;37;48;2;177;94;53m▀[m[38;2;177;94;53;48;2;220;100;15m▀[m[38;2;165;95;37;48;2;165;95;37m▀[m[38;2;165;95;37;48;2;165;95;37m▀[m[38;2;165;95;37;48;2;220;100;15m▀[m[38;2;165;95;37;48;2;92;58;46m▀[m[38;2;66;56;57;48;2;66;56;57m▀[m[38;2;85;77;78;48;2;61;53;55m▀[m[38;2;92;58;46;48;2;92;58;46m▀[m[38;2;208;105;3;48;2;177;94;53m▀[m[38;2;208;105;3m▄[m[38;2;134;72;38m▄[m[38;2;162;53;14m▄[m[38;2;220;100;15;48;2;165;95;37m▀[m              [38;2;66;57;59m▄[m[38;2;231;102;11m▄[m[38;2;230;55;2;48;2;240;155;22m▀[m[38;2;66;57;59;48;2;130;69;44m▀[m[38;2;62;53;57m▄[m[38;2;87;79;80;48;2;164;95;41m▀[m[38;2;92;63;53;48;2;116;80;52m▀[m[38;2;164;95;41;48;2;186;73;22m▀[m[38;2;101;93;90;48;2;116;80;52m▀[m[38;2;92;63;53;48;2;116;80;52m▀[m[38;2;186;73;22;48;2;116;80;52m▀[m[38;2;186;73;22;48;2;164;95;41m▀[m[38;2;92;63;53;48;2;116;80;52m▀[m[38;2;62;53;57m▄[m[38;2;230;55;2m▄[m[38;2;230;55;2;48;2;240;155;22m▀[m[38;2;230;55;2;48;2;231;102;11m▀[m[38;2;62;53;57m▄[m
       [38;2;77;55;49m▀[m    [38;2;86;74;80;48;2;77;55;49m▀[m[38;2;103;88;87;48;2;86;58;51m▀[m[38;2;86;74;80;48;2;86;74;80m▀[m[38;2;86;74;80;48;2;86;74;80m▀[m[38;2;103;88;87;48;2;86;74;80m▀[m[38;2;86;74;80;48;2;72;61;68m▀[m[38;2;86;74;80;48;2;72;61;68m▀[m[38;2;59;49;53;48;2;71;64;70m▀[m   [38;2;159;62;11m▄[m[38;2;240;113;18m▄[m[38;2;240;113;18m▄[m[38;2;240;113;18m▄[m[38;2;77;55;49m▄[m           [38;2;66;56;57;48;2;71;52;47m▀[m[38;2;165;95;37;48;2;85;77;78m▀[m[38;2;177;94;53;48;2;85;77;78m▀[m[38;2;165;95;37;48;2;85;77;78m▀[m[38;2;85;77;78;48;2;85;77;78m▀[m[38;2;92;58;46;48;2;165;95;37m▀[m[38;2;61;53;55;48;2;92;58;46m▀[m[38;2;61;53;55;48;2;85;77;78m▀[m[38;2;66;56;57;48;2;105;90;83m▀[m[38;2;61;53;55;48;2;220;100;15m▀[m[38;2;135;93;48;48;2;105;90;83m▀[m[38;2;61;53;55;48;2;85;77;78m▀[m[38;2;58;51;56;48;2;66;56;57m▀[m[38;2;58;51;56;48;2;105;90;83m▀[m[38;2;61;53;55;48;2;105;90;83m▀[m[38;2;71;52;47;48;2;85;77;78m▀[m[38;2;66;56;57;48;2;112;79;50m▀[m[38;2;105;90;83;48;2;220;100;15m▀[m[38;2;105;90;83;48;2;165;95;37m▀[m[38;2;165;95;37;48;2;69;61;68m▀[m[38;2;165;95;37;48;2;58;51;56m▀[m[38;2;165;95;37;48;2;58;51;56m▀[m[38;2;61;53;55;48;2;71;52;47m▀[m              [38;2;130;69;44;48;2;62;53;57m▀[m[38;2;251;222;155;48;2;110;101;96m▀[m[38;2;251;222;155;48;2;66;58;61m▀[m[38;2;231;102;11;48;2;68;61;65m▀[m[38;2;68;61;65;48;2;66;58;61m▀[m[38;2;164;95;41;48;2;104;89;83m▀[m[38;2;164;95;41;48;2;104;89;83m▀[m[38;2;231;102;11;48;2;231;102;11m▀[m[38;2;164;95;41;48;2;104;89;83m▀[m[38;2;164;95;41;48;2;87;79;80m▀[m[38;2;164;95;41;48;2;87;79;80m▀[m[38;2;164;95;41;48;2;164;95;41m▀[m[38;2;63;55;64;48;2;116;80;52m▀[m[38;2;62;53;57;48;2;68;61;65m▀[m[38;2;231;102;11;48;2;66;58;61m▀[m[38;2;251;222;155;48;2;110;101;96m▀[m[38;2;240;155;22;48;2;92;63;53m▀[m[38;2;230;55;2;48;2;68;61;65m▀[m
     [38;2;77;55;49m▄[m[38;2;71;64;70;48;2;159;62;11m▀[m[38;2;179;93;32;48;2;86;58;51m▀[m[38;2;179;93;32;48;2;159;62;11m▀[m[38;2;240;113;18;48;2;240;113;18m▀[m[38;2;77;55;49;48;2;86;58;51m▀[m [38;2;71;64;70;48;2;82;73;76m▀[m[38;2;103;88;87;48;2;213;109;26m▀[m[38;2;86;74;80;48;2;151;109;81m▀[m[38;2;72;61;68;48;2;107;102;109m▀[m[38;2;72;61;68;48;2;103;88;87m▀[m[38;2;86;74;80;48;2;103;88;87m▀[m[38;2;86;74;80;48;2;103;88;87m▀[m[38;2;71;64;70;48;2;82;73;76m▀[m  [38;2;240;113;18;48;2;213;109;26m▀[m[38;2;240;113;18;48;2;240;113;18m▀[m[38;2;77;55;49;48;2;214;88;6m▀[m[38;2;71;64;70m▄[m[38;2;156;76;25;48;2;156;76;25m▀[m[38;2;240;113;18;48;2;240;113;18m▀[m[38;2;77;55;49;48;2;77;55;49m▀[m          [38;2;84;78;82m▄[m[38;2;208;105;3;48;2;92;58;46m▀[m[38;2;220;100;15;48;2;165;95;37m▀[m[38;2;220;100;15;48;2;177;94;53m▀[m[38;2;165;95;37;48;2;85;77;78m▀[m[38;2;92;58;46;48;2;66;56;57m▀[m[38;2;85;77;78;48;2;61;53;55m▀[m[38;2;238;150;20;48;2;61;53;55m▀[m[38;2;238;150;20;48;2;135;93;48m▀[m[38;2;238;150;20;48;2;134;72;38m▀[m[38;2;220;100;15;48;2;135;93;48m▀[m[38;2;105;90;83;48;2;61;53;55m▀[m[38;2;66;56;57;48;2;66;56;57m▀[m[38;2;238;150;20;48;2;105;90;83m▀[m[38;2;238;150;20;48;2;177;94;53m▀[m[38;2;220;100;15;48;2;177;94;53m▀[m[38;2;220;100;15;48;2;85;77;78m▀[m[38;2;112;79;50;48;2;85;77;78m▀[m[38;2;165;95;37;48;2;58;51;56m▀[m[38;2;220;100;15;48;2;92;58;46m▀[m[38;2;165;95;37;48;2;92;58;46m▀[m[38;2;220;100;15;48;2;92;58;46m▀[m[38;2;61;53;55m▄[m             [38;2;66;57;59m▄[m[38;2;164;95;41;48;2;164;95;41m▀[m[38;2;164;95;41;48;2;164;95;41m▀[m[38;2;116;80;52;48;2;116;80;52m▀[m[38;2;116;80;52;48;2;66;58;61m▀[m[38;2;68;61;65;48;2;63;55;62m▀[m[38;2;104;89;83;48;2;92;63;53m▀[m[38;2;104;89;83;48;2;66;58;61m▀[m[38;2;231;102;11;48;2;92;63;53m▀[m[38;2;104;89;83;48;2;66;58;61m▀[m[38;2;87;79;80;48;2;87;79;80m▀[m[38;2;87;79;80;48;2;66;58;61m▀[m[38;2;116;80;52;48;2;186;73;22m▀[m[38;2;116;80;52;48;2;240;155;22m▀[m[38;2;186;73;22;48;2;240;155;22m▀[m[38;2;104;89;83;48;2;186;73;22m▀[m[38;2;164;95;41;48;2;164;95;41m▀[m[38;2;164;95;41;48;2;164;95;41m▀[m[38;2;164;95;41;48;2;116;80;52m▀[m[38;2;66;57;59m▄[m
     [38;2;156;76;25;48;2;71;64;70m▀[m[38;2;240;113;18;48;2;151;109;81m▀[m[38;2;213;109;26;48;2;151;109;81m▀[m[38;2;213;109;26;48;2;103;88;87m▀[m[38;2;103;88;87;48;2;86;74;80m▀[m[38;2;86;74;80;48;2;72;61;68m▀[m[38;2;77;55;49;48;2;71;64;70m▀[m[38;2;99;80;78;48;2;107;102;109m▀[m[38;2;213;109;26;48;2;151;109;81m▀[m[38;2;151;109;81;48;2;107;102;109m▀[m[38;2;107;102;109;48;2;151;109;81m▀[m[38;2;103;88;87;48;2;103;88;87m▀[m[38;2;86;74;80;48;2;86;74;80m▀[m[38;2;86;74;80;48;2;86;74;80m▀[m[38;2;86;74;80;48;2;86;74;80m▀[m[38;2;71;64;70;48;2;71;64;70m▀[m[38;2;102;95;100m▄[m[38;2;103;88;87;48;2;86;74;80m▀[m[38;2;151;109;81;48;2;103;88;87m▀[m[38;2;213;109;26;48;2;86;74;80m▀[m[38;2;213;109;26;48;2;103;88;87m▀[m[38;2;240;113;18;48;2;151;109;81m▀[m[38;2;213;109;26;48;2;71;64;70m▀[m[38;2;77;55;49m▀[m        [38;2;66;56;57m▄[m[38;2;61;53;55;48;2;105;90;83m▀[m[38;2;177;94;53;48;2;105;90;83m▀[m[38;2;85;77;78;48;2;177;94;53m▀[m[38;2;58;51;56;48;2;85;77;78m▀[m[38;2;58;51;56;48;2;61;53;55m▀[m[38;2;61;53;55;48;2;113;102;93m▀[m[38;2;85;77;78;48;2;177;94;53m▀[m[38;2;105;90;83;48;2;220;100;15m▀[m[38;2;220;100;15;48;2;220;100;15m▀[m[38;2;220;100;15;48;2;220;100;15m▀[m[38;2;177;94;53;48;2;220;100;15m▀[m[38;2;105;90;83;48;2;177;94;53m▀[m[38;2;85;77;78;48;2;105;90;83m▀[m[38;2;61;53;55;48;2;105;90;83m▀[m[38;2;85;77;78;48;2;61;53;55m▀[m[38;2;85;77;78;48;2;58;51;56m▀[m[38;2;165;95;37;48;2;58;51;56m▀[m[38;2;58;51;56;48;2;69;61;68m▀[m[38;2;61;53;55;48;2;69;61;68m▀[m[38;2;66;56;57;48;2;69;61;68m▀[m[38;2;61;53;55;48;2;58;51;56m▀[m[38;2;58;51;56;48;2;69;61;68m▀[m[38;2;66;56;57;48;2;69;61;68m▀[m[38;2;58;51;56;48;2;58;51;56m▀[m[38;2;71;52;47;48;2;61;53;55m▀[m           [38;2;62;53;57m▄[m[38;2;66;58;61;48;2;104;89;83m▀[m[38;2;87;79;80;48;2;87;79;80m▀[m[38;2;87;79;80;48;2;68;61;65m▀[m[38;2;92;63;53;48;2;62;53;57m▀[m[38;2;240;155;22;48;2;164;95;41m▀[m[38;2;164;95;41;48;2;164;95;41m▀[m[38;2;68;61;65;48;2;66;58;61m▀[m[38;2;164;95;41;48;2;104;89;83m▀[m[38;2;191;153;66;48;2;104;89;83m▀[m[38;2;116;80;52;48;2;87;79;80m▀[m[38;2;68;61;65;48;2;66;58;61m▀[m[38;2;87;79;80;48;2;92;63;53m▀[m[38;2;92;63;53;48;2;104;89;83m▀[m[38;2;191;153;66;48;2;104;89;83m▀[m[38;2;191;153;66;48;2;87;79;80m▀[m[38;2;116;80;52;48;2;70;62;69m▀[m[38;2;68;61;65;48;2;66;58;61m▀[m[38;2;66;58;61;48;2;66;58;61m▀[m[38;2;66;58;61;48;2;63;55;64m▀[m[38;2;62;53;57;48;2;63;55;64m▀[m
      [38;2;71;64;70m▀[m[38;2;103;88;87;48;2;82;73;76m▀[m[38;2;86;74;80;48;2;72;61;68m▀[m[38;2;72;61;68;48;2;59;49;53m▀[m[38;2;59;49;53;48;2;103;88;87m▀[m[38;2;71;64;70;48;2;86;74;80m▀[m[38;2;107;102;109;48;2;86;74;80m▀[m[38;2;103;88;87;48;2;103;88;87m▀[m[38;2;107;102;109;48;2;103;88;87m▀[m[38;2;151;109;81;48;2;103;88;87m▀[m[38;2;103;88;87;48;2;72;61;68m▀[m[38;2;86;74;80;48;2;72;61;68m▀[m[38;2;86;74;80;48;2;59;49;53m▀[m[38;2;72;61;68;48;2;59;49;53m▀[m[38;2;71;64;70;48;2;71;64;70m▀[m[38;2;107;102;109;48;2;107;102;109m▀[m[38;2;103;88;87;48;2;103;88;87m▀[m[38;2;86;74;80;48;2;103;88;87m▀[m[38;2;72;61;68;48;2;86;74;80m▀[m[38;2;86;74;80;48;2;72;61;68m▀[m[38;2;59;49;53;48;2;77;55;49m▀[m         [38;2;66;56;57;48;2;165;95;37m▀[m[38;2;113;102;93;48;2;105;90;83m▀[m[38;2;85;77;78;48;2;162;53;14m▀[m[38;2;105;90;83;48;2;165;95;37m▀[m[38;2;105;90;83;48;2;105;90;83m▀[m[38;2;61;53;55;48;2;58;51;56m▀[m[38;2;105;90;83;48;2;113;102;93m▀[m[38;2;113;102;93;48;2;85;77;78m▀[m[38;2;105;90;83;48;2;66;56;57m▀[m[38;2;66;56;57;48;2;66;56;57m▀[m[38;2;66;56;57;48;2;220;100;15m▀[m[38;2;66;56;57;48;2;162;53;14m▀[m[38;2;66;56;57;48;2;162;53;14m▀[m[38;2;85;77;78;48;2;66;56;57m▀[m[38;2;177;94;53;48;2;85;77;78m▀[m[38;2;105;90;83;48;2;105;90;83m▀[m[38;2;85;77;78;48;2;85;77;78m▀[m[38;2;61;53;55;48;2;58;51;56m▀[m[38;2;85;77;78;48;2;69;61;68m▀[m[38;2;85;77;78;48;2;85;77;78m▀[m[38;2;85;77;78;48;2;69;61;68m▀[m[38;2;69;61;68;48;2;165;95;37m▀[m[38;2;61;53;55;48;2;165;95;37m▀[m[38;2;58;51;56;48;2;66;56;57m▀[m[38;2;69;61;68;48;2;69;61;68m▀[m[38;2;58;51;56;48;2;58;51;56m▀[m[38;2;58;51;56;48;2;92;58;46m▀[m[38;2;71;52;47;48;2;66;56;57m▀[m          [38;2;104;89;83;48;2;68;61;65m▀[m[38;2;104;89;83;48;2;87;79;80m▀[m[38;2;87;79;80;48;2;66;58;61m▀[m[38;2;66;58;61;48;2;87;79;80m▀[m[38;2;104;89;83;48;2;104;89;83m▀[m[38;2;87;79;80;48;2;104;89;83m▀[m[38;2;87;79;80;48;2;191;153;66m▀[m[38;2;87;79;80;48;2;164;95;41m▀[m[38;2;116;80;52;48;2;164;95;41m▀[m[38;2;63;55;62;48;2;104;89;83m▀[m[38;2;63;55;62;48;2;104;89;83m▀[m[38;2;87;79;80;48;2;164;95;41m▀[m[38;2;186;73;22;48;2;116;80;52m▀[m[38;2;231;102;11;48;2;92;63;53m▀[m[38;2;164;95;41;48;2;116;80;52m▀[m[38;2;164;95;41;48;2;116;80;52m▀[m[38;2;164;95;41;48;2;104;89;83m▀[m[38;2;116;80;52;48;2;66;58;61m▀[m[38;2;66;58;61;48;2;68;61;65m▀[m[38;2;63;55;62;48;2;62;53;57m▀[m[38;2;63;55;64;48;2;63;55;62m▀[m[38;2;62;53;57m▀[m
      [38;2;99;80;78m▄[m[38;2;71;64;70;48;2;151;109;81m▀[m[38;2;82;73;76;48;2;107;102;109m▀[m[38;2;107;102;109;48;2;107;102;109m▀[m[38;2;107;102;109;48;2;151;109;81m▀[m[38;2;103;88;87;48;2;107;102;109m▀[m[38;2;86;74;80;48;2;103;88;87m▀[m[38;2;86;58;51;48;2;103;88;87m▀[m[38;2;86;74;80;48;2;103;88;87m▀[m[38;2;72;61;68;48;2;103;88;87m▀[m[38;2;59;49;53;48;2;103;88;87m▀[m[38;2;82;73;76;48;2;151;109;81m▀[m[38;2;86;74;80;48;2;151;109;81m▀[m[38;2;103;88;87;48;2;103;88;87m▀[m[38;2;59;49;53;48;2;86;74;80m▀[m[38;2;86;74;80;48;2;59;49;53m▀[m[38;2;86;74;80;48;2;59;49;53m▀[m[38;2;86;74;80;48;2;59;49;53m▀[m[38;2;86;74;80;48;2;59;49;53m▀[m[38;2;86;74;80;48;2;71;64;70m▀[m[38;2;77;55;49;48;2;59;49;53m▀[m         [38;2;92;58;46;48;2;71;52;47m▀[m[38;2;165;95;37;48;2;61;53;55m▀[m[38;2;238;150;20;48;2;220;100;15m▀[m[38;2;252;202;77;48;2;252;202;77m▀[m[38;2;92;58;46;48;2;135;93;48m▀[m[38;2;85;77;78;48;2;177;94;53m▀[m[38;2;113;102;93;48;2;105;90;83m▀[m[38;2;58;51;56;48;2;66;56;57m▀[m[38;2;162;53;14;48;2;162;53;14m▀[m[38;2;220;100;15;48;2;238;150;20m▀[m[38;2;238;150;20;48;2;237;205;182m▀[m[38;2;220;100;15;48;2;238;150;20m▀[m[38;2;238;150;20;48;2;252;202;77m▀[m[38;2;162;53;14;48;2;220;100;15m▀[m[38;2;61;53;55;48;2;92;58;46m▀[m[38;2;112;79;50;48;2;61;53;55m▀[m[38;2;105;90;83;48;2;165;95;37m▀[m[38;2;66;56;57;48;2;66;56;57m▀[m[38;2;69;61;68;48;2;220;100;15m▀[m[38;2;69;61;68;48;2;220;100;15m▀[m[38;2;162;53;14;48;2;134;72;38m▀[m[38;2;252;202;77;48;2;252;202;77m▀[m[38;2;238;150;20;48;2;238;150;20m▀[m[38;2;162;53;14;48;2;92;58;46m▀[m[38;2;220;100;15;48;2;165;95;37m▀[m[38;2;220;100;15;48;2;92;58;46m▀[m[38;2;92;58;46;48;2;71;52;47m▀[m[38;2;66;56;57m▀[m          [38;2;62;53;57;48;2;66;57;59m▀[m[38;2;186;73;22;48;2;68;61;65m▀[m[38;2;62;53;57;48;2;62;53;57m▀[m[38;2;231;102;11;48;2;87;79;80m▀[m[38;2;104;89;83;48;2;101;93;90m▀[m[38;2;164;95;41;48;2;87;79;80m▀[m[38;2;68;61;65;48;2;130;69;44m▀[m[38;2;231;102;11m▄[m[38;2;231;102;11m▄[m[38;2;62;53;57;48;2;230;55;2m▀[m[38;2;104;89;83;48;2;66;58;61m▀[m[38;2;164;95;41;48;2;104;89;83m▀[m[38;2;104;89;83;48;2;104;89;83m▀[m[38;2;68;61;65;48;2;66;58;61m▀[m[38;2;104;89;83;48;2;87;79;80m▀[m[38;2;104;89;83;48;2;70;62;69m▀[m[38;2;66;58;61;48;2;92;63;53m▀[m[38;2;63;55;62;48;2;70;62;69m▀[m[38;2;164;95;41;48;2;66;58;61m▀[m[38;2;66;57;59;48;2;66;58;61m▀[m
    [38;2;71;64;70;48;2;179;93;32m▀[m[38;2;179;93;32;48;2;213;109;26m▀[m[38;2;103;88;87;48;2;86;58;51m▀[m[38;2;151;109;81;48;2;86;74;80m▀[m[38;2;213;109;26;48;2;103;88;87m▀[m[38;2;240;113;18;48;2;213;109;26m▀[m[38;2;151;109;81;48;2;240;113;18m▀[m[38;2;107;102;109;48;2;151;109;81m▀[m[38;2;103;88;87;48;2;151;109;81m▀[m[38;2;107;102;109;48;2;151;109;81m▀[m[38;2;103;88;87;48;2;240;113;18m▀[m[38;2;151;109;81;48;2;213;109;26m▀[m[38;2;240;113;18;48;2;103;88;87m▀[m[38;2;213;109;26;48;2;103;88;87m▀[m[38;2;151;109;81;48;2;86;74;80m▀[m[38;2;103;88;87;48;2;86;74;80m▀[m[38;2;86;74;80;48;2;72;61;68m▀[m[38;2;72;61;68;48;2;86;74;80m▀[m[38;2;86;58;51;48;2;103;88;87m▀[m[38;2;71;64;70;48;2;86;74;80m▀[m[38;2;71;64;70;48;2;86;74;80m▀[m[38;2;59;49;53;48;2;86;74;80m▀[m[38;2;86;74;80;48;2;86;74;80m▀[m[38;2;86;58;51;48;2;86;74;80m▀[m         [38;2;162;53;14m▀[m[38;2;66;56;57;48;2;61;53;55m▀[m[38;2;66;56;57;48;2;58;51;56m▀[m[38;2;66;56;57;48;2;58;51;56m▀[m[38;2;85;77;78;48;2;61;53;55m▀[m[38;2;85;77;78;48;2;85;77;78m▀[m[38;2;71;52;47;48;2;71;52;47m▀[m[38;2;162;53;14;48;2;162;53;14m▀[m[38;2;238;150;20;48;2;238;150;20m▀[m[38;2;237;205;182;48;2;237;205;182m▀[m[38;2;177;94;53;48;2;177;94;53m▀[m[38;2;238;150;20;48;2;252;202;77m▀[m[38;2;220;100;15;48;2;220;100;15m▀[m[38;2;61;53;55;48;2;66;56;57m▀[m[38;2;66;56;57;48;2;61;53;55m▀[m[38;2;85;77;78;48;2;69;61;68m▀[m[38;2;66;56;57;48;2;66;56;57m▀[m[38;2;69;61;68;48;2;61;53;55m▀[m[38;2;69;61;68;48;2;58;51;56m▀[m[38;2;71;52;47;48;2;58;51;56m▀[m[38;2;162;53;14;48;2;58;51;56m▀[m[38;2;134;72;38;48;2;61;53;55m▀[m[38;2;71;52;47;48;2;61;53;55m▀[m[38;2;66;56;57;48;2;58;51;56m▀[m[38;2;71;52;47;48;2;66;56;57m▀[m           [38;2;66;57;59;48;2;164;95;41m▀[m[38;2;164;95;41;48;2;104;89;83m▀[m[38;2;87;79;80;48;2;104;89;83m▀[m[38;2;68;61;65;48;2;87;79;80m▀[m[38;2;62;53;57;48;2;66;57;59m▀[m[38;2;186;73;22;48;2;92;63;53m▀[m[38;2;66;58;61;48;2;62;53;57m▀[m[38;2;186;73;22;48;2;186;73;22m▀[m[38;2;251;222;155;48;2;191;153;66m▀[m[38;2;191;153;66;48;2;164;95;41m▀[m[38;2;240;155;22;48;2;240;155;22m▀[m[38;2;66;57;59;48;2;66;57;59m▀[m[38;2;66;58;61;48;2;66;58;61m▀[m[38;2;116;80;52;48;2;240;155;22m▀[m[38;2;66;58;61;48;2;92;63;53m▀[m[38;2;62;53;57;48;2;66;57;59m▀[m[38;2;66;58;61;48;2;62;53;57m▀[m[38;2;62;53;57;48;2;92;63;53m▀[m[38;2;66;58;61;48;2;164;95;41m▀[m[38;2;104;89;83;48;2;104;89;83m▀[m[38;2;231;102;11;48;2;164;95;41m▀[m[38;2;68;61;65;48;2;63;55;64m▀[m
   [38;2;179;93;32;48;2;82;73;76m▀[m[38;2;213;109;26;48;2;86;74;80m▀[m[38;2;59;49;53;48;2;71;64;70m▀[m[38;2;213;109;26;48;2;242;166;8m▀[m[38;2;86;58;51;48;2;242;166;8m▀[m[38;2;103;88;87;48;2;59;49;53m▀[m[38;2;103;88;87;48;2;103;88;87m▀[m[38;2;240;113;18;48;2;103;88;87m▀[m[38;2;240;113;18;48;2;103;88;87m▀[m[38;2;240;113;18;48;2;103;88;87m▀[m[38;2;240;113;18;48;2;103;88;87m▀[m[38;2;213;109;26;48;2;103;88;87m▀[m[38;2;103;88;87;48;2;86;58;51m▀[m[38;2;86;74;80;48;2;86;58;51m▀[m[38;2;86;74;80;48;2;59;49;53m▀[m[38;2;59;49;53;48;2;86;58;51m▀[m[38;2;213;109;26;48;2;242;166;8m▀[m[38;2;159;62;11;48;2;159;62;11m▀[m[38;2;179;93;32;48;2;103;88;87m▀[m[38;2;103;88;87;48;2;86;74;80m▀[m[38;2;86;74;80;48;2;86;74;80m▀[m[38;2;86;74;80;48;2;86;74;80m▀[m[38;2;86;74;80;48;2;86;74;80m▀[m[38;2;86;74;80;48;2;86;74;80m▀[m[38;2;86;74;80;48;2;72;61;68m▀[m[38;2;86;74;80;48;2;72;61;68m▀[m       [38;2;66;56;57m▄[m[38;2;66;56;57;48;2;105;90;83m▀[m[38;2;165;95;37;48;2;105;90;83m▀[m[38;2;112;79;50;48;2;165;95;37m▀[m[38;2;58;51;56;48;2;69;61;68m▀[m[38;2;58;51;56;48;2;71;52;47m▀[m[38;2;85;77;78;48;2;165;95;37m▀[m[38;2;61;53;55;48;2;105;90;83m▀[m[38;2;162;53;14;48;2;61;53;55m▀[m[38;2;220;100;15;48;2;66;56;57m▀[m[38;2;252;202;77;48;2;220;100;15m▀[m[38;2;220;100;15;48;2;92;58;46m▀[m[38;2;238;150;20;48;2;162;53;14m▀[m[38;2;162;53;14;48;2;61;53;55m▀[m[38;2;66;56;57;48;2;85;77;78m▀[m[38;2;85;77;78;48;2;85;77;78m▀[m[38;2;69;61;68;48;2;69;61;68m▀[m[38;2;66;56;57;48;2;66;56;57m▀[m[38;2;58;51;56;48;2;238;150;20m▀[m[38;2;61;53;55;48;2;105;90;83m▀[m[38;2;61;53;55;48;2;105;90;83m▀[m[38;2;58;51;56;48;2;58;51;56m▀[m[38;2;61;53;55m▀[m[38;2;61;53;55;48;2;66;56;57m▀[m[38;2;61;53;55;48;2;85;77;78m▀[m[38;2;85;77;78;48;2;105;90;83m▀[m[38;2;66;56;57;48;2;85;77;78m▀[m[38;2;66;56;57m▄[m        [38;2;68;61;65m▄[m[38;2;66;58;61;48;2;104;89;83m▀[m[38;2;66;58;61;48;2;104;89;83m▀[m[38;2;66;58;61;48;2;87;79;80m▀[m[38;2;63;55;62;48;2;87;79;80m▀[m[38;2;66;57;59m▀[m[38;2;62;53;57m▀[m[38;2;87;79;80;48;2;62;53;57m▀[m[38;2;130;69;44;48;2;92;63;53m▀[m[38;2;240;155;22;48;2;130;69;44m▀[m[38;2;240;155;22;48;2;187;53;5m▀[m[38;2;231;102;11;48;2;62;53;57m▀[m[38;2;62;53;57;48;2;66;58;61m▀[m[38;2;63;55;64;48;2;63;55;64m▀[m[38;2;116;80;52;48;2;63;55;62m▀[m[38;2;68;61;65;48;2;62;53;57m▀[m[38;2;62;53;57m▄[m [38;2;68;61;65;48;2;101;93;90m▀[m[38;2;63;55;62;48;2;104;89;83m▀[m[38;2;66;58;61;48;2;104;89;83m▀[m[38;2;66;58;61;48;2;87;79;80m▀[m[38;2;62;53;57;48;2;63;55;64m▀[m[38;2;68;61;65m▄[m
  [38;2;99;80;78m▄[m[38;2;71;64;70;48;2;151;109;81m▀[m[38;2;59;49;53;48;2;103;88;87m▀[m[38;2;71;64;70;48;2;71;64;70m▀[m[38;2;242;166;8;48;2;179;93;32m▀[m[38;2;242;166;8;48;2;252;221;12m▀[m[38;2;159;62;11;48;2;252;221;12m▀[m[38;2;86;58;51;48;2;156;76;25m▀[m[38;2;86;74;80;48;2;59;49;53m▀[m[38;2;103;88;87;48;2;59;49;53m▀[m[38;2;103;88;87;48;2;59;49;53m▀[m[38;2;86;74;80;48;2;59;49;53m▀[m[38;2;72;61;68;48;2;59;49;53m▀[m[38;2;156;76;25;48;2;242;166;8m▀[m[38;2;242;166;8;48;2;252;221;12m▀[m[38;2;242;166;8;48;2;252;221;12m▀[m[38;2;159;62;11;48;2;252;221;12m▀[m[38;2;252;221;12;48;2;242;166;8m▀[m[38;2;159;62;11;48;2;214;88;6m▀[m[38;2;72;61;68;48;2;59;49;53m▀[m[38;2;86;58;51;48;2;82;73;76m▀[m[38;2;59;49;53;48;2;107;102;109m▀[m[38;2;59;49;53;48;2;102;95;100m▀[m[38;2;72;61;68;48;2;59;49;53m▀[m[38;2;86;74;80;48;2;72;61;68m▀[m[38;2;72;61;68;48;2;72;61;68m▀[m[38;2;72;61;68;48;2;72;61;68m▀[m[38;2;59;49;53m▄[m[38;2;77;55;49m▄[m    [38;2;71;52;47;48;2;66;56;57m▀[m[38;2;162;53;14;48;2;238;150;20m▀[m[38;2;165;95;37;48;2;238;150;20m▀[m[38;2;58;51;56;48;2;105;90;83m▀[m[38;2;58;51;56;48;2;105;90;83m▀[m[38;2;61;53;55;48;2;165;95;37m▀[m[38;2;66;56;57;48;2;71;52;47m▀[m[38;2;66;56;57m▀[m[38;2;85;77;78;48;2;66;56;57m▀[m[38;2;112;79;50;48;2;58;51;56m▀[m[38;2;162;53;14;48;2;177;94;53m▀[m[38;2;208;105;3;48;2;220;100;15m▀[m[38;2;208;105;3;48;2;220;100;15m▀[m[38;2;208;105;3;48;2;177;94;53m▀[m[38;2;92;58;46;48;2;69;61;68m▀[m[38;2;85;77;78;48;2;58;51;56m▀[m[38;2;85;77;78;48;2;58;51;56m▀[m[38;2;66;56;57;48;2;71;52;47m▀[m[38;2;61;53;55;48;2;135;93;48m▀[m[38;2;105;90;83;48;2;112;79;50m▀[m[38;2;105;90;83;48;2;112;79;50m▀[m[38;2;165;95;37;48;2;238;150;20m▀[m[38;2;162;53;14;48;2;238;150;20m▀[m[38;2;66;56;57;48;2;61;53;55m▀[m[38;2;66;56;57;48;2;71;52;47m▀[m[38;2;112;79;50;48;2;165;95;37m▀[m[38;2;69;61;68;48;2;85;77;78m▀[m[38;2;165;95;37;48;2;165;95;37m▀[m[38;2;165;95;37;48;2;220;100;15m▀[m[38;2;71;52;47;48;2;66;56;57m▀[m       [38;2;68;61;65;48;2;186;73;22m▀[m[38;2;104;89;83;48;2;164;95;41m▀[m[38;2;104;89;83;48;2;191;153;66m▀[m[38;2;87;79;80;48;2;62;53;57m▀[m[38;2;87;79;80;48;2;68;61;65m▀[m[38;2;66;57;59;48;2;62;53;57m▀[m[38;2;87;79;80;48;2;87;79;80m▀[m[38;2;63;55;62;48;2;87;79;80m▀[m[38;2;66;58;61;48;2;66;57;59m▀[m[38;2;231;102;11;48;2;66;57;59m▀[m[38;2;164;95;41;48;2;92;63;53m▀[m[38;2;164;95;41;48;2;63;55;62m▀[m[38;2;63;55;64;48;2;66;58;61m▀[m[38;2;63;55;64;48;2;66;57;59m▀[m[38;2;62;53;57;48;2;68;61;65m▀[m[38;2;87;79;80;48;2;87;79;80m▀[m[38;2;70;62;69;48;2;87;79;80m▀[m[38;2;68;61;65;48;2;62;53;57m▀[m[38;2;87;79;80;48;2;66;58;61m▀[m[38;2;87;79;80;48;2;66;58;61m▀[m[38;2;104;89;83;48;2;191;153;66m▀[m[38;2;87;79;80;48;2;164;95;41m▀[m[38;2;70;62;69;48;2;240;155;22m▀[m[38;2;68;61;65;48;2;130;69;44m▀[m
[38;2;77;55;49m▄[m[38;2;71;64;70;48;2;82;73;76m▀[m[38;2;107;102;109;48;2;103;88;87m▀[m[38;2;107;102;109;48;2;103;88;87m▀[m[38;2;107;102;109;48;2;103;88;87m▀[m[38;2;59;49;53;48;2;59;49;53m▀[m[38;2;59;49;53;48;2;59;49;53m▀[m[38;2;159;62;11;48;2;59;49;53m▀[m[38;2;252;221;12;48;2;242;166;8m▀[m[38;2;242;166;8;48;2;252;221;12m▀[m[38;2;159;62;11;48;2;252;221;12m▀[m[38;2;179;93;32;48;2;242;166;8m▀[m[38;2;179;93;32;48;2;242;166;8m▀[m[38;2;159;62;11;48;2;252;221;12m▀[m[38;2;159;62;11;48;2;252;221;12m▀[m[38;2;252;221;12;48;2;252;221;12m▀[m[38;2;242;166;8;48;2;156;76;25m▀[m[38;2;179;93;32;48;2;86;58;51m▀[m[38;2;242;166;8;48;2;179;93;32m▀[m[38;2;159;62;11;48;2;72;61;68m▀[m[38;2;71;64;70;48;2;59;49;53m▀[m[38;2;82;73;76;48;2;102;95;100m▀[m[38;2;107;102;109;48;2;107;102;109m▀[m[38;2;107;102;109;48;2;102;95;100m▀[m[38;2;102;95;100;48;2;102;95;100m▀[m[38;2;72;61;68;48;2;86;74;80m▀[m[38;2;59;49;53;48;2;77;55;49m▀[m[38;2;72;61;68;48;2;59;49;53m▀[m[38;2;72;61;68;48;2;86;74;80m▀[m[38;2;86;74;80;48;2;86;74;80m▀[m[38;2;71;64;70;48;2;59;49;53m▀[m    [38;2;66;56;57;48;2;61;53;55m▀[m[38;2;105;90;83;48;2;58;51;56m▀[m[38;2;105;90;83;48;2;66;56;57m▀[m[38;2;105;90;83;48;2;66;56;57m▀[m[38;2;85;77;78;48;2;66;56;57m▀[m[38;2;69;61;68;48;2;66;56;57m▀[m[38;2;71;52;47;48;2;71;52;47m▀[m   [38;2;66;56;57m▀[m[38;2;66;56;57;48;2;58;51;56m▀[m[38;2;66;56;57;48;2;66;56;57m▀[m[38;2;66;56;57;48;2;61;53;55m▀[m[38;2;66;56;57m▀[m   [38;2;85;77;78;48;2;85;77;78m▀[m[38;2;177;94;53;48;2;85;77;78m▀[m[38;2;177;94;53;48;2;85;77;78m▀[m[38;2;177;94;53;48;2;85;77;78m▀[m[38;2;165;95;37;48;2;85;77;78m▀[m[38;2;69;61;68;48;2;58;51;56m▀[m [38;2;66;56;57;48;2;61;53;55m▀[m[38;2;61;53;55;48;2;58;51;56m▀[m[38;2;61;53;55;48;2;85;77;78m▀[m[38;2;58;51;56;48;2;61;53;55m▀[m[38;2;71;52;47;48;2;85;77;78m▀[m[38;2;71;52;47m▄[m      [38;2;186;73;22m▀[m[38;2;164;95;41;48;2;87;79;80m▀[m[38;2;191;153;66;48;2;104;89;83m▀[m[38;2;62;53;57;48;2;63;55;62m▀[m[38;2;68;61;65;48;2;62;53;57m▀[m[38;2;62;53;57;48;2;164;95;41m▀[m[38;2;66;58;61;48;2;164;95;41m▀[m[38;2;68;61;65;48;2;87;79;80m▀[m[38;2;66;58;61;48;2;68;61;65m▀[m     [38;2;66;57;59m▀[m[38;2;68;61;65;48;2;164;95;41m▀[m[38;2;66;58;61;48;2;240;155;22m▀[m[38;2;62;53;57;48;2;70;62;69m▀[m[38;2;66;58;61;48;2;62;53;57m▀[m[38;2;68;61;65;48;2;63;55;62m▀[m[38;2;191;153;66;48;2;104;89;83m▀[m[38;2;164;95;41;48;2;63;55;64m▀[m[38;2;240;155;22;48;2;92;63;53m▀[m[38;2;130;69;44m▀[m
[38;2;71;64;70;48;2;71;64;70m▀[m[38;2;128;126;138;48;2;107;102;109m▀[m[38;2;107;102;109;48;2;102;95;100m▀[m[38;2;86;74;80;48;2;86;74;80m▀[m[38;2;86;74;80;48;2;103;88;87m▀[m[38;2;86;74;80;48;2;86;74;80m▀[m[38;2;59;49;53;48;2;59;49;53m▀[m[38;2;59;49;53;48;2;77;55;49m▀[m[38;2;159;62;11;48;2;71;64;70m▀[m[38;2;242;166;8;48;2;156;76;25m▀[m[38;2;179;93;32;48;2;86;58;51m▀[m[38;2;159;62;11;48;2;72;61;68m▀[m[38;2;159;62;11;48;2;72;61;68m▀[m[38;2;252;221;12;48;2;179;93;32m▀[m[38;2;252;221;12;48;2;179;93;32m▀[m[38;2;159;62;11;48;2;86;58;51m▀[m[38;2;59;49;53;48;2;86;74;80m▀[m[38;2;86;74;80;48;2;72;61;68m▀[m[38;2;86;74;80;48;2;71;64;70m▀[m[38;2;59;49;53m▀[m[38;2;59;49;53;48;2;71;64;70m▀[m[38;2;107;102;109;48;2;107;102;109m▀[m[38;2;107;102;109;48;2;107;102;109m▀[m[38;2;107;102;109;48;2;107;102;109m▀[m[38;2;86;74;80;48;2;86;74;80m▀[m[38;2;86;74;80;48;2;102;95;100m▀[m[38;2;71;64;70;48;2;71;64;70m▀[m[38;2;59;49;53;48;2;59;49;53m▀[m[38;2;86;74;80;48;2;86;74;80m▀[m[38;2;86;74;80;48;2;102;95;100m▀[m[38;2;86;74;80;48;2;102;95;100m▀[m[38;2;71;64;70;48;2;71;64;70m▀[m  [38;2;66;56;57;48;2;66;56;57m▀[m[38;2;113;102;93;48;2;85;77;78m▀[m[38;2;105;90;83;48;2;105;90;83m▀[m[38;2;105;90;83;48;2;85;77;78m▀[m[38;2;105;90;83;48;2;113;102;93m▀[m[38;2;113;102;93;48;2;105;90;83m▀[m[38;2;61;53;55;48;2;66;56;57m▀[m[38;2;85;77;78;48;2;69;61;68m▀[m    [38;2;71;52;47m▀[m     [38;2;71;52;47;48;2;84;78;82m▀[m[38;2;84;78;82;48;2;113;102;93m▀[m[38;2;61;53;55;48;2;85;77;78m▀[m[38;2;84;78;82;48;2;113;102;93m▀[m[38;2;66;56;57;48;2;85;77;78m▀[m[38;2;84;78;82;48;2;113;102;93m▀[m[38;2;61;53;55;48;2;113;102;93m▀[m[38;2;61;53;55;48;2;85;77;78m▀[m[38;2;61;53;55;48;2;66;56;57m▀[m[38;2;85;77;78;48;2;66;56;57m▀[m[38;2;113;102;93;48;2;66;56;57m▀[m[38;2;66;56;57;48;2;71;52;47m▀[m[38;2;85;77;78;48;2;66;56;57m▀[m[38;2;66;56;57;48;2;71;52;47m▀[m        [38;2;62;53;57m▀[m[38;2;66;57;59;48;2;66;57;59m▀[m[38;2;101;93;90;48;2;92;63;53m▀[m[38;2;164;95;41;48;2;66;58;61m▀[m[38;2;164;95;41;48;2;68;61;65m▀[m[38;2;104;89;83;48;2;92;63;53m▀[m[38;2;63;55;64;48;2;63;55;62m▀[m[38;2;68;61;65;48;2;62;53;57m▀[m    [38;2;92;63;53;48;2;66;58;61m▀[m[38;2;164;95;41;48;2;63;55;62m▀[m[38;2;231;102;11;48;2;66;58;61m▀[m[38;2;104;89;83;48;2;66;58;61m▀[m[38;2;66;58;61;48;2;62;53;57m▀[m[38;2;66;57;59;48;2;62;53;57m▀[m[38;2;66;57;59m▀[m[38;2;66;57;59m▀[m
[38;2;77;55;49m▀[m[38;2;71;64;70m▀[m[38;2;71;64;70m▀[m[38;2;71;64;70m▀[m[38;2;71;64;70m▀[m[38;2;71;64;70m▀[m[38;2;77;55;49m▀[m   [38;2;77;55;49m▀[m[38;2;77;55;49m▀[m[38;2;77;55;49m▀[m[38;2;77;55;49m▀[m[38;2;77;55;49m▀[m[38;2;77;55;49m▀[m[38;2;77;55;49m▀[m   [38;2;77;55;49m▀[m[38;2;71;64;70m▀[m[38;2;71;64;70m▀[m[38;2;71;64;70m▀[m[38;2;71;64;70m▀[m[38;2;71;64;70m▀[m[38;2;77;55;49m▀[m[38;2;71;64;70m▀[m[38;2;71;64;70m▀[m[38;2;71;64;70m▀[m[38;2;71;64;70m▀[m[38;2;77;55;49m▀[m   [38;2;71;52;47m▀[m[38;2;71;52;47m▀[m [38;2;71;52;47m▀[m[38;2;71;52;47m▀[m [38;2;71;52;47m▀[m          [38;2;66;56;57m▀[m[38;2;66;56;57m▀[m[38;2;66;56;57m▀[m[38;2;66;56;57m▀[m[38;2;66;56;57m▀[m[38;2;66;56;57m▀[m[38;2;66;56;57m▀[m[38;2;66;56;57m▀[m              [38;2;66;57;59;48;2;66;57;59m▀[m[38;2;104;89;83;48;2;68;61;65m▀[m[38;2;101;93;90;48;2;68;61;65m▀[m[38;2;87;79;80;48;2;68;61;65m▀[m[38;2;101;93;90;48;2;68;61;65m▀[m[38;2;104;89;83;48;2;68;61;65m▀[m[38;2;62;53;57;48;2;66;57;59m▀[m[38;2;63;55;64;48;2;66;58;61m▀[m[38;2;66;57;59m▀[m  [38;2;62;53;57;48;2;66;57;59m▀[m[38;2;101;93;90;48;2;68;61;65m▀[m[38;2;68;61;65;48;2;62;53;57m▀[m[38;2;104;89;83;48;2;68;61;65m▀[m[38;2;68;61;65;48;2;62;53;57m▀[m[38;2;104;89;83;48;2;66;58;61m▀[m[38;2;66;58;61;48;2;62;53;57m▀[m[38;2;62;53;57;48;2;66;57;59m▀[m

[1mcindernode[m                        [1mfurnacehub[m                        [1mcalderdaemon[m
            [38;2;112;90;79m▄[m[38;2;102;65;49;48;2;147;109;90m▀[m[38;2;76;53;47m▄[m                                 [38;2;60;47;43m▄[m[38;2;60;47;43;48;2;87;78;74m▀[m[38;2;75;64;59;48;2;89;68;54m▀[m[38;2;83;66;54;48;2;78;56;45m▀[m[38;2;60;47;43m▄[m                            [38;2;58;54;53m▄[m[38;2;83;76;75m▄[m[38;2;66;54;48;48;2;109;83;52m▀[m[38;2;68;60;62;48;2;169;93;31m▀[m[38;2;58;54;53;48;2;110;64;38m▀[m[38;2;66;54;48m▀[m     [38;2;58;54;53m▄[m[38;2;58;54;53m▄[m
            [38;2;102;65;49m▀[m[38;2;122;66;43m▀[m  [38;2;102;65;49m▄[m[38;2;114;102;100m▄[m[38;2;75;50;41;48;2;114;102;100m▀[m[38;2;112;90;79;48;2;114;102;100m▀[m[38;2;112;90;79;48;2;114;102;100m▀[m[38;2;75;50;41;48;2;82;73;74m▀[m[38;2;75;50;41m▄[m                   [38;2;75;64;59m▄[m[38;2;106;90;79m▄[m[38;2;61;45;37m▄[m   [38;2;60;47;43m▀[m[38;2;54;40;35;48;2;61;45;37m▀[m[38;2;61;45;37;48;2;113;80;47m▀[m[38;2;60;42;34;48;2;60;47;43m▀[m                         [38;2;66;54;48;48;2;83;76;75m▀[m[38;2;68;60;62;48;2;68;60;62m▀[m[38;2;66;54;48;48;2;83;76;75m▀[m[38;2;83;76;75;48;2;211;92;14m▀[m[38;2;164;91;39;48;2;246;110;4m▀[m[38;2;211;92;14;48;2;246;110;4m▀[m[38;2;246;110;4;48;2;164;91;39m▀[m[38;2;164;91;39m▀[m  [38;2;86;61;42m▄[m[38;2;83;76;75m▄[m[38;2;86;61;42;48;2;83;76;75m▀[m[38;2;83;76;75;48;2;109;83;52m▀[m[38;2;83;76;75;48;2;169;93;31m▀[m[38;2;83;76;75;48;2;164;91;39m▀[m[38;2;66;54;48m▀[m
       [38;2;75;50;41m▄[m[38;2;75;50;41m▄[m[38;2;75;50;41m▄[m[38;2;102;65;49m▄[m[38;2;114;102;100m▄[m[38;2;107;84;78m▄[m[38;2;147;109;90m▄[m  [38;2;75;50;41m▀[m[38;2;147;109;90;48;2;122;66;43m▀[m[38;2;107;84;78;48;2;147;109;90m▀[m[38;2;78;58;53;48;2;82;73;74m▀[m[38;2;78;58;53;48;2;146;82;48m▀[m[38;2;78;58;53;48;2;146;82;48m▀[m[38;2;82;73;74;48;2;78;58;53m▀[m[38;2;76;53;47m▄[m                 [38;2;60;47;43m▀[m[38;2;89;68;54;48;2;60;47;43m▀[m[38;2;78;56;45m▀[m[38;2;60;47;43m▀[m  [38;2;61;45;37m▄[m[38;2;100;81;66;48;2;60;48;45m▀[m[38;2;78;56;45;48;2;60;47;43m▀[m[38;2;99;59;34;48;2;61;45;37m▀[m[38;2;89;68;54;48;2;60;42;34m▀[m[38;2;60;47;43;48;2;61;45;37m▀[m [38;2;100;81;66m▄[m[38;2;100;81;66m▄[m[38;2;60;47;43m▄[m                   [38;2;164;91;39;48;2;58;54;53m▀[m[38;2;74;59;56;48;2;58;54;53m▀[m[38;2;83;76;75;48;2;62;57;56m▀[m[38;2;211;92;14;48;2;246;110;4m▀[m[38;2;246;110;4;48;2;169;93;31m▀[m[38;2;246;110;4;48;2;74;59;56m▀[m[38;2;211;92;14m▀[m [38;2;86;61;42m▄[m[38;2;106;93;80m▄[m[38;2;68;60;62;48;2;164;91;39m▀[m[38;2;83;76;75;48;2;246;110;4m▀[m[38;2;169;93;31;48;2;246;110;4m▀[m[38;2;246;110;4;48;2;246;110;4m▀[m[38;2;246;110;4;48;2;246;110;4m▀[m[38;2;246;110;4;48;2;246;110;4m▀[m
   [38;2;102;65;49m▄[m[38;2;114;102;100m▄[m[38;2;76;53;47;48;2;114;102;100m▀[m[38;2;147;109;90;48;2;147;109;90m▀[m[38;2;147;109;90;48;2;147;109;90m▀[m[38;2;147;109;90;48;2;147;109;90m▀[m[38;2;114;102;100;48;2;146;82;48m▀[m[38;2;107;84;78;48;2;122;66;43m▀[m[38;2;107;84;78;48;2;76;53;47m▀[m[38;2;78;58;53m▀[m[38;2;76;53;47m▀[m   [38;2;75;50;41m▀[m[38;2;147;109;90;48;2;141;71;35m▀[m[38;2;114;102;100;48;2;147;109;90m▀[m[38;2;61;52;51;48;2;82;73;74m▀[m[38;2;82;73;74;48;2;82;73;74m▀[m[38;2;61;52;51;48;2;107;84;78m▀[m[38;2;82;73;74;48;2;82;73;74m▀[m[38;2;76;53;47;48;2;82;73;74m▀[m               [38;2;83;66;54m▄[m[38;2;87;78;74m▄[m[38;2;60;42;34m▄[m  [38;2;61;45;37m▄[m[38;2;75;64;59;48;2;89;68;54m▀[m[38;2;83;66;54;48;2;75;64;59m▀[m[38;2;60;47;43;48;2;61;45;37m▀[m[38;2;113;80;47;48;2;60;42;34m▀[m[38;2;60;42;34;48;2;106;90;79m▀[m[38;2;61;45;37;48;2;89;68;54m▀[m[38;2;83;66;54m▄[m[38;2;61;45;37;48;2;100;81;66m▀[m[38;2;89;68;54;48;2;106;90;79m▀[m[38;2;87;78;74;48;2;89;68;54m▀[m[38;2;106;90;79;48;2;78;56;45m▀[m[38;2;83;66;54;48;2;60;47;43m▀[m                [38;2;128;73;39m▄[m[38;2;68;60;62;48;2;169;93;31m▀[m[38;2;110;64;38;48;2;58;54;53m▀[m[38;2;83;76;75;48;2;74;59;56m▀[m[38;2;58;54;53;48;2;58;54;53m▀[m[38;2;74;59;56;48;2;169;93;31m▀[m[38;2;110;64;38;48;2;211;92;14m▀[m[38;2;86;61;42m▀[m [38;2;83;76;75m▄[m[38;2;58;54;53;48;2;83;76;75m▀[m[38;2;106;93;80;48;2;58;54;53m▀[m[38;2;236;152;16;48;2;236;152;16m▀[m[38;2;246;110;4;48;2;211;92;14m▀[m[38;2;246;110;4;48;2;169;93;31m▀[m[38;2;246;110;4;48;2;109;83;52m▀[m[38;2;246;110;4;48;2;83;76;75m▀[m[38;2;211;92;14;48;2;62;57;56m▀[m
  [38;2;75;50;41m▀[m[38;2;82;73;74;48;2;75;50;41m▀[m[38;2;82;73;74;48;2;76;53;47m▀[m[38;2;78;58;53;48;2;76;53;47m▀[m[38;2;78;58;53;48;2;75;50;41m▀[m[38;2;146;82;48;48;2;75;50;41m▀[m[38;2;146;82;48;48;2;102;65;49m▀[m[38;2;141;71;35m▀[m   [38;2;109;76;60m▄[m[38;2;112;90;79;48;2;146;82;48m▀[m[38;2;61;52;51;48;2;113;70;53m▀[m[38;2;78;58;53m▄[m  [38;2;146;82;48;48;2;76;53;47m▀[m[38;2;147;109;90;48;2;147;109;90m▀[m[38;2;114;102;100;48;2;78;58;53m▀[m[38;2;82;73;74;48;2;76;53;47m▀[m[38;2;78;58;53;48;2;75;50;41m▀[m[38;2;76;53;47m▀[m              [38;2;60;47;43;48;2;60;47;43m▀[m[38;2;87;78;74;48;2;78;56;45m▀[m[38;2;106;90;79;48;2;113;80;47m▀[m[38;2;78;56;45;48;2;60;47;43m▀[m [38;2;87;78;74m▄[m[38;2;75;64;59;48;2;113;80;47m▀[m[38;2;113;80;47;48;2;78;56;45m▀[m[38;2;60;42;34;48;2;61;45;37m▀[m[38;2;54;40;35;48;2;61;45;37m▀[m[38;2;106;72;48;48;2;99;59;34m▀[m[38;2;106;90;79;48;2;60;42;34m▀[m[38;2;156;93;39;48;2;113;80;47m▀[m[38;2;78;56;45;48;2;60;42;34m▀[m [38;2;60;42;34m▀[m[38;2;60;42;34m▀[m[38;2;60;47;43m▀[m  [38;2;60;47;43m▄[m[38;2;75;64;59;48;2;89;68;54m▀[m[38;2;75;64;59;48;2;87;78;74m▀[m[38;2;61;45;37m▄[m           [38;2;106;93;80m▀[m[38;2;74;59;56m▀[m[38;2;62;57;56;48;2;211;191;86m▀[m[38;2;110;64;38;48;2;169;93;31m▀[m[38;2;66;54;48;48;2;58;54;53m▀[m[38;2;169;93;31;48;2;164;91;39m▀[m[38;2;110;64;38;48;2;86;61;42m▀[m  [38;2;109;83;52;48;2;83;76;75m▀[m[38;2;83;76;75;48;2;83;76;75m▀[m[38;2;58;54;53;48;2;58;54;53m▀[m[38;2;106;93;80;48;2;211;92;14m▀[m[38;2;83;76;75;48;2;246;110;4m▀[m[38;2;109;83;52;48;2;246;110;4m▀[m[38;2;169;93;31;48;2;246;110;4m▀[m[38;2;164;91;39;48;2;246;110;4m▀[m[38;2;128;73;39;48;2;66;54;48m▀[m
        [38;2;75;50;41m▄[m[38;2;114;102;100m▄[m[38;2;75;50;41;48;2;146;82;48m▀[m[38;2;75;50;41m▄[m [38;2;141;71;35m▀[m[38;2;146;82;48;48;2;141;71;35m▀[m[38;2;146;82;48;48;2;76;53;47m▀[m[38;2;122;66;43m▀[m   [38;2;75;50;41m▀[m[38;2;75;50;41m▄[m[38;2;76;53;47m▄[m   [38;2;141;71;35m▄[m[38;2;61;52;51m▄[m[38;2;102;65;49m▄[m          [38;2;83;66;54m▄[m  [38;2;99;59;34m▄[m[38;2;75;64;59;48;2;54;40;35m▀[m[38;2;89;68;54;48;2;99;59;34m▀[m[38;2;89;68;54;48;2;99;59;34m▀[m[38;2;99;59;34;48;2;156;93;39m▀[m[38;2;60;42;34;48;2;238;150;56m▀[m[38;2;99;59;34;48;2;238;150;56m▀[m[38;2;99;59;34;48;2;217;107;25m▀[m[38;2;60;42;34;48;2;156;93;39m▀[m[38;2;61;45;37;48;2;60;48;45m▀[m[38;2;61;45;37;48;2;54;40;35m▀[m[38;2;106;90;79;48;2;113;80;47m▀[m[38;2;60;42;34;48;2;89;68;54m▀[m[38;2;61;45;37m▄[m[38;2;75;64;59m▄[m[38;2;106;90;79m▄[m[38;2;61;45;37m▄[m [38;2;60;42;34m▀[m[38;2;60;48;45m▀[m[38;2;61;45;37m▀[m           [38;2;66;54;48m▄[m [38;2;86;61;42m▀[m[38;2;109;83;52;48;2;62;57;56m▀[m[38;2;109;83;52;48;2;169;93;31m▀[m[38;2;58;54;53;48;2;58;54;53m▀[m[38;2;74;59;56;48;2;86;61;42m▀[m  [38;2;66;54;48;48;2;58;54;53m▀[m[38;2;58;54;53;48;2;74;59;56m▀[m[38;2;74;59;56;48;2;169;93;31m▀[m[38;2;169;93;31;48;2;109;83;52m▀[m[38;2;211;92;14;48;2;74;59;56m▀[m[38;2;246;110;4;48;2;74;59;56m▀[m[38;2;246;110;4;48;2;74;59;56m▀[m[38;2;169;93;31;48;2;66;54;48m▀[m
   [38;2;75;50;41m▄[m[38;2;75;50;41;48;2;147;109;90m▀[m[38;2;76;53;47;48;2;147;109;90m▀[m[38;2;102;65;49m▄[m [38;2;122;66;43m▀[m[38;2;113;70;53;48;2;76;53;47m▀[m[38;2;141;71;35m▀[m[38;2;75;50;41;48;2;75;50;41m▀[m[38;2;183;77;28m▄[m[38;2;75;50;41;48;2;228;107;35m▀[m[38;2;141;71;35;48;2;228;107;35m▀[m[38;2;141;71;35;48;2;228;107;35m▀[m[38;2;179;88;40m▄[m[38;2;141;71;35m▄[m[38;2;183;77;28m▄[m[38;2;141;71;35m▄[m [38;2;179;88;40;48;2;75;50;41m▀[m[38;2;113;70;53;48;2;122;66;43m▀[m[38;2;102;65;49m▀[m  [38;2;183;77;28;48;2;75;50;41m▀[m[38;2;107;84;78;48;2;147;109;90m▀[m[38;2;82;73;74;48;2;78;58;53m▀[m[38;2;61;52;51;48;2;78;58;53m▀[m[38;2;76;53;47m▄[m      [38;2;60;47;43;48;2;78;56;45m▀[m[38;2;75;64;59;48;2;100;81;66m▀[m[38;2;89;68;54;48;2;78;56;45m▀[m[38;2;61;45;37;48;2;60;47;43m▀[m[38;2;100;81;66;48;2;61;45;37m▀[m[38;2;113;80;47;48;2;61;45;37m▀[m[38;2;61;45;37;48;2;60;42;34m▀[m[38;2;61;45;37;48;2;146;65;22m▀[m[38;2;156;93;39;48;2;238;150;56m▀[m[38;2;238;150;56;48;2;238;150;56m▀[m[38;2;217;107;25;48;2;238;150;56m▀[m[38;2;217;107;25;48;2;238;150;56m▀[m[38;2;238;150;56;48;2;238;150;56m▀[m[38;2;217;107;25;48;2;217;107;25m▀[m[38;2;99;59;34;48;2;78;56;45m▀[m[38;2;61;45;37;48;2;61;45;37m▀[m[38;2;113;80;47;48;2;61;45;37m▀[m[38;2;89;68;54;48;2;60;42;34m▀[m[38;2;61;45;37;48;2;54;40;35m▀[m[38;2;75;64;59;48;2;60;42;34m▀[m[38;2;100;81;66;48;2;78;56;45m▀[m[38;2;60;48;45;48;2;78;56;45m▀[m[38;2;60;47;43;48;2;61;45;37m▀[m[38;2;89;68;54m▄[m[38;2;61;45;37m▄[m           [38;2;68;60;62m▀[m[38;2;66;54;48m▀[m  [38;2;86;61;42m▄[m[38;2;66;54;48;48;2;164;91;39m▀[m[38;2;109;83;52m▄[m[38;2;86;61;42m▄[m [38;2;58;54;53m▄[m[38;2;83;76;75;48;2;62;57;56m▀[m[38;2;68;60;62;48;2;169;93;31m▀[m[38;2;246;110;4;48;2;109;83;52m▀[m[38;2;246;110;4;48;2;246;110;4m▀[m[38;2;246;110;4;48;2;246;110;4m▀[m[38;2;211;92;14;48;2;164;91;39m▀[m[38;2;86;61;42m▀[m[38;2;86;61;42;48;2;103;86;70m▀[m[38;2;68;60;62;48;2;68;60;62m▀[m[38;2;68;60;62;48;2;66;54;48m▀[m[38;2;169;93;31m▄[m
 [38;2;76;53;47m▄[m [38;2;102;65;49m▀[m[38;2;147;109;90;48;2;112;90;79m▀[m[38;2;114;102;100;48;2;113;70;53m▀[m[38;2;146;82;48;48;2;102;65;49m▀[m   [38;2;76;53;47m▄[m[38;2;228;107;35;48;2;228;107;35m▀[m[38;2;228;107;35;48;2;243;157;51m▀[m[38;2;243;157;51;48;2;252;231;152m▀[m[38;2;241;192;88;48;2;252;231;152m▀[m[38;2;243;157;51;48;2;241;192;88m▀[m[38;2;228;107;35;48;2;243;157;51m▀[m[38;2;228;107;35;48;2;243;157;51m▀[m[38;2;243;157;51;48;2;228;107;35m▀[m[38;2;228;107;35;48;2;122;66;43m▀[m    [38;2;122;66;43m▄[m[38;2;75;50;41m▄[m [38;2;109;76;60;48;2;76;53;47m▀[m[38;2;82;73;74;48;2;114;102;100m▀[m[38;2;113;70;53;48;2;82;73;74m▀[m[38;2;61;52;51;48;2;82;73;74m▀[m[38;2;75;50;41m▄[m    [38;2;83;66;54;48;2;61;45;37m▀[m[38;2;89;68;54;48;2;99;59;34m▀[m[38;2;87;78;74;48;2;89;68;54m▀[m[38;2;99;59;34;48;2;60;42;34m▀[m[38;2;99;59;34;48;2;60;42;34m▀[m[38;2;156;93;39;48;2;54;40;35m▀[m[38;2;99;59;34;48;2;99;59;34m▀[m[38;2;156;93;39;48;2;60;42;34m▀[m[38;2;146;65;22;48;2;146;65;22m▀[m[38;2;238;150;56;48;2;217;107;25m▀[m[38;2;217;107;25;48;2;227;151;64m▀[m[38;2;238;150;56;48;2;238;150;56m▀[m[38;2;217;107;25;48;2;238;150;56m▀[m[38;2;238;150;56;48;2;217;107;25m▀[m[38;2;146;65;22;48;2;99;59;34m▀[m[38;2;78;56;45;48;2;60;42;34m▀[m[38;2;156;93;39;48;2;61;45;37m▀[m[38;2;99;59;34;48;2;78;56;45m▀[m[38;2;156;93;39;48;2;54;40;35m▀[m[38;2;156;93;39;48;2;60;42;34m▀[m[38;2;113;80;47;48;2;54;40;35m▀[m[38;2;60;48;45;48;2;89;68;54m▀[m[38;2;78;56;45;48;2;60;48;45m▀[m[38;2;60;48;45;48;2;78;56;45m▀[m[38;2;113;80;47;48;2;156;93;39m▀[m[38;2;78;56;45;48;2;78;56;45m▀[m            [38;2;86;61;42;48;2;110;64;38m▀[m[38;2;58;54;53;48;2;106;93;80m▀[m[38;2;58;54;53;48;2;106;93;80m▀[m[38;2;106;93;80;48;2;169;93;31m▀[m[38;2;169;93;31;48;2;109;83;52m▀[m[38;2;110;64;38;48;2;58;54;53m▀[m[38;2;58;54;53m▄[m[38;2;68;60;62;48;2;58;54;53m▀[m[38;2;74;59;56;48;2;110;64;38m▀[m[38;2;169;93;31;48;2;169;93;31m▀[m[38;2;246;110;4;48;2;246;110;4m▀[m[38;2;169;93;31;48;2;246;110;4m▀[m[38;2;74;59;56;48;2;66;54;48m▀[m[38;2;211;92;14m▀[m[38;2;66;54;48m▄[m [38;2;83;76;75;48;2;86;61;42m▀[m[38;2;109;83;52m▄[m [38;2;164;91;39;48;2;74;59;56m▀[m[38;2;68;60;62;48;2;68;60;62m▀[m
[38;2;76;53;47m▀[m[38;2;107;84;78;48;2;82;73;74m▀[m[38;2;102;65;49;48;2;122;66;43m▀[m    [38;2;76;53;47m▄[m[38;2;76;53;47;48;2;146;82;48m▀[m [38;2;141;71;35;48;2;75;50;41m▀[m[38;2;228;107;35;48;2;228;107;35m▀[m[38;2;241;192;88;48;2;228;107;35m▀[m[38;2;241;192;88;48;2;243;157;51m▀[m[38;2;252;231;152;48;2;241;192;88m▀[m[38;2;252;231;152;48;2;241;192;88m▀[m[38;2;241;192;88;48;2;228;107;35m▀[m[38;2;228;107;35;48;2;243;157;51m▀[m[38;2;243;157;51;48;2;228;107;35m▀[m[38;2;141;71;35;48;2;75;50;41m▀[m   [38;2;75;50;41m▀[m[38;2;113;70;53m▀[m[38;2;76;53;47m▀[m  [38;2;147;109;90;48;2;75;50;41m▀[m[38;2;61;52;51m▀[m[38;2;75;50;41m▀[m     [38;2;61;45;37m▀[m[38;2;54;40;35;48;2;60;47;43m▀[m[38;2;87;78;74m▀[m[38;2;54;40;35;48;2;61;45;37m▀[m[38;2;61;45;37m▀[m[38;2;89;68;54;48;2;60;47;43m▀[m[38;2;156;93;39;48;2;60;42;34m▀[m[38;2;61;45;37;48;2;61;45;37m▀[m[38;2;61;45;37;48;2;54;40;35m▀[m[38;2;146;65;22;48;2;54;40;35m▀[m[38;2;217;107;25;48;2;113;80;47m▀[m[38;2;217;107;25;48;2;113;80;47m▀[m[38;2;156;93;39;48;2;78;56;45m▀[m[38;2;113;80;47;48;2;54;40;35m▀[m[38;2;60;48;45;48;2;60;42;34m▀[m[38;2;60;47;43;48;2;99;59;34m▀[m[38;2;89;68;54;48;2;78;56;45m▀[m[38;2;113;80;47;48;2;54;40;35m▀[m[38;2;54;40;35;48;2;61;45;37m▀[m[38;2;60;48;45;48;2;87;78;74m▀[m[38;2;87;78;74;48;2;60;48;45m▀[m[38;2;78;56;45;48;2;54;40;35m▀[m[38;2;54;40;35;48;2;61;45;37m▀[m[38;2;78;56;45;48;2;89;68;54m▀[m[38;2;89;68;54;48;2;87;78;74m▀[m[38;2;60;42;34;48;2;83;66;54m▀[m            [38;2;169;93;31;48;2;106;93;80m▀[m[38;2;211;191;86;48;2;250;217;32m▀[m[38;2;169;93;31;48;2;236;152;16m▀[m[38;2;83;76;75;48;2;62;57;56m▀[m[38;2;58;54;53;48;2;58;54;53m▀[m[38;2;164;91;39;48;2;110;64;38m▀[m[38;2;211;92;14;48;2;236;152;16m▀[m[38;2;246;110;4;48;2;250;217;32m▀[m[38;2;110;64;38;48;2;164;91;39m▀[m[38;2;66;54;48;48;2;58;54;53m▀[m[38;2;62;57;56m▄[m[38;2;68;60;62m▄[m  [38;2;169;93;31m▀[m  [38;2;169;93;31m▄[m[38;2;211;92;14m▄[m[38;2;211;92;14;48;2;74;59;56m▀[m
  [38;2;75;50;41m▀[m [38;2;102;65;49m▄[m[38;2;75;50;41;48;2;146;82;48m▀[m[38;2;75;50;41m▄[m[38;2;76;53;47m▀[m[38;2;107;84;78;48;2;76;53;47m▀[m[38;2;179;88;40;48;2;122;66;43m▀[m[38;2;75;50;41m▀[m[38;2;76;53;47m▀[m[38;2;228;107;35;48;2;75;50;41m▀[m[38;2;228;107;35;48;2;122;66;43m▀[m[38;2;228;107;35;48;2;183;77;28m▀[m[38;2;228;107;35;48;2;183;77;28m▀[m[38;2;228;107;35;48;2;141;71;35m▀[m[38;2;179;88;40m▀[m[38;2;102;65;49m▀[m[38;2;76;53;47m▄[m[38;2;141;71;35;48;2;113;70;53m▀[m[38;2;76;53;47;48;2;78;58;53m▀[m  [38;2;109;76;60m▄[m[38;2;75;50;41m▄[m [38;2;75;50;41;48;2;76;53;47m▀[m[38;2;76;53;47;48;2;75;50;41m▀[m           [38;2;89;68;54m▄[m[38;2;89;68;54m▄[m [38;2;89;68;54;48;2;61;45;37m▀[m[38;2;89;68;54;48;2;156;93;39m▀[m[38;2;61;45;37;48;2;54;40;35m▀[m[38;2;61;45;37;48;2;54;40;35m▀[m[38;2;60;42;34;48;2;113;80;47m▀[m[38;2;83;66;54;48;2;75;64;59m▀[m[38;2;106;90;79;48;2;113;80;47m▀[m[38;2;113;80;47;48;2;60;48;45m▀[m[38;2;54;40;35;48;2;61;45;37m▀[m[38;2;60;47;43m▀[m[38;2;83;66;54m▄[m[38;2;83;66;54m▄[m [38;2;60;47;43m▀[m  [38;2;61;45;37m▀[m[38;2;60;47;43m▀[m             [38;2;236;152;16;48;2;86;61;42m▀[m[38;2;110;64;38m▀[m[38;2;58;54;53m▀[m [38;2;66;54;48m▀[m[38;2;68;60;62;48;2;62;57;56m▀[m[38;2;246;110;4;48;2;68;60;62m▀[m[38;2;236;152;16;48;2;68;60;62m▀[m[38;2;110;64;38;48;2;74;59;56m▀[m[38;2;74;59;56;48;2;169;93;31m▀[m[38;2;58;54;53;48;2;58;54;53m▀[m[38;2;58;54;53;48;2;211;92;14m▀[m[38;2;68;60;62;48;2;211;92;14m▀[m[38;2;74;59;56m▄[m[38;2;86;61;42m▄[m [38;2;164;91;39;48;2;169;93;31m▀[m[38;2;250;217;32;48;2;250;217;32m▀[m[38;2;250;217;32;48;2;250;217;32m▀[m[38;2;211;92;14;48;2;211;92;14m▀[m
   [38;2;75;50;41m▄[m[38;2;112;90;79;48;2;114;102;100m▀[m[38;2;107;84;78;48;2;78;58;53m▀[m[38;2;146;82;48;48;2;107;84;78m▀[m[38;2;122;66;43m▄[m  [38;2;75;50;41m▀[m[38;2;76;53;47m▀[m [38;2;76;53;47m▄[m[38;2;76;53;47;48;2;146;82;48m▀[m[38;2;102;65;49;48;2;113;70;53m▀[m[38;2;76;53;47m▄[m [38;2;183;77;28;48;2;141;71;35m▀[m[38;2;113;70;53;48;2;78;58;53m▀[m[38;2;78;58;53;48;2;76;53;47m▀[m[38;2;61;52;51m▀[m [38;2;76;53;47;48;2;147;109;90m▀[m[38;2;114;102;100;48;2;78;58;53m▀[m[38;2;113;70;53;48;2;78;58;53m▀[m[38;2;76;53;47;48;2;82;73;74m▀[m[38;2;109;76;60m▄[m          [38;2;87;78;74m▄[m[38;2;61;45;37m▄[m[38;2;61;45;37m▀[m[38;2;78;56;45m▀[m  [38;2;60;42;34;48;2;60;47;43m▀[m[38;2;54;40;35;48;2;60;42;34m▀[m[38;2;89;68;54;48;2;156;93;39m▀[m[38;2;113;80;47;48;2;113;80;47m▀[m[38;2;54;40;35;48;2;60;42;34m▀[m[38;2;60;48;45;48;2;61;45;37m▀[m[38;2;61;45;37m▀[m [38;2;60;47;43;48;2;60;47;43m▀[m[38;2;106;90;79;48;2;89;68;54m▀[m[38;2;78;56;45;48;2;89;68;54m▀[m[38;2;61;45;37;48;2;60;47;43m▀[m                   [38;2;110;64;38m▄[m[38;2;66;54;48m▄[m  [38;2;86;61;42m▀[m[38;2;66;54;48;48;2;66;54;48m▀[m[38;2;110;64;38;48;2;68;60;62m▀[m[38;2;58;54;53m▀[m[38;2;58;54;53;48;2;66;54;48m▀[m[38;2;246;110;4;48;2;246;110;4m▀[m[38;2;250;217;32;48;2;250;217;32m▀[m[38;2;250;217;32;48;2;250;217;32m▀[m[38;2;211;92;14;48;2;211;92;14m▀[m[38;2;110;64;38;48;2;169;93;31m▀[m[38;2;128;73;39m▄[m[38;2;66;54;48m▀[m[38;2;164;91;39m▀[m[38;2;164;91;39m▀[m
   [38;2;112;90;79;48;2;82;73;74m▀[m[38;2;82;73;74;48;2;82;73;74m▀[m[38;2;78;58;53;48;2;61;52;51m▀[m[38;2;78;58;53;48;2;146;82;48m▀[m[38;2;82;73;74;48;2;78;58;53m▀[m[38;2;122;66;43;48;2;82;73;74m▀[m[38;2;75;50;41;48;2;146;82;48m▀[m[38;2;122;66;43m▄[m  [38;2;109;76;60m▀[m[38;2;113;70;53;48;2;61;52;51m▀[m[38;2;78;58;53;48;2;61;52;51m▀[m[38;2;78;58;53;48;2;75;50;41m▀[m  [38;2;75;50;41m▀[m [38;2;75;50;41m▄[m[38;2;141;71;35;48;2;146;82;48m▀[m[38;2;114;102;100;48;2;82;73;74m▀[m[38;2;78;58;53;48;2;61;52;51m▀[m[38;2;78;58;53;48;2;78;58;53m▀[m[38;2;78;58;53;48;2;78;58;53m▀[m[38;2;78;58;53;48;2;75;50;41m▀[m          [38;2;78;56;45;48;2;61;45;37m▀[m[38;2;106;90;79;48;2;89;68;54m▀[m[38;2;61;45;37;48;2;60;48;45m▀[m  [38;2;117;101;81;48;2;75;64;59m▀[m[38;2;75;64;59;48;2;106;90;79m▀[m[38;2;60;47;43;48;2;61;45;37m▀[m[38;2;60;42;34;48;2;60;47;43m▀[m[38;2;60;48;45;48;2;87;78;74m▀[m[38;2;113;80;47;48;2;78;56;45m▀[m[38;2;60;48;45;48;2;60;48;45m▀[m   [38;2;60;47;43m▀[m [38;2;83;66;54m▄[m[38;2;60;47;43;48;2;106;90;79m▀[m[38;2;106;90;79;48;2;87;78;74m▀[m[38;2;60;42;34;48;2;60;48;45m▀[m[38;2;60;47;43m▄[m                 [38;2;86;61;42m▄[m[38;2;164;91;39m▄[m[38;2;86;61;42;48;2;106;93;80m▀[m[38;2;106;93;80;48;2;66;54;48m▀[m[38;2;86;61;42m▀[m [38;2;58;54;53m▀[m[38;2;110;64;38m▀[m[38;2;211;92;14m▀[m[38;2;211;92;14;48;2;66;54;48m▀[m[38;2;66;54;48m▀[m[38;2;236;152;16;48;2;66;54;48m▀[m[38;2;109;83;52;48;2;169;93;31m▀[m
    [38;2;61;52;51m▀[m[38;2;78;58;53;48;2;61;52;51m▀[m[38;2;78;58;53;48;2;113;70;53m▀[m[38;2;78;58;53;48;2;78;58;53m▀[m[38;2;78;58;53;48;2;78;58;53m▀[m[38;2;82;73;74;48;2;82;73;74m▀[m[38;2;107;84;78;48;2;107;84;78m▀[m[38;2;78;58;53;48;2;75;50;41m▀[m   [38;2;75;50;41m▄[m[38;2;122;66;43m▄[m   [38;2;75;50;41m▄[m[38;2;122;66;43;48;2;107;84;78m▀[m[38;2;114;102;100;48;2;78;58;53m▀[m[38;2;61;52;51;48;2;78;58;53m▀[m[38;2;61;52;51;48;2;78;58;53m▀[m[38;2;61;52;51;48;2;76;53;47m▀[m[38;2;76;53;47m▀[m            [38;2;61;45;37m▀[m[38;2;54;40;35m▀[m   [38;2;54;40;35m▀[m[38;2;78;56;45;48;2;83;66;54m▀[m[38;2;78;56;45;48;2;61;45;37m▀[m[38;2;83;66;54m▀[m[38;2;60;42;34m▀[m [38;2;83;66;54;48;2;89;68;54m▀[m[38;2;75;64;59;48;2;78;56;45m▀[m  [38;2;61;45;37m▄[m[38;2;106;90;79;48;2;87;78;74m▀[m[38;2;89;68;54;48;2;60;48;45m▀[m[38;2;60;48;45;48;2;60;48;45m▀[m[38;2;60;48;45;48;2;61;45;37m▀[m[38;2;60;47;43m▀[m               [38;2;86;61;42;48;2;128;73;39m▀[m[38;2;106;93;80;48;2;211;92;14m▀[m[38;2;169;93;31;48;2;74;59;56m▀[m[38;2;109;83;52;48;2;74;59;56m▀[m[38;2;109;83;52;48;2;58;54;53m▀[m   [38;2;66;54;48m▄[m[38;2;110;64;38m▄[m   [38;2;86;61;42;48;2;66;54;48m▀[m[38;2;211;92;14;48;2;83;76;75m▀[m  [38;2;169;93;31;48;2;86;61;42m▀[m
      [38;2;102;65;49m▀[m[38;2;82;73;74m▀[m[38;2;82;73;74;48;2;75;50;41m▀[m[38;2;113;70;53m▀[m    [38;2;122;66;43;48;2;76;53;47m▀[m[38;2;107;84;78;48;2;146;82;48m▀[m[38;2;82;73;74;48;2;146;82;48m▀[m[38;2;76;53;47;48;2;75;50;41m▀[m  [38;2;112;90;79m▀[m[38;2;82;73;74m▀[m[38;2;61;52;51m▀[m[38;2;76;53;47m▀[m                       [38;2;60;47;43m▄[m  [38;2;83;66;54m▀[m[38;2;60;47;43m▀[m  [38;2;60;47;43m▀[m[38;2;61;45;37m▀[m[38;2;60;42;34m▀[m[38;2;61;45;37m▀[m                [38;2;86;61;42;48;2;86;61;42m▀[m[38;2;246;110;4;48;2;128;73;39m▀[m[38;2;246;110;4m▀[m[38;2;164;91;39m▀[m    [38;2;128;73;39;48;2;211;92;14m▀[m[38;2;236;152;16;48;2;250;217;32m▀[m[38;2;236;152;16;48;2;211;191;86m▀[m[38;2;211;92;14;48;2;236;152;16m▀[m[38;2;110;64;38m▄[m[38;2;68;60;62;48;2;109;83;52m▀[m[38;2;246;110;4;48;2;58;54;53m▀[m[38;2;58;54;53m▀[m
               [38;2;102;65;49m▀[m                              [38;2;61;45;37;48;2;60;47;43m▀[m[38;2;87;78;74;48;2;61;45;37m▀[m[38;2;75;64;59m▀[m                               [38;2;169;93;31m▀[m[38;2;86;61;42m▀[m[38;2;110;64;38m▀[m[38;2;236;152;16;48;2;66;54;48m▀[m[38;2;236;152;16;48;2;128;73;39m▀[m[38;2;211;92;14m▀[m[38;2;86;61;42m▀[m

[1mscorchip[m                          [1mburnboard[m                         [1minfernalink[m
            [38;2;154;84;51m▄[m[38;2;95;68;46;48;2;72;58;45m▀[m                                  [38;2;185;87;20;48;2;219;122;36m▀[m                                 [38;2;114;77;53m▄[m[38;2;114;77;53;48;2;202;103;50m▀[m
         [38;2;72;58;45m▄[m[38;2;95;68;46m▄[m[38;2;177;89;37;48;2;136;74;39m▀[m[38;2;219;99;30;48;2;219;99;30m▀[m[38;2;72;58;45m▄[m[38;2;72;58;45m▄[m                               [38;2;185;87;20m▄[m[38;2;219;122;36;48;2;239;184;91m▀[m[38;2;219;122;36;48;2;239;184;91m▀[m[38;2;48;43;35;48;2;62;50;39m▀[m                               [38;2;114;77;53m▄[m[38;2;151;64;26;48;2;235;158;72m▀[m[38;2;235;158;72;48;2;246;231;206m▀[m[38;2;217;63;8;48;2;217;63;8m▀[m
         [38;2;136;74;39m▄[m[38;2;95;68;46;48;2;219;99;30m▀[m[38;2;154;84;51;48;2;240;149;45m▀[m[38;2;240;149;45;48;2;240;149;45m▀[m[38;2;219;99;30;48;2;219;99;30m▀[m[38;2;136;74;39;48;2;177;89;37m▀[m                              [38;2;152;136;104m▄[m[38;2;126;100;67;48;2;228;208;161m▀[m[38;2;239;184;91;48;2;228;208;161m▀[m[38;2;177;111;46;48;2;228;208;161m▀[m[38;2;84;56;34;48;2;202;181;138m▀[m                            [38;2;72;65;57m▄[m[38;2;217;63;8;48;2;235;158;72m▀[m[38;2;151;64;26;48;2;217;63;8m▀[m[38;2;114;77;53m▄[m[38;2;135;105;78;48;2;203;187;160m▀[m[38;2;183;164;134;48;2;237;217;183m▀[m[38;2;72;65;57;48;2;72;65;57m▀[m [38;2;114;77;53m▄[m[38;2;217;63;8;48;2;235;158;72m▀[m
        [38;2;95;68;46;48;2;72;58;45m▀[m[38;2;240;149;45;48;2;240;149;45m▀[m[38;2;240;149;45;48;2;233;215;160m▀[m[38;2;233;215;160;48;2;233;215;160m▀[m[38;2;240;149;45;48;2;220;179;105m▀[m[38;2;240;149;45;48;2;219;99;30m▀[m[38;2;219;99;30;48;2;72;58;45m▀[m                             [38;2;84;56;34;48;2;126;100;67m▀[m[38;2;228;208;161;48;2;55;52;42m▀[m[38;2;202;181;138;48;2;55;52;42m▀[m[38;2;228;208;161;48;2;176;153;114m▀[m[38;2;202;181;138;48;2;202;181;138m▀[m[38;2;202;181;138;48;2;202;181;138m▀[m[38;2;126;100;67;48;2;176;153;114m▀[m                        [38;2;217;63;8m▄[m  [38;2;202;103;50;48;2;151;64;26m▀[m[38;2;236;217;180;48;2;183;164;134m▀[m[38;2;183;164;134;48;2;236;217;180m▀[m[38;2;237;217;183;48;2;237;217;183m▀[m[38;2;214;196;167;48;2;237;217;183m▀[m[38;2;166;102;40;48;2;166;102;40m▀[m  [38;2;235;158;72;48;2;235;158;72m▀[m[38;2;236;217;180;48;2;246;231;206m▀[m[38;2;217;63;8;48;2;217;63;8m▀[m
        [38;2;145;131;97m▄[m[38;2;177;89;37;48;2;149;130;94m▀[m[38;2;233;215;160;48;2;177;89;37m▀[m[38;2;233;215;160;48;2;177;89;37m▀[m[38;2;240;149;45;48;2;173;151;106m▀[m[38;2;105;65;42;48;2;173;151;106m▀[m[38;2;145;131;97m▄[m[38;2;72;58;45m▄[m                            [38;2;126;100;67;48;2;126;100;67m▀[m[38;2;55;52;42;48;2;107;78;49m▀[m[38;2;82;74;56;48;2;55;52;42m▀[m[38;2;55;52;42;48;2;176;153;114m▀[m[38;2;202;181;138;48;2;123;111;87m▀[m[38;2;176;153;114;48;2;190;171;134m▀[m[38;2;176;153;114;48;2;190;171;134m▀[m[38;2;84;56;34;48;2;146;130;100m▀[m     [38;2;62;50;39;48;2;84;56;34m▀[m[38;2;185;87;20m▄[m                [38;2;151;64;26;48;2;235;158;72m▀[m[38;2;217;63;8;48;2;202;103;50m▀[m [38;2;192;132;99m▄[m[38;2;165;149;127;48;2;59;51;47m▀[m[38;2;59;51;47;48;2;56;54;50m▀[m[38;2;214;196;167;48;2;135;105;78m▀[m[38;2;237;217;183;48;2;236;217;180m▀[m[38;2;214;196;167;48;2;214;196;167m▀[m[38;2;72;65;57m▄[m [38;2;120;107;92;48;2;114;77;53m▀[m[38;2;120;107;92;48;2;120;107;92m▀[m[38;2;72;65;57m▀[m [38;2;114;77;53m▀[m[38;2;217;63;8;48;2;202;103;50m▀[m
     [38;2;105;65;42m▄[m[38;2;72;58;45;48;2;233;215;160m▀[m[38;2;233;215;160;48;2;233;215;160m▀[m[38;2;207;186;135;48;2;233;215;160m▀[m[38;2;173;151;106;48;2;233;215;160m▀[m[38;2;154;84;51;48;2;233;215;160m▀[m[38;2;93;82;57;48;2;233;215;160m▀[m[38;2;149;130;94;48;2;233;215;160m▀[m[38;2;173;151;106;48;2;233;215;160m▀[m[38;2;233;215;160;48;2;233;215;160m▀[m[38;2;233;215;160;48;2;220;179;105m▀[m[38;2;72;58;45;48;2;72;58;45m▀[m          [38;2;177;89;37m▄[m[38;2;105;65;42;48;2;105;65;42m▀[m           [38;2;84;56;34m▀[m[38;2;152;77;29m▄[m  [38;2;126;100;67;48;2;62;50;39m▀[m[38;2;55;52;42;48;2;62;50;39m▀[m[38;2;55;52;42;48;2;62;50;39m▀[m[38;2;92;64;41;48;2;62;50;39m▀[m[38;2;62;50;39;48;2;126;100;67m▀[m[38;2;202;181;138;48;2;126;100;67m▀[m[38;2;190;171;134;48;2;62;50;39m▀[m[38;2;202;181;138;48;2;126;100;67m▀[m[38;2;146;130;100;48;2;84;56;34m▀[m   [38;2;84;56;34m▄[m[38;2;84;56;34;48;2;219;122;36m▀[m[38;2;219;122;36;48;2;219;122;36m▀[m[38;2;84;56;34;48;2;62;50;39m▀[m              [38;2;217;63;8;48;2;114;77;53m▀[m[38;2;246;231;206;48;2;203;187;160m▀[m[38;2;235;158;72;48;2;166;102;40m▀[m [38;2;114;77;53;48;2;203;187;160m▀[m[38;2;202;103;50;48;2;59;51;47m▀[m[38;2;95;75;55;48;2;56;54;50m▀[m[38;2;166;102;40;48;2;59;51;47m▀[m[38;2;203;187;160;48;2;183;164;134m▀[m[38;2;237;217;183;48;2;236;217;180m▀[m[38;2;203;187;160;48;2;237;217;183m▀[m[38;2;135;105;78m▄[m[38;2;72;65;57m▄[m[38;2;166;102;40;48;2;95;75;55m▀[m  [38;2;151;64;26;48;2;235;158;72m▀[m[38;2;235;158;72;48;2;246;231;206m▀[m[38;2;114;77;53;48;2;217;63;8m▀[m
    [38;2;95;68;46;48;2;209;197;155m▀[m[38;2;233;215;160;48;2;233;215;160m▀[m[38;2;233;215;160;48;2;93;82;57m▀[m[38;2;233;215;160;48;2;29;27;26m▀[m[38;2;233;215;160;48;2;93;82;57m▀[m[38;2;233;215;160;48;2;209;197;155m▀[m[38;2;233;215;160;48;2;233;215;160m▀[m[38;2;233;215;160;48;2;233;215;160m▀[m[38;2;233;215;160;48;2;233;215;160m▀[m[38;2;233;215;160;48;2;233;215;160m▀[m[38;2;207;186;135;48;2;233;215;160m▀[m[38;2;145;131;97;48;2;220;179;105m▀[m          [38;2;177;89;37;48;2;240;149;45m▀[m[38;2;219;99;30;48;2;219;99;30m▀[m[38;2;95;68;46m▄[m[38;2;95;68;46m▄[m         [38;2;84;56;34;48;2;62;50;39m▀[m[38;2;177;111;46;48;2;239;184;91m▀[m[38;2;152;77;29;48;2;219;122;36m▀[m  [38;2;84;56;34m▄[m[38;2;84;56;34;48;2;62;50;39m▀[m[38;2;84;56;34;48;2;82;74;56m▀[m[38;2;62;50;39;48;2;55;52;42m▀[m[38;2;146;130;100;48;2;146;130;100m▀[m[38;2;84;56;34m▄[m[38;2;62;50;39m▀[m[38;2;55;52;42;48;2;48;43;35m▀[m[38;2;48;43;35;48;2;92;64;41m▀[m[38;2;84;56;34;48;2;48;43;35m▀[m[38;2;84;56;34m▄[m [38;2;62;50;39;48;2;84;56;34m▀[m[38;2;239;184;91;48;2;177;111;46m▀[m[38;2;239;184;91;48;2;177;111;46m▀[m[38;2;152;77;29;48;2;84;56;34m▀[m              [38;2;72;65;57m▀[m[38;2;183;164;134;48;2;166;102;40m▀[m[38;2;120;107;92;48;2;114;77;53m▀[m [38;2;203;187;160m▄[m[38;2;72;65;57;48;2;166;102;40m▀[m[38;2;72;65;57;48;2;95;75;55m▀[m[38;2;72;65;57;48;2;166;102;40m▀[m[38;2;120;107;92;48;2;56;54;50m▀[m[38;2;72;65;57;48;2;95;75;55m▀[m[38;2;120;107;92;48;2;203;187;160m▀[m[38;2;72;65;57;48;2;203;187;160m▀[m[38;2;95;75;55m▀[m[38;2;114;77;53m▀[m  [38;2;120;107;92;48;2;120;107;92m▀[m[38;2;203;187;160;48;2;120;107;92m▀[m[38;2;72;65;57;48;2;114;77;53m▀[m
   [38;2;95;68;46;48;2;145;131;97m▀[m[38;2;233;215;160;48;2;48;46;41m▀[m[38;2;93;82;57;48;2;29;27;26m▀[m[38;2;29;27;26;48;2;29;27;26m▀[m[38;2;29;27;26;48;2;29;27;26m▀[m[38;2;29;27;26;48;2;29;27;26m▀[m[38;2;45;39;33;48;2;29;27;26m▀[m[38;2;209;197;155;48;2;45;39;33m▀[m[38;2;233;215;160;48;2;209;197;155m▀[m[38;2;233;215;160;48;2;233;215;160m▀[m[38;2;173;151;106;48;2;207;186;135m▀[m[38;2;233;215;160;48;2;111;102;77m▀[m[38;2;220;179;105;48;2;207;186;135m▀[m[38;2;72;58;45;48;2;173;151;106m▀[m        [38;2;72;58;45;48;2;177;89;37m▀[m[38;2;219;99;30;48;2;240;149;45m▀[m[38;2;240;149;45;48;2;233;215;160m▀[m[38;2;219;99;30;48;2;240;149;45m▀[m[38;2;177;89;37;48;2;219;99;30m▀[m[38;2;95;68;46;48;2;95;68;46m▀[m        [38;2;152;77;29;48;2;62;50;39m▀[m[38;2;228;208;161;48;2;176;153;114m▀[m[38;2;239;184;91;48;2;185;87;20m▀[m[38;2;84;56;34m▀[m [38;2;48;43;35;48;2;48;43;35m▀[m[38;2;176;153;114;48;2;176;153;114m▀[m[38;2;82;74;56;48;2;176;153;114m▀[m[38;2;190;171;134;48;2;228;208;161m▀[m[38;2;202;181;138;48;2;123;111;87m▀[m[38;2;176;153;114;48;2;48;43;35m▀[m[38;2;126;100;67m▄[m [38;2;55;52;42;48;2;62;50;39m▀[m[38;2;48;43;35;48;2;82;74;56m▀[m[38;2;62;50;39;48;2;84;56;34m▀[m  [38;2;82;74;56;48;2;62;50;39m▀[m[38;2;82;74;56;48;2;48;43;35m▀[m                [38;2;59;51;47;48;2;72;65;57m▀[m[38;2;95;75;55m▄[m[38;2;151;64;26m▄[m[38;2;95;75;55;48;2;59;51;47m▀[m[38;2;56;54;50;48;2;72;65;57m▀[m[38;2;166;102;40;48;2;151;64;26m▀[m[38;2;95;75;55;48;2;59;51;47m▀[m[38;2;56;54;50;48;2;59;51;47m▀[m[38;2;88;58;42;48;2;114;77;53m▀[m[38;2;166;102;40;48;2;95;75;55m▀[m[38;2;95;75;55;48;2;95;75;55m▀[m[38;2;72;65;57;48;2;237;217;183m▀[m[38;2;165;149;127m▄[m  [38;2;114;77;53;48;2;114;77;53m▀[m[38;2;217;63;8;48;2;59;51;47m▀[m
  [38;2;95;68;46;48;2;145;131;97m▀[m[38;2;149;130;94;48;2;45;39;33m▀[m[38;2;48;46;41;48;2;105;65;42m▀[m[38;2;177;89;37;48;2;233;215;160m▀[m[38;2;29;27;26;48;2;48;46;41m▀[m[38;2;29;27;26;48;2;29;27;26m▀[m[38;2;29;27;26;48;2;45;39;33m▀[m[38;2;136;74;39;48;2;173;151;106m▀[m[38;2;154;84;51;48;2;220;179;105m▀[m[38;2;45;39;33;48;2;29;27;26m▀[m[38;2;233;215;160;48;2;145;131;97m▀[m[38;2;233;215;160;48;2;233;215;160m▀[m[38;2;45;39;33;48;2;145;131;97m▀[m[38;2;207;186;135;48;2;111;102;77m▀[m[38;2;233;215;160;48;2;233;215;160m▀[m[38;2;95;68;46;48;2;173;151;106m▀[m       [38;2;219;99;30m▀[m[38;2;220;179;105;48;2;177;89;37m▀[m[38;2;233;215;160;48;2;233;215;160m▀[m[38;2;220;179;105;48;2;240;149;45m▀[m[38;2;240;149;45;48;2;154;84;51m▀[m[38;2;72;58;45m▀[m         [38;2;107;78;49;48;2;123;111;87m▀[m[38;2;48;43;35;48;2;62;50;39m▀[m  [38;2;84;56;34;48;2;62;50;39m▀[m[38;2;228;208;161;48;2;228;208;161m▀[m[38;2;228;208;161;48;2;228;208;161m▀[m[38;2;146;130;100;48;2;82;74;56m▀[m[38;2;55;52;42;48;2;82;74;56m▀[m[38;2;55;52;42;48;2;55;52;42m▀[m[38;2;48;43;35;48;2;48;43;35m▀[m  [38;2;82;74;56;48;2;62;50;39m▀[m[38;2;62;50;39;48;2;62;50;39m▀[m  [38;2;62;50;39;48;2;62;50;39m▀[m[38;2;62;50;39;48;2;62;50;39m▀[m                 [38;2;72;65;57m▀[m[38;2;59;51;47m▀[m[38;2;114;77;53;48;2;72;65;57m▀[m[38;2;235;158;72;48;2;235;158;72m▀[m[38;2;235;158;72;48;2;235;158;72m▀[m[38;2;88;58;42;48;2;151;64;26m▀[m[38;2;203;187;160;48;2;183;164;134m▀[m[38;2;72;65;57;48;2;88;58;42m▀[m[38;2;88;58;42m▀[m[38;2;166;102;40;48;2;72;65;57m▀[m[38;2;120;107;92;48;2;56;54;50m▀[m[38;2;246;231;206;48;2;166;102;40m▀[m[38;2;72;65;57;48;2;120;107;92m▀[m[38;2;114;77;53;48;2;203;187;160m▀[m[38;2;95;75;55m▀[m[38;2;114;77;53m▀[m
  [38;2;173;151;106;48;2;136;74;39m▀[m[38;2;72;58;45;48;2;111;102;77m▀[m[38;2;48;46;41;48;2;29;27;26m▀[m[38;2;154;84;51;48;2;29;27;26m▀[m[38;2;29;27;26;48;2;29;27;26m▀[m[38;2;29;27;26;48;2;29;27;26m▀[m[38;2;29;27;26;48;2;29;27;26m▀[m[38;2;105;65;42;48;2;29;27;26m▀[m[38;2;177;89;37;48;2;29;27;26m▀[m[38;2;29;27;26;48;2;29;27;26m▀[m[38;2;45;39;33;48;2;29;27;26m▀[m[38;2;209;197;155;48;2;72;58;45m▀[m[38;2;145;131;97;48;2;145;131;97m▀[m[38;2;111;102;77;48;2;149;130;94m▀[m[38;2;173;151;106;48;2;72;58;45m▀[m[38;2;233;215;160;48;2;93;82;57m▀[m[38;2;95;68;46;48;2;93;82;57m▀[m[38;2;72;58;45m▄[m      [38;2;145;131;97m▄[m[38;2;173;151;106;48;2;173;151;106m▀[m[38;2;72;58;45;48;2;220;179;105m▀[m[38;2;95;68;46m▄[m          [38;2;62;50;39;48;2;84;56;34m▀[m[38;2;84;56;34;48;2;92;64;41m▀[m  [38;2;62;50;39;48;2;48;43;35m▀[m[38;2;176;153;114;48;2;176;153;114m▀[m[38;2;202;181;138;48;2;176;153;114m▀[m[38;2;55;52;42;48;2;82;74;56m▀[m[38;2;55;52;42;48;2;48;43;35m▀[m[38;2;48;43;35;48;2;82;74;56m▀[m[38;2;55;52;42;48;2;48;43;35m▀[m[38;2;84;56;34m▄[m[38;2;84;56;34;48;2;84;56;34m▀[m[38;2;92;64;41;48;2;107;78;49m▀[m[38;2;62;50;39;48;2;48;43;35m▀[m[38;2;62;50;39m▄[m[38;2;82;74;56m▄[m[38;2;107;78;49;48;2;62;50;39m▀[m                 [38;2;72;65;57m▄[m[38;2;59;51;47;48;2;88;58;42m▀[m[38;2;95;75;55;48;2;203;187;160m▀[m[38;2;183;164;134;48;2;183;164;134m▀[m[38;2;59;51;47;48;2;95;75;55m▀[m[38;2;88;58;42;48;2;56;54;50m▀[m[38;2;72;65;57;48;2;135;105;78m▀[m[38;2;203;187;160;48;2;246;231;206m▀[m[38;2;56;54;50;48;2;59;51;47m▀[m[38;2;72;65;57;48;2;95;75;55m▀[m[38;2;114;77;53m▀[m[38;2;151;64;26m▀[m[38;2;166;102;40;48;2;114;77;53m▀[m[38;2;246;231;206;48;2;214;196;167m▀[m[38;2;237;217;183;48;2;237;217;183m▀[m[38;2;203;187;160;48;2;237;217;183m▀[m[38;2;72;65;57m▄[m
   [38;2;72;58;45m▀[m[38;2;111;102;77;48;2;136;74;39m▀[m[38;2;45;39;33;48;2;149;130;94m▀[m[38;2;29;27;26;48;2;136;74;39m▀[m[38;2;29;27;26;48;2;72;58;45m▀[m[38;2;29;27;26;48;2;72;58;45m▀[m[38;2;29;27;26;48;2;72;58;45m▀[m[38;2;29;27;26;48;2;136;74;39m▀[m[38;2;45;39;33;48;2;149;130;94m▀[m[38;2;105;65;42;48;2;173;151;106m▀[m[38;2;149;130;94;48;2;173;151;106m▀[m[38;2;111;102;77;48;2;173;151;106m▀[m[38;2;173;151;106;48;2;207;186;135m▀[m[38;2;111;102;77;48;2;173;151;106m▀[m[38;2;72;58;45m▄[m[38;2;95;68;46m▄[m[38;2;207;186;135;48;2;173;151;106m▀[m[38;2;145;131;97;48;2;95;68;46m▀[m      [38;2;220;179;105;48;2;72;58;45m▀[m[38;2;173;151;106;48;2;72;58;45m▀[m            [38;2;62;50;39m▀[m[38;2;55;52;42m▀[m[38;2;55;52;42m▀[m[38;2;62;50;39m▀[m[38;2;82;74;56;48;2;55;52;42m▀[m[38;2;176;153;114;48;2;146;130;100m▀[m[38;2;55;52;42;48;2;55;52;42m▀[m[38;2;55;52;42;48;2;55;52;42m▀[m[38;2;55;52;42;48;2;55;52;42m▀[m[38;2;107;78;49;48;2;48;43;35m▀[m[38;2;107;78;49;48;2;62;50;39m▀[m[38;2;177;111;46;48;2;84;56;34m▀[m[38;2;62;50;39m▀[m[38;2;84;56;34m▀[m[38;2;62;50;39m▀[m                  [38;2;114;77;53m▄[m[38;2;95;75;55;48;2;95;75;55m▀[m[38;2;183;164;134;48;2;237;217;183m▀[m[38;2;237;217;183;48;2;203;187;160m▀[m[38;2;135;105;78;48;2;72;65;57m▀[m[38;2;95;75;55;48;2;56;54;50m▀[m[38;2;95;75;55;48;2;95;75;55m▀[m[38;2;135;105;78;48;2;95;75;55m▀[m[38;2;237;217;183;48;2;236;217;180m▀[m[38;2;214;196;167;48;2;237;217;183m▀[m[38;2;95;75;55;48;2;203;187;160m▀[m[38;2;95;75;55;48;2;95;75;55m▀[m[38;2;95;75;55m▄[m[38;2;95;75;55m▄[m[38;2;135;105;78;48;2;72;65;57m▀[m[38;2;72;65;57m▀[m[38;2;236;217;180m▀[m[38;2;237;217;183;48;2;236;217;180m▀[m
    [38;2;233;215;160;48;2;233;215;160m▀[m[38;2;207;186;135;48;2;207;186;135m▀[m[38;2;173;151;106;48;2;233;215;160m▀[m[38;2;173;151;106;48;2;220;179;105m▀[m[38;2;173;151;106;48;2;220;179;105m▀[m[38;2;173;151;106;48;2;173;151;106m▀[m[38;2;173;151;106;48;2;207;186;135m▀[m[38;2;173;151;106;48;2;209;197;155m▀[m[38;2;207;186;135;48;2;45;39;33m▀[m[38;2;111;102;77;48;2;48;46;41m▀[m[38;2;93;82;57;48;2;48;46;41m▀[m[38;2;173;151;106;48;2;45;39;33m▀[m[38;2;233;215;160;48;2;173;151;106m▀[m[38;2;173;151;106;48;2;220;179;105m▀[m[38;2;72;58;45m▄[m        [38;2;136;74;39;48;2;154;84;51m▀[m[38;2;136;74;39;48;2;105;65;42m▀[m                [38;2;62;50;39m▀[m[38;2;82;74;56;48;2;55;52;42m▀[m[38;2;55;52;42;48;2;82;74;56m▀[m[38;2;48;43;35;48;2;55;52;42m▀[m[38;2;55;52;42;48;2;48;43;35m▀[m[38;2;48;43;35;48;2;62;50;39m▀[m[38;2;84;56;34;48;2;62;50;39m▀[m[38;2;48;43;35;48;2;55;52;42m▀[m[38;2;84;56;34m▄[m                     [38;2;183;164;134;48;2;203;187;160m▀[m[38;2;237;217;183;48;2;203;187;160m▀[m[38;2;72;65;57m▀[m[38;2;72;65;57;48;2;135;105;78m▀[m[38;2;56;54;50;48;2;56;54;50m▀[m[38;2;56;54;50;48;2;56;54;50m▀[m[38;2;56;54;50;48;2;56;54;50m▀[m[38;2;183;164;134;48;2;88;58;42m▀[m[38;2;237;217;183;48;2;236;217;180m▀[m[38;2;237;217;183;48;2;203;187;160m▀[m[38;2;214;196;167;48;2;236;217;180m▀[m[38;2;72;65;57;48;2;236;217;180m▀[m[38;2;72;65;57;48;2;120;107;92m▀[m[38;2;135;105;78m▄[m  [38;2;114;77;53m▀[m
   [38;2;173;151;106;48;2;173;151;106m▀[m[38;2;207;186;135;48;2;45;39;33m▀[m[38;2;93;82;57;48;2;48;46;41m▀[m[38;2;233;215;160;48;2;173;151;106m▀[m[38;2;233;215;160;48;2;233;215;160m▀[m[38;2;233;215;160;48;2;233;215;160m▀[m[38;2;233;215;160;48;2;233;215;160m▀[m[38;2;233;215;160;48;2;173;151;106m▀[m[38;2;72;58;45;48;2;72;58;45m▀[m[38;2;48;46;41;48;2;111;102;77m▀[m[38;2;111;102;77;48;2;173;151;106m▀[m[38;2;93;82;57;48;2;111;102;77m▀[m[38;2;48;46;41;48;2;48;46;41m▀[m[38;2;72;58;45;48;2;72;58;45m▀[m[38;2;173;151;106;48;2;72;58;45m▀[m[38;2;154;84;51;48;2;233;215;160m▀[m       [38;2;177;89;37m▄[m[38;2;177;89;37;48;2;154;84;51m▀[m[38;2;45;39;33m▀[m                 [38;2;84;56;34m▀[m[38;2;55;52;42;48;2;48;43;35m▀[m[38;2;55;52;42;48;2;55;52;42m▀[m[38;2;48;43;35;48;2;48;43;35m▀[m[38;2;62;50;39;48;2;84;56;34m▀[m[38;2;48;43;35;48;2;48;43;35m▀[m[38;2;62;50;39;48;2;84;56;34m▀[m[38;2;48;43;35;48;2;48;43;35m▀[m[38;2;48;43;35m▄[m                    [38;2;214;196;167;48;2;165;149;127m▀[m[38;2;114;77;53;48;2;114;77;53m▀[m [38;2;72;65;57m▀[m[38;2;72;65;57;48;2;114;77;53m▀[m[38;2;56;54;50;48;2;59;51;47m▀[m[38;2;56;54;50;48;2;56;54;50m▀[m[38;2;56;54;50;48;2;56;54;50m▀[m[38;2;120;107;92;48;2;59;51;47m▀[m[38;2;114;77;53;48;2;59;51;47m▀[m[38;2;135;105;78m▀[m[38;2;237;217;183;48;2;203;187;160m▀[m[38;2;165;149;127;48;2;246;231;206m▀[m[38;2;114;77;53m▀[m[38;2;59;51;47m▀[m[38;2;72;65;57;48;2;72;65;57m▀[m[38;2;72;65;57m▄[m
  [38;2;93;82;57m▄[m[38;2;72;58;45;48;2;48;46;41m▀[m[38;2;93;82;57;48;2;93;82;57m▀[m[38;2;48;46;41;48;2;48;46;41m▀[m[38;2;45;39;33;48;2;45;39;33m▀[m[38;2;207;186;135;48;2;95;68;46m▀[m[38;2;233;215;160;48;2;207;186;135m▀[m[38;2;207;186;135;48;2;105;65;42m▀[m[38;2;93;82;57;48;2;149;130;94m▀[m[38;2;45;39;33;48;2;93;82;57m▀[m[38;2;93;82;57;48;2;93;82;57m▀[m[38;2;111;102;77;48;2;93;82;57m▀[m[38;2;111;102;77;48;2;111;102;77m▀[m[38;2;93;82;57;48;2;48;46;41m▀[m[38;2;45;39;33;48;2;45;39;33m▀[m[38;2;105;65;42;48;2;93;82;57m▀[m[38;2;173;151;106;48;2;93;82;57m▀[m[38;2;207;186;135;48;2;111;102;77m▀[m[38;2;95;68;46;48;2;173;151;106m▀[m[38;2;93;82;57m▄[m[38;2;154;84;51m▄[m[38;2;177;89;37m▄[m[38;2;72;58;45;48;2;111;102;77m▀[m[38;2;177;89;37;48;2;105;65;42m▀[m[38;2;154;84;51;48;2;95;68;46m▀[m                    [38;2;84;56;34m▀[m[38;2;107;78;49m▀[m[38;2;92;64;41;48;2;62;50;39m▀[m[38;2;62;50;39m▄[m[38;2;62;50;39m▀[m[38;2;62;50;39;48;2;48;43;35m▀[m [38;2;84;56;34m▀[m[38;2;84;56;34m▀[m                        [38;2;114;77;53m▀[m[38;2;88;58;42;48;2;151;64;26m▀[m[38;2;95;75;55;48;2;166;102;40m▀[m[38;2;88;58;42;48;2;166;102;40m▀[m[38;2;88;58;42m▀[m[38;2;114;77;53;48;2;72;65;57m▀[m [38;2;246;231;206;48;2;203;187;160m▀[m [38;2;72;65;57;48;2;72;65;57m▀[m[38;2;114;77;53;48;2;72;65;57m▀[m[38;2;56;54;50;48;2;59;51;47m▀[m
  [38;2;72;58;45m▀[m[38;2;95;68;46m▀[m[38;2;72;58;45m▀[m[38;2;95;68;46m▀[m   [38;2;72;58;45m▀[m[38;2;95;68;46m▀[m[38;2;93;82;57m▀[m[38;2;45;39;33m▀[m[38;2;45;39;33m▀[m[38;2;93;82;57m▀[m[38;2;72;58;45m▀[m[38;2;48;46;41m▀[m[38;2;72;58;45m▀[m[38;2;95;68;46m▀[m[38;2;72;58;45m▀[m[38;2;95;68;46m▀[m[38;2;72;58;45m▀[m[38;2;72;58;45m▀[m[38;2;72;58;45m▀[m[38;2;95;68;46m▀[m                         [38;2;84;56;34m▀[m                               [38;2;151;64;26m▀[m[38;2;202;103;50;48;2;151;64;26m▀[m      [38;2;114;77;53m▀[m

[1mwickware[m                          [1mtorchthread[m                       [1mdaemoflare[m
                                                   [38;2;4;70;127m▄[m[38;2;4;70;127;48;2;50;204;246m▀[m[38;2;32;143;178;48;2;50;204;246m▀[m[38;2;32;143;178;48;2;50;204;246m▀[m[38;2;32;143;178;48;2;50;204;246m▀[m[38;2;32;143;178;48;2;72;211;246m▀[m[38;2;32;143;178;48;2;4;70;127m▀[m                         [38;2;31;164;205m▄[m[38;2;28;165;214;48;2;47;203;247m▀[m[38;2;20;142;189m▀[m   [38;2;31;164;205m▄[m[38;2;47;203;247m▄[m[38;2;47;203;247m▄[m[38;2;66;100;124m▄[m
                                                [38;2;42;115;147m▄[m[38;2;72;211;246m▄[m[38;2;95;176;203;48;2;72;211;246m▀[m[38;2;50;204;246;48;2;5;175;247m▀[m[38;2;24;199;253;48;2;5;175;247m▀[m[38;2;5;175;247;48;2;5;175;247m▀[m[38;2;5;175;247;48;2;5;175;247m▀[m[38;2;5;175;247;48;2;50;204;246m▀[m[38;2;32;170;208m▀[m                        [38;2;31;164;205m▄[m[38;2;31;164;205;48;2;9;176;246m▀[m[38;2;9;176;246;48;2;9;176;246m▀[m[38;2;6;74;139m▀[m[38;2;20;107;141m▄[m[38;2;47;203;247m▄[m[38;2;31;164;205;48;2;9;176;246m▀[m[38;2;47;203;247;48;2;9;176;246m▀[m[38;2;9;176;246;48;2;9;176;246m▀[m[38;2;9;176;246;48;2;31;164;205m▀[m[38;2;20;142;189m▀[m
        [38;2;46;87;98m▄[m             [38;2;46;87;98m▄[m[38;2;55;138;158m▄[m[38;2;90;155;173m▄[m[38;2;90;155;173m▄[m[38;2;41;57;77;48;2;90;155;173m▀[m[38;2;41;57;77;48;2;79;113;150m▀[m[38;2;46;87;98;48;2;41;57;77m▀[m             [38;2;4;70;127m▄[m[38;2;4;70;127;48;2;32;170;208m▀[m[38;2;42;115;147m▄[m  [38;2;32;170;208m▄[m[38;2;72;211;246;48;2;50;204;246m▀[m[38;2;50;204;246;48;2;5;175;247m▀[m[38;2;5;175;247;48;2;5;175;247m▀[m[38;2;5;175;247;48;2;5;175;247m▀[m[38;2;5;175;247;48;2;5;175;247m▀[m[38;2;5;175;247;48;2;5;175;247m▀[m[38;2;19;165;225;48;2;19;165;225m▀[m                      [38;2;28;165;214m▄[m[38;2;31;164;205;48;2;9;176;246m▀[m [38;2;20;142;189;48;2;47;203;247m▀[m[38;2;9;176;246;48;2;9;176;246m▀[m[38;2;9;176;246;48;2;1;152;235m▀[m[38;2;31;164;205;48;2;6;74;139m▀[m[38;2;12;82;132;48;2;88;173;206m▀[m[38;2;47;203;247;48;2;9;176;246m▀[m[38;2;9;176;246;48;2;9;176;246m▀[m[38;2;9;176;246;48;2;31;164;205m▀[m[38;2;9;176;246;48;2;28;165;214m▀[m[38;2;31;164;205m▀[m
     [38;2;55;138;158m▄[m[38;2;46;87;98;48;2;90;155;173m▀[m[38;2;55;138;158;48;2;50;81;112m▀[m[38;2;59;148;169;48;2;41;57;77m▀[m        [38;2;41;57;77m▄[m[38;2;90;155;173m▄[m[38;2;157;196;199m▄[m[38;2;60;137;148;48;2;102;196;206m▀[m[38;2;102;196;206;48;2;102;196;206m▀[m[38;2;157;196;199;48;2;59;148;169m▀[m[38;2;102;196;206;48;2;59;148;169m▀[m[38;2;90;155;173;48;2;59;148;169m▀[m[38;2;59;148;169;48;2;59;148;169m▀[m[38;2;55;138;158;48;2;52;113;142m▀[m[38;2;52;113;142;48;2;48;88;110m▀[m[38;2;46;87;98m▀[m            [38;2;4;70;127;48;2;50;204;246m▀[m[38;2;32;170;208;48;2;24;199;253m▀[m[38;2;5;175;247;48;2;5;175;247m▀[m[38;2;42;115;147m▀[m [38;2;32;143;178;48;2;72;211;246m▀[m[38;2;50;204;246;48;2;5;175;247m▀[m[38;2;5;175;247;48;2;5;175;247m▀[m[38;2;5;175;247;48;2;5;175;247m▀[m[38;2;5;175;247;48;2;19;165;225m▀[m[38;2;5;175;247;48;2;4;70;127m▀[m[38;2;5;175;247;48;2;4;70;127m▀[m[38;2;19;165;225;48;2;42;115;147m▀[m[38;2;4;70;127m▀[m                    [38;2;20;107;141m▄[m[38;2;31;164;205;48;2;47;203;247m▀[m[38;2;47;203;247;48;2;9;176;246m▀[m[38;2;15;112;176;48;2;6;74;139m▀[m [38;2;9;176;246;48;2;15;112;176m▀[m[38;2;15;112;176;48;2;6;79;148m▀[m[38;2;15;112;176;48;2;28;165;214m▀[m[38;2;88;173;206;48;2;47;203;247m▀[m[38;2;9;176;246;48;2;9;176;246m▀[m[38;2;9;176;246;48;2;9;176;246m▀[m[38;2;1;152;235;48;2;28;165;214m▀[m   [38;2;28;165;214m▄[m[38;2;28;165;214m▄[m[38;2;28;165;214m▄[m[38;2;28;165;214m▄[m[38;2;20;107;141m▄[m
   [38;2;50;98;118m▄[m[38;2;55;138;158;48;2;59;148;169m▀[m[38;2;59;148;169;48;2;52;113;142m▀[m[38;2;59;148;169;48;2;59;148;169m▀[m[38;2;59;148;169;48;2;50;98;118m▀[m[38;2;46;87;98m▀[m     [38;2;41;57;77m▄[m[38;2;46;87;98;48;2;157;196;199m▀[m[38;2;55;138;158;48;2;157;196;199m▀[m[38;2;157;196;199;48;2;102;196;206m▀[m[38;2;157;196;199;48;2;102;196;206m▀[m[38;2;102;196;206;48;2;59;148;169m▀[m[38;2;102;196;206;48;2;59;148;169m▀[m[38;2;59;148;169;48;2;102;196;206m▀[m[38;2;102;196;206;48;2;52;113;142m▀[m[38;2;90;155;173;48;2;50;81;112m▀[m[38;2;90;155;173;48;2;50;81;112m▀[m[38;2;52;113;142;48;2;50;81;112m▀[m[38;2;50;81;112;48;2;38;48;64m▀[m            [38;2;42;115;147;48;2;50;204;246m▀[m[38;2;32;143;178;48;2;24;199;253m▀[m[38;2;72;211;246;48;2;24;199;253m▀[m[38;2;5;175;247;48;2;5;175;247m▀[m[38;2;13;105;171;48;2;42;115;147m▀[m [38;2;42;115;147m▀[m[38;2;50;204;246;48;2;4;70;127m▀[m[38;2;32;170;208;48;2;32;170;208m▀[m[38;2;6;76;144;48;2;72;211;246m▀[m[38;2;11;80;133;48;2;72;211;246m▀[m[38;2;9;52;100;48;2;50;204;246m▀[m                        [38;2;31;164;205;48;2;21;172;225m▀[m[38;2;9;176;246;48;2;9;176;246m▀[m[38;2;1;152;235;48;2;21;172;225m▀[m[38;2;28;165;214;48;2;31;164;205m▀[m[38;2;31;164;205;48;2;9;176;246m▀[m[38;2;21;172;225;48;2;15;112;176m▀[m[38;2;6;58;114;48;2;20;107;141m▀[m[38;2;31;164;205;48;2;28;165;214m▀[m[38;2;9;176;246;48;2;15;112;176m▀[m[38;2;9;176;246;48;2;15;112;176m▀[m[38;2;1;152;235;48;2;6;74;139m▀[m[38;2;28;165;214m▄[m[38;2;20;107;141;48;2;1;152;235m▀[m[38;2;28;165;214;48;2;9;176;246m▀[m[38;2;28;165;214;48;2;9;176;246m▀[m[38;2;47;203;247;48;2;9;176;246m▀[m[38;2;47;203;247;48;2;21;172;225m▀[m[38;2;47;203;247m▀[m[38;2;66;100;124m▀[m[38;2;20;107;141m▀[m
   [38;2;90;155;173;48;2;55;138;158m▀[m[38;2;59;148;169;48;2;52;113;142m▀[m[38;2;59;148;169;48;2;50;81;112m▀[m[38;2;50;81;112;48;2;45;60;84m▀[m[38;2;41;57;77;48;2;41;57;77m▀[m[38;2;46;87;98m▄[m[38;2;46;87;98m▄[m[38;2;41;57;77m▄[m[38;2;46;87;98m▄[m[38;2;55;138;158m▄[m[38;2;50;98;118;48;2;102;196;206m▀[m[38;2;157;196;199;48;2;102;196;206m▀[m[38;2;102;196;206;48;2;59;148;169m▀[m[38;2;102;196;206;48;2;59;148;169m▀[m[38;2;52;113;142;48;2;102;196;206m▀[m[38;2;55;138;158;48;2;59;148;169m▀[m[38;2;55;138;158;48;2;59;148;169m▀[m[38;2;59;148;169;48;2;59;148;169m▀[m[38;2;59;148;169;48;2;59;148;169m▀[m[38;2;55;138;158;48;2;55;138;158m▀[m[38;2;59;148;169;48;2;52;113;142m▀[m[38;2;52;113;142;48;2;59;148;169m▀[m[38;2;52;113;142;48;2;41;57;77m▀[m            [38;2;32;170;208;48;2;32;170;208m▀[m[38;2;5;175;247;48;2;9;52;100m▀[m[38;2;19;165;225;48;2;9;52;100m▀[m[38;2;32;170;208;48;2;6;76;144m▀[m[38;2;9;52;100;48;2;4;110;203m▀[m[38;2;4;70;127;48;2;4;110;203m▀[m[38;2;9;52;100;48;2;11;80;133m▀[m[38;2;64;91;111;48;2;19;165;225m▀[m[38;2;72;211;246;48;2;24;199;253m▀[m[38;2;5;175;247;48;2;5;175;247m▀[m[38;2;5;175;247;48;2;19;165;225m▀[m[38;2;32;170;208;48;2;4;70;127m▀[m[38;2;9;52;100m▄[m[38;2;4;70;127;48;2;6;76;144m▀[m[38;2;6;76;144;48;2;9;52;100m▀[m[38;2;6;76;144;48;2;9;52;100m▀[m[38;2;13;105;171;48;2;7;55;110m▀[m[38;2;6;76;144m▀[m   [38;2;32;170;208m▄[m[38;2;32;170;208m▄[m[38;2;32;170;208m▄[m[38;2;32;170;208m▄[m[38;2;42;115;147m▄[m           [38;2;21;172;225;48;2;31;164;205m▀[m[38;2;1;152;235;48;2;6;58;114m▀[m[38;2;15;112;176;48;2;6;74;139m▀[m[38;2;21;172;225;48;2;15;112;176m▀[m[38;2;15;112;176;48;2;4;120;209m▀[m[38;2;6;74;139;48;2;6;79;148m▀[m[38;2;6;74;139;48;2;6;79;148m▀[m[38;2;6;79;148;48;2;6;79;148m▀[m[38;2;5;110;179;48;2;6;79;148m▀[m[38;2;6;79;148;48;2;6;79;148m▀[m[38;2;6;74;139;48;2;6;79;148m▀[m[38;2;6;58;114;48;2;5;110;179m▀[m[38;2;5;110;179;48;2;6;58;114m▀[m[38;2;1;152;235;48;2;20;107;141m▀[m[38;2;9;176;246;48;2;20;107;141m▀[m[38;2;9;176;246m▀[m
   [38;2;50;81;112;48;2;38;48;64m▀[m[38;2;48;88;110;48;2;79;113;150m▀[m[38;2;50;81;112;48;2;79;113;150m▀[m[38;2;79;113;150;48;2;79;113;150m▀[m[38;2;79;113;150;48;2;79;113;150m▀[m[38;2;79;113;150;48;2;79;113;150m▀[m[38;2;79;113;150;48;2;90;155;173m▀[m[38;2;50;81;112;48;2;79;113;150m▀[m[38;2;50;81;112;48;2;50;81;112m▀[m[38;2;102;196;206;48;2;50;98;118m▀[m[38;2;102;196;206;48;2;90;155;173m▀[m[38;2;55;138;158;48;2;59;148;169m▀[m[38;2;55;138;158;48;2;59;148;169m▀[m[38;2;59;148;169;48;2;55;138;158m▀[m[38;2;55;138;158;48;2;59;148;169m▀[m[38;2;55;138;158;48;2;55;138;158m▀[m[38;2;59;148;169;48;2;50;81;112m▀[m[38;2;59;148;169;48;2;41;57;77m▀[m[38;2;55;138;158m▀[m[38;2;48;88;110m▀[m[38;2;48;88;110m▀[m[38;2;46;87;98m▀[m             [38;2;4;70;127;48;2;4;110;203m▀[m[38;2;13;105;171;48;2;4;110;203m▀[m[38;2;4;110;203;48;2;4;110;203m▀[m[38;2;5;175;247;48;2;73;132;160m▀[m[38;2;4;110;203;48;2;7;55;110m▀[m[38;2;13;105;171;48;2;7;55;110m▀[m[38;2;13;105;171;48;2;6;76;144m▀[m[38;2;19;165;225;48;2;6;76;144m▀[m[38;2;13;105;171;48;2;6;76;144m▀[m[38;2;4;70;127;48;2;13;105;171m▀[m[38;2;9;52;100;48;2;7;55;110m▀[m[38;2;13;105;171;48;2;6;76;144m▀[m[38;2;19;165;225;48;2;13;105;171m▀[m[38;2;6;76;144;48;2;6;76;144m▀[m[38;2;13;105;171;48;2;4;110;203m▀[m[38;2;9;52;100;48;2;6;76;144m▀[m[38;2;4;70;127;48;2;6;76;144m▀[m[38;2;42;115;147;48;2;7;55;110m▀[m[38;2;4;70;127m▄[m[38;2;35;146;179;48;2;5;175;247m▀[m[38;2;32;143;178;48;2;5;175;247m▀[m[38;2;50;204;246;48;2;5;175;247m▀[m[38;2;50;204;246;48;2;5;175;247m▀[m[38;2;50;204;246;48;2;19;165;225m▀[m[38;2;32;170;208;48;2;4;70;127m▀[m[38;2;42;115;147m▀[m          [38;2;15;112;176m▄[m[38;2;6;74;139;48;2;1;152;235m▀[m[38;2;5;110;179;48;2;1;152;235m▀[m[38;2;1;152;235;48;2;4;120;209m▀[m[38;2;1;152;235;48;2;6;79;148m▀[m[38;2;5;110;179;48;2;161;202;223m▀[m[38;2;6;58;114;48;2;6;58;114m▀[m[38;2;5;110;179;48;2;6;79;148m▀[m[38;2;6;58;114;48;2;6;58;114m▀[m[38;2;5;110;179;48;2;6;58;114m▀[m[38;2;1;152;235;48;2;6;79;148m▀[m[38;2;6;58;114;48;2;6;58;114m▀[m[38;2;5;110;179;48;2;5;110;179m▀[m[38;2;6;58;114;48;2;6;79;148m▀[m[38;2;6;58;114;48;2;6;79;148m▀[m[38;2;6;74;139;48;2;6;58;114m▀[m[38;2;31;164;205;48;2;1;152;235m▀[m[38;2;31;164;205;48;2;9;176;246m▀[m[38;2;20;107;141;48;2;31;164;205m▀[m
 [38;2;41;57;77m▄[m[38;2;45;60;84;48;2;94;120;142m▀[m[38;2;90;155;173;48;2;90;155;173m▀[m[38;2;90;155;173;48;2;79;113;150m▀[m[38;2;79;113;150;48;2;79;113;150m▀[m[38;2;79;113;150;48;2;79;113;150m▀[m[38;2;90;155;173;48;2;90;155;173m▀[m[38;2;102;196;206;48;2;38;48;64m▀[m[38;2;84;165;172;48;2;141;92;82m▀[m[38;2;90;155;173;48;2;38;48;64m▀[m[38;2;79;113;150;48;2;79;113;150m▀[m[38;2;50;81;112;48;2;50;81;112m▀[m[38;2;55;138;158;48;2;50;81;112m▀[m[38;2;59;148;169;48;2;84;165;172m▀[m[38;2;50;81;112;48;2;84;165;172m▀[m[38;2;52;113;142;48;2;84;165;172m▀[m[38;2;59;148;169;48;2;55;138;158m▀[m[38;2;55;138;158;48;2;55;138;158m▀[m[38;2;52;113;142;48;2;84;165;172m▀[m[38;2;55;138;158;48;2;55;138;158m▀[m[38;2;50;98;118;48;2;48;88;110m▀[m[38;2;41;57;77m▀[m     [38;2;41;57;77m▄[m[38;2;48;88;110m▄[m[38;2;46;87;98;48;2;55;138;158m▀[m     [38;2;4;70;127m▄[m[38;2;13;105;171;48;2;4;110;203m▀[m[38;2;5;175;247;48;2;4;110;203m▀[m[38;2;4;110;203;48;2;6;76;144m▀[m[38;2;9;52;100;48;2;73;132;160m▀[m[38;2;216;203;17;48;2;73;132;160m▀[m[38;2;64;91;111;48;2;73;132;160m▀[m[38;2;156;194;216;48;2;156;194;216m▀[m[38;2;6;76;144;48;2;156;194;216m▀[m[38;2;7;55;110;48;2;7;55;110m▀[m[38;2;6;76;144;48;2;9;52;100m▀[m[38;2;7;55;110;48;2;7;55;110m▀[m[38;2;9;52;100;48;2;6;76;144m▀[m[38;2;7;55;110;48;2;13;105;171m▀[m[38;2;7;55;110;48;2;9;52;100m▀[m[38;2;7;55;110;48;2;73;132;160m▀[m[38;2;7;55;110;48;2;73;132;160m▀[m[38;2;9;52;100;48;2;4;70;127m▀[m[38;2;4;110;203;48;2;7;55;110m▀[m[38;2;19;165;225;48;2;7;55;110m▀[m[38;2;7;55;110;48;2;13;105;171m▀[m[38;2;32;170;208;48;2;7;55;110m▀[m[38;2;5;175;247;48;2;32;170;208m▀[m[38;2;5;175;247;48;2;5;175;247m▀[m[38;2;5;175;247;48;2;5;175;247m▀[m[38;2;4;70;127;48;2;4;70;127m▀[m           [38;2;6;74;139;48;2;28;165;214m▀[m[38;2;4;120;209;48;2;4;120;209m▀[m[38;2;4;120;209;48;2;5;110;179m▀[m[38;2;31;164;205;48;2;73;122;157m▀[m[38;2;66;100;124;48;2;73;122;157m▀[m[38;2;88;173;206;48;2;161;202;223m▀[m[38;2;161;202;223;48;2;161;202;223m▀[m[38;2;88;173;206;48;2;73;122;157m▀[m[38;2;6;58;114;48;2;6;79;148m▀[m[38;2;6;58;114;48;2;5;110;179m▀[m[38;2;6;58;114;48;2;73;122;157m▀[m[38;2;12;82;132;48;2;47;203;247m▀[m[38;2;20;107;141;48;2;73;122;157m▀[m[38;2;6;58;114;48;2;88;173;206m▀[m[38;2;6;58;114;48;2;12;82;132m▀[m[38;2;1;152;235;48;2;6;79;148m▀[m[38;2;6;79;148;48;2;5;110;179m▀[m[38;2;6;79;148;48;2;6;58;114m▀[m[38;2;9;176;246;48;2;20;107;141m▀[m[38;2;47;203;247;48;2;28;165;214m▀[m[38;2;20;107;141;48;2;28;165;214m▀[m
[38;2;46;87;98m▄[m[38;2;50;98;118;48;2;90;155;173m▀[m[38;2;90;155;173;48;2;79;113;150m▀[m[38;2;79;113;150;48;2;79;113;150m▀[m[38;2;79;113;150;48;2;79;113;150m▀[m[38;2;79;113;150;48;2;79;113;150m▀[m[38;2;79;113;150;48;2;45;60;84m▀[m[38;2;41;57;77m▀[m[38;2;38;48;64;48;2;46;87;98m▀[m[38;2;179;142;132;48;2;179;142;132m▀[m[38;2;141;92;82;48;2;141;92;82m▀[m[38;2;52;113;142;48;2;58;127;157m▀[m[38;2;52;113;142;48;2;52;113;142m▀[m[38;2;52;113;142;48;2;50;81;112m▀[m[38;2;41;57;77;48;2;41;57;77m▀[m[38;2;38;48;64m▄[m[38;2;38;48;64m▄[m[38;2;41;57;77m▄[m       [38;2;48;88;110m▄[m[38;2;41;57;77;48;2;52;113;142m▀[m[38;2;55;138;158;48;2;50;81;112m▀[m[38;2;52;113;142;48;2;50;81;112m▀[m[38;2;52;113;142;48;2;52;113;142m▀[m[38;2;41;57;77m▀[m     [38;2;4;70;127;48;2;42;115;147m▀[m[38;2;19;165;225;48;2;95;176;203m▀[m[38;2;156;194;216;48;2;64;91;111m▀[m[38;2;156;194;216;48;2;42;115;147m▀[m[38;2;73;132;160;48;2;42;115;147m▀[m[38;2;95;176;203;48;2;73;132;160m▀[m[38;2;156;194;216;48;2;156;194;216m▀[m[38;2;156;194;216;48;2;64;91;111m▀[m[38;2;156;194;216;48;2;4;70;127m▀[m[38;2;73;132;160;48;2;156;194;216m▀[m[38;2;156;194;216;48;2;156;194;216m▀[m[38;2;73;132;160;48;2;95;176;203m▀[m[38;2;13;105;171;48;2;11;80;133m▀[m[38;2;4;110;203;48;2;19;165;225m▀[m[38;2;7;55;110;48;2;6;76;144m▀[m[38;2;95;176;203;48;2;50;204;246m▀[m[38;2;72;211;246;48;2;5;175;247m▀[m[38;2;64;91;111;48;2;64;91;111m▀[m[38;2;156;194;216;48;2;156;194;216m▀[m[38;2;7;55;110;48;2;73;132;160m▀[m[38;2;6;76;144;48;2;7;55;110m▀[m[38;2;6;76;144;48;2;13;105;171m▀[m[38;2;4;70;127;48;2;9;52;100m▀[m[38;2;42;115;147m▀[m             [38;2;28;165;214;48;2;20;107;141m▀[m[38;2;6;79;148;48;2;66;100;124m▀[m[38;2;88;173;206m▀[m[38;2;73;122;157;48;2;66;100;124m▀[m[38;2;66;100;124;48;2;161;202;223m▀[m[38;2;161;202;223;48;2;66;100;124m▀[m[38;2;73;122;157m▀[m[38;2;161;202;223m▀[m[38;2;15;112;176;48;2;6;74;139m▀[m[38;2;5;110;179;48;2;21;172;225m▀[m[38;2;5;110;179;48;2;21;172;225m▀[m[38;2;9;176;246;48;2;1;152;235m▀[m[38;2;20;107;141m▀[m[38;2;88;173;206m▀[m[38;2;161;202;223;48;2;73;122;157m▀[m[38;2;6;58;114;48;2;88;173;206m▀[m[38;2;5;110;179;48;2;6;58;114m▀[m[38;2;6;79;148;48;2;6;79;148m▀[m[38;2;6;74;139m▄[m
[38;2;46;87;98m▀[m[38;2;45;60;84;48;2;45;60;84m▀[m[38;2;79;113;150;48;2;41;57;77m▀[m[38;2;79;113;150;48;2;41;57;77m▀[m[38;2;50;81;112;48;2;41;57;77m▀[m[38;2;50;98;118;48;2;45;60;84m▀[m[38;2;45;60;84;48;2;90;155;173m▀[m[38;2;45;60;84;48;2;102;196;206m▀[m[38;2;141;92;82;48;2;102;196;206m▀[m[38;2;141;92;82;48;2;102;196;206m▀[m[38;2;50;81;112;48;2;157;196;199m▀[m[38;2;52;113;142;48;2;90;155;173m▀[m[38;2;50;81;112;48;2;50;81;112m▀[m[38;2;50;81;112;48;2;38;48;64m▀[m[38;2;38;48;64;48;2;50;81;112m▀[m[38;2;50;81;112;48;2;50;81;112m▀[m[38;2;50;81;112;48;2;50;81;112m▀[m[38;2;52;113;142;48;2;79;113;150m▀[m[38;2;50;81;112;48;2;90;155;173m▀[m[38;2;41;57;77;48;2;90;155;173m▀[m[38;2;46;87;98;48;2;79;113;150m▀[m[38;2;50;98;118m▄[m [38;2;41;57;77m▄[m[38;2;50;98;118;48;2;50;81;112m▀[m[38;2;52;113;142;48;2;50;81;112m▀[m[38;2;50;81;112;48;2;50;81;112m▀[m[38;2;52;113;142;48;2;52;113;142m▀[m[38;2;52;113;142;48;2;46;87;98m▀[m[38;2;46;87;98m▀[m        [38;2;42;115;147m▄[m[38;2;73;132;160;48;2;64;91;111m▀[m[38;2;73;132;160;48;2;42;115;147m▀[m[38;2;95;176;203m▀[m[38;2;42;115;147m▀[m [38;2;9;52;100m▄[m[38;2;64;91;111;48;2;4;70;127m▀[m[38;2;156;194;216;48;2;42;115;147m▀[m[38;2;156;194;216;48;2;42;115;147m▀[m[38;2;9;52;100;48;2;4;70;127m▀[m[38;2;4;110;203;48;2;19;165;225m▀[m[38;2;7;55;110;48;2;19;165;225m▀[m[38;2;5;175;247;48;2;5;175;247m▀[m[38;2;32;170;208;48;2;42;115;147m▀[m[38;2;4;70;127m▀[m[38;2;95;176;203m▀[m[38;2;156;194;216;48;2;156;194;216m▀[m[38;2;73;132;160;48;2;156;194;216m▀[m[38;2;6;76;144;48;2;9;52;100m▀[m[38;2;7;55;110;48;2;6;76;144m▀[m[38;2;4;70;127;48;2;4;70;127m▀[m[38;2;4;70;127;48;2;32;170;208m▀[m [38;2;4;70;127m▄[m[38;2;42;115;147m▄[m           [38;2;66;100;124m▀[m[38;2;66;100;124m▀[m    [38;2;28;165;214;48;2;9;176;246m▀[m[38;2;9;176;246;48;2;9;176;246m▀[m[38;2;9;176;246;48;2;9;176;246m▀[m[38;2;28;165;214;48;2;20;107;141m▀[m  [38;2;20;107;141;48;2;21;172;225m▀[m[38;2;88;173;206;48;2;73;122;157m▀[m[38;2;6;58;114;48;2;6;58;114m▀[m[38;2;5;110;179;48;2;5;110;179m▀[m[38;2;6;58;114;48;2;6;58;114m▀[m[38;2;6;74;139;48;2;28;165;214m▀[m
 [38;2;41;57;77m▀[m[38;2;90;155;173;48;2;46;87;98m▀[m[38;2;90;155;173;48;2;93;102;122m▀[m[38;2;157;196;199;48;2;55;138;158m▀[m[38;2;157;196;199;48;2;94;120;142m▀[m[38;2;157;196;199;48;2;93;102;122m▀[m[38;2;157;196;199;48;2;93;102;122m▀[m[38;2;157;196;199;48;2;38;48;64m▀[m[38;2;90;155;173;48;2;38;48;64m▀[m[38;2;90;155;173;48;2;38;48;64m▀[m[38;2;93;102;122;48;2;93;102;122m▀[m[38;2;45;60;84;48;2;90;155;173m▀[m[38;2;50;81;112;48;2;157;196;199m▀[m[38;2;52;113;142;48;2;90;155;173m▀[m[38;2;52;113;142;48;2;79;113;150m▀[m[38;2;45;60;84;48;2;79;113;150m▀[m[38;2;38;48;64;48;2;50;81;112m▀[m[38;2;45;60;84;48;2;45;60;84m▀[m[38;2;45;60;84;48;2;38;48;64m▀[m[38;2;79;113;150;48;2;41;57;77m▀[m[38;2;90;155;173;48;2;38;48;64m▀[m[38;2;79;113;150;48;2;52;113;142m▀[m[38;2;45;60;84;48;2;93;102;122m▀[m[38;2;38;48;64;48;2;50;81;112m▀[m[38;2;48;88;110;48;2;41;57;77m▀[m[38;2;38;48;64;48;2;46;87;98m▀[m              [38;2;32;170;208m▄[m[38;2;4;110;203;48;2;19;165;225m▀[m[38;2;7;55;110;48;2;7;55;110m▀[m[38;2;7;55;110;48;2;9;52;100m▀[m[38;2;4;70;127m▀[m  [38;2;32;170;208;48;2;32;170;208m▀[m[38;2;50;204;246;48;2;5;175;247m▀[m[38;2;5;175;247;48;2;5;175;247m▀[m[38;2;5;175;247;48;2;5;175;247m▀[m[38;2;42;115;147;48;2;42;115;147m▀[m   [38;2;156;194;216;48;2;42;115;147m▀[m[38;2;11;80;133;48;2;11;80;133m▀[m[38;2;13;105;171;48;2;6;76;144m▀[m[38;2;42;115;147;48;2;9;52;100m▀[m[38;2;4;70;127m▄[m[38;2;73;132;160m▄[m[38;2;32;170;208;48;2;50;204;246m▀[m[38;2;35;146;179;48;2;35;146;179m▀[m                [38;2;6;74;139;48;2;21;172;225m▀[m[38;2;9;176;246;48;2;47;203;247m▀[m[38;2;9;176;246;48;2;47;203;247m▀[m[38;2;31;164;205;48;2;20;107;141m▀[m  [38;2;28;165;214;48;2;20;107;141m▀[m[38;2;1;152;235;48;2;20;107;141m▀[m[38;2;6;58;114;48;2;6;58;114m▀[m[38;2;5;110;179;48;2;5;110;179m▀[m[38;2;6;79;148;48;2;6;58;114m▀[m[38;2;6;74;139;48;2;20;107;141m▀[m[38;2;21;172;225;48;2;47;203;247m▀[m
          [38;2;41;57;77;48;2;41;57;77m▀[m[38;2;94;120;142;48;2;45;60;84m▀[m[38;2;157;196;199;48;2;93;102;122m▀[m[38;2;157;196;199;48;2;157;196;199m▀[m[38;2;157;196;199;48;2;157;196;199m▀[m[38;2;157;196;199;48;2;157;196;199m▀[m[38;2;55;138;158;48;2;157;196;199m▀[m[38;2;52;113;142;48;2;157;196;199m▀[m[38;2;50;81;112;48;2;94;120;142m▀[m[38;2;50;81;112;48;2;50;81;112m▀[m[38;2;50;81;112;48;2;45;60;84m▀[m[38;2;38;48;64;48;2;38;48;64m▀[m[38;2;41;57;77m▀[m[38;2;45;60;84m▀[m[38;2;93;102;122;48;2;48;88;110m▀[m[38;2;93;102;122;48;2;93;102;122m▀[m[38;2;52;113;142;48;2;38;48;64m▀[m[38;2;50;98;118;48;2;55;138;158m▀[m[38;2;46;87;98m▄[m          [38;2;42;115;147m▄[m[38;2;32;143;178;48;2;50;204;246m▀[m[38;2;24;199;253;48;2;24;199;253m▀[m[38;2;5;175;247;48;2;5;175;247m▀[m[38;2;13;105;171;48;2;19;165;225m▀[m   [38;2;42;115;147;48;2;50;204;246m▀[m[38;2;19;165;225;48;2;24;199;253m▀[m[38;2;5;175;247;48;2;5;175;247m▀[m[38;2;5;175;247;48;2;50;204;246m▀[m[38;2;32;170;208m▀[m    [38;2;4;70;127;48;2;13;105;171m▀[m[38;2;13;105;171;48;2;13;105;171m▀[m[38;2;7;55;110;48;2;7;55;110m▀[m[38;2;9;52;100;48;2;6;76;144m▀[m[38;2;13;105;171;48;2;13;105;171m▀[m[38;2;5;175;247;48;2;5;175;247m▀[m[38;2;32;170;208;48;2;4;70;127m▀[m[38;2;42;115;147m▀[m           [38;2;28;165;214m▄[m[38;2;28;165;214;48;2;9;176;246m▀[m[38;2;6;74;139;48;2;6;79;148m▀[m[38;2;6;58;114;48;2;66;100;124m▀[m[38;2;31;164;205;48;2;47;203;247m▀[m[38;2;47;203;247;48;2;31;164;205m▀[m[38;2;31;164;205m▀[m[38;2;15;112;176;48;2;6;74;139m▀[m[38;2;6;74;139;48;2;1;152;235m▀[m[38;2;20;107;141;48;2;21;172;225m▀[m[38;2;6;74;139m▄[m[38;2;6;74;139;48;2;15;112;176m▀[m[38;2;6;79;148;48;2;5;110;179m▀[m[38;2;4;120;209;48;2;6;79;148m▀[m[38;2;6;79;148;48;2;12;82;132m▀[m[38;2;6;79;148;48;2;21;172;225m▀[m [38;2;28;165;214m▀[m
     [38;2;46;87;98m▄[m[38;2;52;113;142m▄[m[38;2;45;60;84m▄[m[38;2;41;57;77;48;2;79;113;150m▀[m[38;2;45;60;84;48;2;45;60;84m▀[m[38;2;45;60;84;48;2;38;48;64m▀[m[38;2;45;60;84m▀[m [38;2;46;87;98m▀[m[38;2;45;60;84m▀[m[38;2;94;120;142m▀[m[38;2;90;155;173m▀[m[38;2;90;155;173m▀[m[38;2;94;120;142m▀[m[38;2;48;88;110;48;2;45;60;84m▀[m[38;2;38;48;64;48;2;45;60;84m▀[m[38;2;38;48;64m▄[m   [38;2;50;98;118m▀[m[38;2;50;81;112;48;2;50;98;118m▀[m[38;2;38;48;64;48;2;46;87;98m▀[m[38;2;50;98;118;48;2;45;60;84m▀[m[38;2;84;165;172m▄[m         [38;2;42;115;147m▀[m[38;2;50;204;246m▀[m[38;2;32;170;208m▀[m    [38;2;32;143;178m▄[m[38;2;50;204;246;48;2;50;204;246m▀[m[38;2;72;211;246;48;2;73;132;160m▀[m[38;2;32;170;208m▀[m  [38;2;6;76;144m▄[m[38;2;4;70;127;48;2;13;105;171m▀[m[38;2;4;110;203;48;2;13;105;171m▀[m[38;2;19;165;225;48;2;6;76;144m▀[m[38;2;6;76;144;48;2;13;105;171m▀[m[38;2;9;52;100;48;2;19;165;225m▀[m[38;2;19;165;225;48;2;5;175;247m▀[m[38;2;32;170;208;48;2;32;170;208m▀[m[38;2;4;70;127m▀[m[38;2;42;115;147m▀[m            [38;2;20;107;141;48;2;31;164;205m▀[m[38;2;9;176;246;48;2;28;165;214m▀[m[38;2;1;152;235m▀[m[38;2;20;107;141;48;2;20;107;141m▀[m[38;2;20;107;141;48;2;6;74;139m▀[m[38;2;6;74;139m▄[m[38;2;20;107;141m▄[m[38;2;6;74;139m▄[m[38;2;20;107;141;48;2;15;112;176m▀[m[38;2;6;79;148;48;2;5;110;179m▀[m[38;2;5;110;179;48;2;6;79;148m▀[m[38;2;5;110;179;48;2;12;82;132m▀[m[38;2;5;110;179;48;2;6;74;139m▀[m[38;2;6;58;114;48;2;6;74;139m▀[m[38;2;28;165;214;48;2;21;172;225m▀[m[38;2;9;176;246;48;2;9;176;246m▀[m[38;2;9;176;246;48;2;6;74;139m▀[m
    [38;2;46;87;98m▀[m[38;2;59;148;169m▀[m[38;2;41;57;77;48;2;41;57;77m▀[m[38;2;52;113;142;48;2;48;88;110m▀[m[38;2;79;113;150;48;2;46;87;98m▀[m[38;2;38;48;64m▀[m         [38;2;46;87;98m▀[m[38;2;38;48;64m▀[m[38;2;45;60;84;48;2;38;48;64m▀[m[38;2;45;60;84;48;2;45;60;84m▀[m[38;2;38;48;64m▄[m  [38;2;41;57;77m▀[m[38;2;79;113;150;48;2;59;148;169m▀[m[38;2;38;48;64;48;2;38;48;64m▀[m[38;2;45;60;84;48;2;41;57;77m▀[m[38;2;46;87;98;48;2;58;127;157m▀[m               [38;2;19;165;225;48;2;4;70;127m▀[m[38;2;42;115;147m▀[m      [38;2;42;115;147m▀[m[38;2;4;70;127m▄[m[38;2;19;165;225;48;2;24;199;253m▀[m[38;2;5;175;247;48;2;19;165;225m▀[m[38;2;19;165;225;48;2;4;70;127m▀[m[38;2;42;115;147m▀[m              [38;2;20;107;141m▀[m  [38;2;6;74;139m▀[m[38;2;6;74;139;48;2;20;107;141m▀[m[38;2;6;58;114;48;2;6;79;148m▀[m[38;2;15;112;176;48;2;6;79;148m▀[m[38;2;21;172;225;48;2;12;82;132m▀[m[38;2;6;79;148;48;2;20;107;141m▀[m[38;2;12;82;132;48;2;6;74;139m▀[m[38;2;6;58;114;48;2;21;172;225m▀[m[38;2;6;74;139;48;2;6;74;139m▀[m [38;2;28;165;214;48;2;31;164;205m▀[m[38;2;47;203;247;48;2;6;74;139m▀[m[38;2;6;74;139m▀[m
                     [38;2;45;60;84m▀[m[38;2;50;81;112;48;2;41;57;77m▀[m[38;2;50;81;112;48;2;41;57;77m▀[m[38;2;50;98;118;48;2;46;87;98m▀[m  [38;2;41;57;77m▀[m[38;2;90;155;173;48;2;46;87;98m▀[m[38;2;50;81;112;48;2;41;57;77m▀[m[38;2;59;148;169;48;2;41;57;77m▀[m[38;2;46;87;98m▀[m                      [38;2;42;115;147;48;2;4;70;127m▀[m[38;2;50;204;246;48;2;35;146;179m▀[m[38;2;32;170;208m▀[m[38;2;4;70;127m▀[m                   [38;2;6;74;139;48;2;6;74;139m▀[m[38;2;6;79;148;48;2;6;74;139m▀[m[38;2;6;58;114m▀[m[38;2;6;74;139m▀[m[38;2;20;107;141m▀[m [38;2;15;112;176m▀[m[38;2;28;165;214m▀[m

[1maquabit[m                           [1mbytefin[m                           [1mdatadeluge[m
                                          [38;2;80;84;92m▄[m[38;2;80;84;92m▄[m[38;2;61;63;71;48;2;109;111;118m▀[m[38;2;61;63;71;48;2;118;124;133m▀[m[38;2;61;63;71;48;2;118;124;133m▀[m[38;2;61;63;71;48;2;118;124;133m▀[m[38;2;80;84;92;48;2;61;63;71m▀[m      [38;2;98;103;113m▄[m[38;2;140;140;147m▄[m[38;2;80;84;92;48;2;140;140;147m▀[m[38;2;80;84;92;48;2;140;140;147m▀[m[38;2;98;103;113m▄[m                     [38;2;78;88;98m▄[m[38;2;129;132;138;48;2;64;68;78m▀[m[38;2;64;68;78;48;2;64;68;78m▀[m
     [38;2;143;137;122m▄[m[38;2;63;65;66m▄[m        [38;2;63;65;66m▄[m[38;2;159;159;151m▄[m[38;2;73;78;78;48;2;159;159;151m▀[m[38;2;143;137;122;48;2;113;114;111m▀[m[38;2;100;107;105m▄[m                     [38;2;98;103;113m▄[m[38;2;98;103;113;48;2;109;111;118m▀[m[38;2;109;111;118;48;2;55;70;87m▀[m[38;2;75;79;88m▀[m[38;2;75;79;88m▀[m[38;2;84;90;101m▀[m[38;2;84;90;101;48;2;61;63;71m▀[m[38;2;84;90;101;48;2;75;79;88m▀[m[38;2;61;63;71;48;2;61;63;71m▀[m   [38;2;109;111;118m▄[m[38;2;140;140;147;48;2;109;111;118m▀[m[38;2;84;90;101;48;2;75;79;88m▀[m[38;2;118;124;133;48;2;61;63;71m▀[m[38;2;109;111;118m▀[m[38;2;140;140;147;48;2;75;79;88m▀[m[38;2;140;140;147;48;2;109;111;118m▀[m[38;2;61;63;71;48;2;109;111;118m▀[m[38;2;55;70;87m▄[m                 [38;2;64;68;78m▄[m[38;2;78;88;98;48;2;150;152;157m▀[m[38;2;24;148;197;48;2;150;152;157m▀[m[38;2;24;148;197;48;2;150;152;157m▀[m[38;2;16;154;222;48;2;150;152;157m▀[m[38;2;20;113;172;48;2;150;152;157m▀[m[38;2;78;88;98;48;2;112;114;119m▀[m[38;2;64;68;78m▄[m[38;2;64;68;78m▄[m[38;2;150;152;157m▄[m[38;2;112;114;119m▄[m
   [38;2;63;65;66;48;2;159;159;151m▀[m[38;2;159;159;151;48;2;53;57;60m▀[m[38;2;100;107;105m▀[m[38;2;53;57;60;48;2;63;65;66m▀[m[38;2;63;65;66;48;2;63;65;66m▀[m [38;2;79;104;113m▄[m[38;2;73;78;78;48;2;88;143;159m▀[m[38;2;113;114;111;48;2;53;90;108m▀[m[38;2;63;65;66;48;2;53;90;108m▀[m[38;2;51;111;143m▄[m[38;2;73;78;78;48;2;53;90;108m▀[m[38;2;159;159;151;48;2;113;114;111m▀[m[38;2;81;83;83;48;2;73;78;78m▀[m[38;2;63;65;66;48;2;73;78;78m▀[m[38;2;53;57;60;48;2;53;57;60m▀[m[38;2;63;65;66m▀[m                     [38;2;55;70;87;48;2;61;63;71m▀[m[38;2;84;90;101;48;2;75;79;88m▀[m[38;2;61;63;71;48;2;55;70;87m▀[m[38;2;61;63;71m▄[m[38;2;4;122;205m▄[m[38;2;61;63;71;48;2;17;108;168m▀[m[38;2;50;93;115;48;2;8;146;223m▀[m[38;2;32;158;189;48;2;8;146;223m▀[m[38;2;50;93;115;48;2;17;108;168m▀[m[38;2;50;93;115;48;2;17;108;168m▀[m[38;2;61;63;71;48;2;50;93;115m▀[m[38;2;61;63;71;48;2;109;111;118m▀[m[38;2;84;90;101;48;2;75;79;88m▀[m[38;2;75;79;88;48;2;75;79;88m▀[m[38;2;61;63;71m▀[m   [38;2;55;70;87;48;2;55;70;87m▀[m[38;2;84;90;101;48;2;109;111;118m▀[m[38;2;61;63;71;48;2;55;70;87m▀[m              [38;2;129;132;138;48;2;92;102;113m▀[m[38;2;92;102;113m▀[m[38;2;92;102;113;48;2;51;90;119m▀[m[38;2;51;90;119;48;2;36;200;249m▀[m[38;2;45;89;120;48;2;36;200;249m▀[m[38;2;45;89;120;48;2;36;200;249m▀[m[38;2;45;89;120;48;2;5;174;245m▀[m[38;2;51;90;119;48;2;5;174;245m▀[m[38;2;45;65;88;48;2;5;174;245m▀[m[38;2;45;65;88;48;2;5;174;245m▀[m[38;2;51;90;119;48;2;5;174;245m▀[m[38;2;92;102;113;48;2;24;148;197m▀[m[38;2;78;88;98m▄[m[38;2;129;132;138;48;2;112;114;119m▀[m  [38;2;78;88;98m▄[m[38;2;78;88;98m▄[m
   [38;2;79;104;113m▀[m[38;2;81;83;83;48;2;79;104;113m▀[m[38;2;73;78;78;48;2;81;83;83m▀[m[38;2;63;65;66;48;2;53;90;108m▀[m[38;2;88;143;159;48;2;58;132;167m▀[m[38;2;79;171;200;48;2;107;181;204m▀[m[38;2;79;171;200;48;2;112;201;221m▀[m[38;2;112;201;221;48;2;59;126;161m▀[m[38;2;79;171;200;48;2;59;126;161m▀[m[38;2;72;149;179;48;2;51;111;143m▀[m[38;2;58;132;167;48;2;51;111;143m▀[m[38;2;79;104;113;48;2;51;111;143m▀[m[38;2;81;83;83;48;2;63;65;66m▀[m[38;2;81;83;83;48;2;63;65;66m▀[m[38;2;53;90;108;48;2;53;90;108m▀[m[38;2;53;90;108;48;2;58;132;167m▀[m[38;2;79;171;200m▄[m[38;2;73;78;78m▄[m  [38;2;143;137;122m▄[m[38;2;73;78;78m▄[m               [38;2;8;146;223m▄[m[38;2;61;63;71;48;2;8;146;223m▀[m[38;2;118;124;133;48;2;51;78;99m▀[m[38;2;75;79;88;48;2;17;108;168m▀[m[38;2;51;78;99;48;2;45;202;248m▀[m[38;2;4;122;205;48;2;6;175;245m▀[m[38;2;4;122;205;48;2;8;146;223m▀[m[38;2;4;122;205;48;2;8;146;223m▀[m[38;2;4;122;205;48;2;4;122;205m▀[m[38;2;17;108;168;48;2;4;122;205m▀[m[38;2;17;108;168;48;2;8;146;223m▀[m[38;2;50;93;115;48;2;6;175;245m▀[m[38;2;109;111;118;48;2;17;108;168m▀[m[38;2;84;90;101;48;2;50;93;115m▀[m[38;2;51;78;99;48;2;32;158;189m▀[m[38;2;50;93;115;48;2;6;175;245m▀[m[38;2;8;146;223m▄[m  [38;2;55;70;87;48;2;55;70;87m▀[m[38;2;109;111;118;48;2;84;90;101m▀[m[38;2;55;70;87;48;2;61;63;71m▀[m             [38;2;64;68;78m▄[m[38;2;64;68;78;48;2;150;152;157m▀[m[38;2;64;68;78;48;2;52;58;67m▀[m[38;2;36;200;249;48;2;36;200;249m▀[m[38;2;36;200;249;48;2;5;174;245m▀[m[38;2;154;235;253;48;2;5;174;245m▀[m[38;2;36;200;249;48;2;5;174;245m▀[m[38;2;36;200;249;48;2;5;174;245m▀[m[38;2;36;200;249;48;2;5;174;245m▀[m[38;2;36;200;249;48;2;5;174;245m▀[m[38;2;36;200;249;48;2;5;174;245m▀[m[38;2;36;200;249;48;2;16;154;222m▀[m[38;2;36;200;249;48;2;16;154;222m▀[m[38;2;64;68;78;48;2;51;90;119m▀[m[38;2;64;68;78;48;2;64;68;78m▀[m[38;2;92;102;113;48;2;112;114;119m▀[m[38;2;64;68;78m▄[m[38;2;113;127;138;48;2;37;116;151m▀[m[38;2;64;68;78;48;2;51;90;119m▀[m[38;2;64;68;78m▄[m
   [38;2;58;132;167m▄[m[38;2;79;104;113;48;2;79;171;200m▀[m[38;2;58;132;167;48;2;58;132;167m▀[m[38;2;72;149;179;48;2;107;181;204m▀[m[38;2;107;181;204;48;2;159;212;226m▀[m[38;2;112;201;221;48;2;159;212;226m▀[m[38;2;72;149;179;48;2;112;201;221m▀[m[38;2;72;149;179;48;2;79;171;200m▀[m[38;2;59;126;161;48;2;79;171;200m▀[m[38;2;59;126;161;48;2;79;171;200m▀[m[38;2;58;132;167;48;2;79;171;200m▀[m[38;2;51;111;143;48;2;72;149;179m▀[m[38;2;59;126;161;48;2;72;149;179m▀[m[38;2;46;86;112;48;2;72;149;179m▀[m[38;2;46;86;112;48;2;72;149;179m▀[m[38;2;72;149;179;48;2;72;149;179m▀[m[38;2;72;149;179;48;2;107;181;204m▀[m[38;2;107;181;204;48;2;86;160;182m▀[m[38;2;73;78;78;48;2;53;90;108m▀[m[38;2;159;159;151;48;2;113;114;111m▀[m[38;2;86;160;182;48;2;63;65;66m▀[m[38;2;159;159;151;48;2;63;65;66m▀[m[38;2;159;159;151;48;2;100;107;105m▀[m[38;2;73;78;78;48;2;159;159;151m▀[m[38;2;73;78;78m▄[m           [38;2;71;187;219;48;2;45;202;248m▀[m[38;2;45;202;248;48;2;45;202;248m▀[m[38;2;6;175;245;48;2;45;202;248m▀[m[38;2;6;175;245;48;2;180;226;239m▀[m[38;2;45;202;248;48;2;180;226;239m▀[m[38;2;45;202;248;48;2;180;226;239m▀[m[38;2;6;175;245;48;2;45;202;248m▀[m[38;2;6;175;245;48;2;45;202;248m▀[m[38;2;6;175;245;48;2;45;202;248m▀[m[38;2;6;175;245;48;2;45;202;248m▀[m[38;2;6;175;245;48;2;45;202;248m▀[m[38;2;6;175;245;48;2;45;202;248m▀[m[38;2;6;175;245;48;2;45;202;248m▀[m[38;2;6;175;245;48;2;45;202;248m▀[m[38;2;6;175;245;48;2;45;202;248m▀[m[38;2;6;175;245;48;2;45;202;248m▀[m[38;2;6;175;245;48;2;45;202;248m▀[m[38;2;45;202;248;48;2;45;202;248m▀[m[38;2;50;93;115;48;2;32;158;189m▀[m[38;2;61;63;71m▄[m[38;2;55;70;87;48;2;84;90;101m▀[m[38;2;84;90;101;48;2;55;70;87m▀[m[38;2;61;63;71m▀[m            [38;2;78;88;98m▄[m[38;2;92;102;113;48;2;36;200;249m▀[m[38;2;72;164;199;48;2;36;200;249m▀[m[38;2;51;90;119;48;2;24;148;197m▀[m[38;2;36;200;249;48;2;36;200;249m▀[m[38;2;5;174;245;48;2;5;174;245m▀[m[38;2;5;174;245;48;2;5;174;245m▀[m[38;2;5;174;245;48;2;5;174;245m▀[m[38;2;5;174;245;48;2;5;174;245m▀[m[38;2;5;174;245;48;2;5;174;245m▀[m[38;2;5;174;245;48;2;5;174;245m▀[m[38;2;5;174;245;48;2;16;154;222m▀[m[38;2;16;154;222;48;2;16;154;222m▀[m[38;2;16;154;222;48;2;16;154;222m▀[m[38;2;45;65;88;48;2;51;90;119m▀[m[38;2;92;102;113;48;2;75;79;89m▀[m[38;2;75;79;89;48;2;45;89;120m▀[m[38;2;92;102;113;48;2;16;154;222m▀[m[38;2;113;127;138;48;2;16;154;222m▀[m[38;2;92;102;113;48;2;20;113;172m▀[m[38;2;75;79;89;48;2;20;113;172m▀[m[38;2;78;88;98;48;2;51;90;119m▀[m
  [38;2;143;137;122m▄[m[38;2;107;181;204;48;2;72;149;179m▀[m[38;2;107;181;204;48;2;58;132;167m▀[m[38;2;112;201;221;48;2;159;212;226m▀[m[38;2;159;212;226;48;2;159;212;226m▀[m[38;2;112;201;221;48;2;159;212;226m▀[m[38;2;79;171;200;48;2;112;201;221m▀[m[38;2;79;171;200;48;2;112;201;221m▀[m[38;2;79;171;200;48;2;112;201;221m▀[m[38;2;79;171;200;48;2;112;201;221m▀[m[38;2;79;171;200;48;2;112;201;221m▀[m[38;2;79;171;200;48;2;112;201;221m▀[m[38;2;79;171;200;48;2;107;181;204m▀[m[38;2;79;171;200;48;2;79;171;200m▀[m[38;2;107;181;204;48;2;72;149;179m▀[m[38;2;107;181;204;48;2;58;132;167m▀[m[38;2;79;171;200;48;2;51;111;143m▀[m[38;2;59;126;161;48;2;46;86;112m▀[m[38;2;46;86;112;48;2;46;86;112m▀[m[38;2;79;171;200;48;2;59;126;161m▀[m[38;2;63;65;66;48;2;63;65;66m▀[m[38;2;63;65;66;48;2;63;65;66m▀[m[38;2;63;65;66m▄[m[38;2;159;159;151m▄[m[38;2;113;114;111;48;2;113;114;111m▀[m[38;2;100;107;105;48;2;73;78;78m▀[m           [38;2;45;202;248;48;2;45;202;248m▀[m[38;2;6;175;245;48;2;6;175;245m▀[m[38;2;6;175;245;48;2;6;175;245m▀[m[38;2;45;202;248;48;2;45;202;248m▀[m[38;2;45;202;248;48;2;45;202;248m▀[m[38;2;6;175;245;48;2;6;175;245m▀[m[38;2;6;175;245;48;2;6;175;245m▀[m[38;2;6;175;245;48;2;6;175;245m▀[m[38;2;6;175;245;48;2;6;175;245m▀[m[38;2;6;175;245;48;2;6;175;245m▀[m[38;2;6;175;245;48;2;6;175;245m▀[m[38;2;6;175;245;48;2;8;146;223m▀[m[38;2;8;146;223;48;2;8;146;223m▀[m[38;2;8;146;223;48;2;8;146;223m▀[m[38;2;8;146;223;48;2;8;146;223m▀[m[38;2;8;146;223;48;2;8;146;223m▀[m[38;2;8;146;223;48;2;8;146;223m▀[m[38;2;8;146;223;48;2;8;146;223m▀[m[38;2;32;158;189;48;2;32;158;189m▀[m[38;2;55;70;87;48;2;61;63;71m▀[m[38;2;75;79;88;48;2;75;79;88m▀[m[38;2;55;70;87;48;2;61;63;71m▀[m[38;2;75;79;88;48;2;75;79;88m▀[m[38;2;80;84;92;48;2;55;70;87m▀[m           [38;2;78;88;98;48;2;78;88;98m▀[m[38;2;36;200;249;48;2;5;174;245m▀[m[38;2;36;200;249;48;2;5;174;245m▀[m[38;2;24;148;197;48;2;24;148;197m▀[m[38;2;36;200;249;48;2;36;200;249m▀[m[38;2;5;174;245;48;2;5;174;245m▀[m[38;2;5;174;245;48;2;5;174;245m▀[m[38;2;5;174;245;48;2;5;174;245m▀[m[38;2;5;174;245;48;2;16;154;222m▀[m[38;2;16;154;222;48;2;113;127;138m▀[m[38;2;113;127;138;48;2;75;79;89m▀[m[38;2;113;127;138;48;2;75;79;89m▀[m[38;2;112;114;119;48;2;45;65;88m▀[m[38;2;75;79;89;48;2;45;65;88m▀[m[38;2;52;58;67;48;2;75;79;89m▀[m[38;2;52;58;67;48;2;51;90;119m▀[m[38;2;36;200;249;48;2;5;174;245m▀[m[38;2;154;235;253;48;2;5;174;245m▀[m[38;2;154;235;253;48;2;5;174;245m▀[m[38;2;36;200;249;48;2;16;154;222m▀[m[38;2;36;200;249;48;2;5;122;206m▀[m[38;2;24;148;197;48;2;24;148;197m▀[m
  [38;2;143;137;122;48;2;63;65;66m▀[m[38;2;58;132;167;48;2;59;126;161m▀[m[38;2;58;132;167;48;2;51;111;143m▀[m[38;2;112;201;221;48;2;79;171;200m▀[m[38;2;159;212;226;48;2;72;149;179m▀[m[38;2;58;132;167;48;2;58;132;167m▀[m[38;2;107;181;204;48;2;79;171;200m▀[m[38;2;79;171;200;48;2;59;126;161m▀[m[38;2;58;132;167;48;2;51;111;143m▀[m[38;2;59;126;161;48;2;46;86;112m▀[m[38;2;59;126;161;48;2;51;111;143m▀[m[38;2;59;126;161;48;2;51;111;143m▀[m[38;2;59;126;161;48;2;51;111;143m▀[m[38;2;59;126;161;48;2;51;111;143m▀[m[38;2;51;111;143;48;2;46;86;112m▀[m[38;2;46;86;112;48;2;46;86;112m▀[m[38;2;46;86;112;48;2;46;86;112m▀[m[38;2;46;86;112;48;2;46;86;112m▀[m[38;2;51;111;143;48;2;51;111;143m▀[m[38;2;59;126;161;48;2;51;111;143m▀[m[38;2;86;160;182;48;2;79;171;200m▀[m[38;2;53;57;60m▄[m[38;2;81;83;83;48;2;81;83;83m▀[m[38;2;63;65;66m▀[m             [38;2;45;202;248;48;2;45;202;248m▀[m[38;2;6;175;245;48;2;6;175;245m▀[m[38;2;6;175;245;48;2;45;202;248m▀[m[38;2;45;202;248;48;2;32;158;189m▀[m[38;2;71;187;219;48;2;17;108;168m▀[m[38;2;71;187;219;48;2;50;93;115m▀[m[38;2;45;202;248;48;2;71;187;219m▀[m[38;2;8;146;223;48;2;6;175;245m▀[m[38;2;8;146;223;48;2;8;146;223m▀[m[38;2;6;175;245;48;2;8;146;223m▀[m[38;2;6;175;245;48;2;8;146;223m▀[m[38;2;8;146;223;48;2;4;122;205m▀[m[38;2;8;146;223;48;2;4;122;205m▀[m[38;2;8;146;223;48;2;4;122;205m▀[m[38;2;4;122;205;48;2;4;122;205m▀[m[38;2;4;122;205;48;2;4;122;205m▀[m[38;2;4;122;205;48;2;4;122;205m▀[m[38;2;4;122;205;48;2;4;122;205m▀[m[38;2;32;158;189;48;2;17;108;168m▀[m[38;2;98;103;113m▄[m[38;2;61;63;71m▄[m[38;2;55;70;87m▄[m[38;2;84;90;101;48;2;84;90;101m▀[m[38;2;75;79;88;48;2;75;79;88m▀[m           [38;2;78;88;98;48;2;78;88;98m▀[m[38;2;5;174;245;48;2;5;174;245m▀[m[38;2;5;174;245;48;2;5;174;245m▀[m[38;2;45;65;88;48;2;92;102;113m▀[m[38;2;16;154;222;48;2;112;114;119m▀[m[38;2;16;154;222;48;2;112;114;119m▀[m[38;2;16;154;222;48;2;112;114;119m▀[m[38;2;16;154;222;48;2;112;114;119m▀[m[38;2;20;113;172;48;2;112;114;119m▀[m[38;2;92;102;113;48;2;112;114;119m▀[m[38;2;24;148;197;48;2;24;148;197m▀[m[38;2;154;235;253;48;2;5;174;245m▀[m[38;2;5;174;245;48;2;16;154;222m▀[m[38;2;5;174;245;48;2;5;122;206m▀[m[38;2;20;113;172;48;2;24;148;197m▀[m[38;2;51;90;119;48;2;24;148;197m▀[m[38;2;5;174;245;48;2;5;174;245m▀[m[38;2;5;174;245;48;2;5;174;245m▀[m[38;2;5;174;245;48;2;5;174;245m▀[m[38;2;5;122;206;48;2;5;122;206m▀[m[38;2;16;154;222;48;2;113;127;138m▀[m[38;2;24;148;197;48;2;75;79;89m▀[m
   [38;2;72;149;179;48;2;58;132;167m▀[m[38;2;46;86;112;48;2;51;111;143m▀[m[38;2;86;160;182;48;2;46;86;112m▀[m[38;2;72;149;179;48;2;79;171;200m▀[m[38;2;51;111;143;48;2;51;111;143m▀[m[38;2;72;149;179;48;2;72;149;179m▀[m[38;2;51;111;143;48;2;51;111;143m▀[m[38;2;46;86;112;48;2;53;57;60m▀[m[38;2;46;86;112;48;2;53;57;60m▀[m[38;2;46;86;112;48;2;53;57;60m▀[m[38;2;46;86;112;48;2;51;111;143m▀[m[38;2;86;160;182;48;2;159;212;226m▀[m[38;2;107;181;204;48;2;107;181;204m▀[m[38;2;51;111;143;48;2;53;90;108m▀[m[38;2;46;86;112;48;2;53;57;60m▀[m[38;2;51;111;143;48;2;53;57;60m▀[m[38;2;51;111;143;48;2;53;57;60m▀[m[38;2;51;111;143;48;2;53;90;108m▀[m[38;2;59;126;161;48;2;51;111;143m▀[m[38;2;59;126;161;48;2;51;111;143m▀[m[38;2;79;171;200;48;2;79;171;200m▀[m[38;2;53;57;60;48;2;72;149;179m▀[m[38;2;81;83;83;48;2;58;132;167m▀[m[38;2;81;83;83;48;2;113;114;111m▀[m[38;2;73;78;78;48;2;81;83;83m▀[m[38;2;63;65;66m▄[m          [38;2;45;202;248;48;2;45;202;248m▀[m[38;2;6;175;245;48;2;6;175;245m▀[m[38;2;45;202;248;48;2;45;202;248m▀[m[38;2;32;158;189;48;2;32;158;189m▀[m[38;2;45;202;248;48;2;8;146;223m▀[m[38;2;8;146;223;48;2;17;108;168m▀[m[38;2;50;93;115;48;2;32;158;189m▀[m[38;2;71;187;219;48;2;8;146;223m▀[m[38;2;8;146;223;48;2;8;146;223m▀[m[38;2;8;146;223;48;2;8;146;223m▀[m[38;2;8;146;223;48;2;8;146;223m▀[m[38;2;4;122;205;48;2;4;122;205m▀[m[38;2;8;146;223;48;2;160;162;168m▀[m[38;2;160;162;168;48;2;109;111;118m▀[m[38;2;140;140;147;48;2;51;78;99m▀[m[38;2;140;140;147;48;2;50;93;115m▀[m[38;2;118;124;133;48;2;50;93;115m▀[m[38;2;84;90;101;48;2;75;79;88m▀[m[38;2;84;90;101;48;2;84;90;101m▀[m[38;2;109;111;118;48;2;84;90;101m▀[m[38;2;75;79;88;48;2;17;108;168m▀[m[38;2;61;63;71;48;2;75;79;88m▀[m[38;2;51;78;99;48;2;75;79;88m▀[m[38;2;80;84;92m▀[m          [38;2;51;90;119m▄[m[38;2;64;68;78;48;2;92;102;113m▀[m[38;2;5;174;245;48;2;45;65;88m▀[m[38;2;20;113;172;48;2;150;152;157m▀[m[38;2;51;90;119;48;2;129;132;138m▀[m[38;2;24;148;197;48;2;51;90;119m▀[m[38;2;24;148;197;48;2;112;114;119m▀[m[38;2;24;148;197;48;2;150;152;157m▀[m[38;2;20;113;172;48;2;16;154;222m▀[m[38;2;20;113;172;48;2;5;174;245m▀[m[38;2;113;127;138;48;2;20;113;172m▀[m[38;2;24;148;197;48;2;113;127;138m▀[m[38;2;5;174;245;48;2;72;164;199m▀[m[38;2;16;154;222;48;2;20;113;172m▀[m[38;2;5;122;206;48;2;20;113;172m▀[m[38;2;37;116;151;48;2;45;65;88m▀[m[38;2;45;65;88;48;2;45;65;88m▀[m[38;2;20;113;172;48;2;75;79;89m▀[m[38;2;5;174;245;48;2;20;113;172m▀[m[38;2;5;174;245;48;2;5;122;206m▀[m[38;2;24;148;197;48;2;24;148;197m▀[m[38;2;150;152;157;48;2;112;114;119m▀[m[38;2;72;164;199;48;2;72;164;199m▀[m[38;2;64;68;78;48;2;64;68;78m▀[m
   [38;2;53;90;108;48;2;159;159;151m▀[m[38;2;59;126;161;48;2;53;90;108m▀[m[38;2;53;90;108;48;2;46;86;112m▀[m[38;2;58;132;167;48;2;46;86;112m▀[m[38;2;51;111;143;48;2;72;149;179m▀[m[38;2;51;111;143;48;2;51;111;143m▀[m[38;2;46;86;112;48;2;46;86;112m▀[m[38;2;53;57;60;48;2;53;57;60m▀[m[38;2;53;57;60;48;2;81;83;83m▀[m[38;2;46;86;112;48;2;46;86;112m▀[m[38;2;53;90;108;48;2;53;90;108m▀[m[38;2;51;111;143;48;2;53;90;108m▀[m[38;2;100;107;105;48;2;159;159;151m▀[m[38;2;113;114;111;48;2;113;114;111m▀[m[38;2;113;114;111;48;2;113;114;111m▀[m[38;2;81;83;83;48;2;63;65;66m▀[m[38;2;113;114;111;48;2;63;65;66m▀[m[38;2;81;83;83;48;2;81;83;83m▀[m[38;2;53;57;60;48;2;53;57;60m▀[m[38;2;51;111;143;48;2;51;111;143m▀[m[38;2;58;132;167;48;2;59;126;161m▀[m[38;2;72;149;179;48;2;59;126;161m▀[m[38;2;72;149;179;48;2;58;132;167m▀[m[38;2;53;90;108;48;2;79;104;113m▀[m[38;2;113;114;111;48;2;81;83;83m▀[m[38;2;81;83;83;48;2;81;83;83m▀[m[38;2;73;78;78;48;2;63;65;66m▀[m        [38;2;120;120;126m▄[m[38;2;45;202;248;48;2;17;108;168m▀[m[38;2;6;175;245;48;2;6;175;245m▀[m[38;2;6;175;245;48;2;8;146;223m▀[m[38;2;71;187;219;48;2;8;146;223m▀[m[38;2;50;93;115;48;2;8;146;223m▀[m[38;2;32;158;189;48;2;8;146;223m▀[m[38;2;45;202;248;48;2;4;122;205m▀[m[38;2;17;108;168;48;2;118;124;133m▀[m[38;2;4;122;205;48;2;118;124;133m▀[m[38;2;8;146;223;48;2;4;122;205m▀[m[38;2;8;146;223;48;2;8;146;223m▀[m[38;2;98;103;113;48;2;98;103;113m▀[m[38;2;118;124;133;48;2;84;90;101m▀[m[38;2;51;78;99;48;2;75;79;88m▀[m[38;2;17;108;168;48;2;140;140;147m▀[m[38;2;17;108;168;48;2;140;140;147m▀[m[38;2;17;108;168;48;2;140;140;147m▀[m[38;2;84;90;101;48;2;109;111;118m▀[m[38;2;84;90;101;48;2;75;79;88m▀[m[38;2;17;108;168;48;2;84;90;101m▀[m[38;2;84;90;101;48;2;75;79;88m▀[m[38;2;75;79;88;48;2;140;140;147m▀[m[38;2;75;79;88;48;2;140;140;147m▀[m[38;2;61;63;71;48;2;84;90;101m▀[m[38;2;80;84;92m▄[m         [38;2;129;132;138;48;2;51;90;119m▀[m[38;2;45;89;120;48;2;20;113;172m▀[m[38;2;150;152;157;48;2;75;79;89m▀[m[38;2;45;65;88;48;2;5;122;206m▀[m[38;2;20;113;172;48;2;5;174;245m▀[m[38;2;20;113;172;48;2;5;174;245m▀[m[38;2;45;89;120;48;2;16;154;222m▀[m[38;2;75;79;89;48;2;112;114;119m▀[m[38;2;150;152;157;48;2;92;102;113m▀[m[38;2;5;122;206;48;2;112;114;119m▀[m[38;2;5;122;206;48;2;20;113;172m▀[m[38;2;45;89;120;48;2;36;200;249m▀[m[38;2;20;113;172;48;2;154;235;253m▀[m[38;2;24;148;197;48;2;5;174;245m▀[m[38;2;45;89;120;48;2;5;174;245m▀[m[38;2;20;113;172;48;2;16;154;222m▀[m[38;2;20;113;172;48;2;5;122;206m▀[m[38;2;20;113;172;48;2;20;113;172m▀[m[38;2;75;79;89;48;2;45;89;120m▀[m[38;2;20;113;172;48;2;75;79;89m▀[m[38;2;20;113;172;48;2;20;113;172m▀[m[38;2;75;79;89;48;2;51;90;119m▀[m[38;2;75;79;89;48;2;78;88;98m▀[m
   [38;2;113;114;111;48;2;73;78;78m▀[m[38;2;79;104;113;48;2;81;83;83m▀[m[38;2;51;111;143;48;2;53;90;108m▀[m[38;2;46;86;112;48;2;51;111;143m▀[m[38;2;79;171;200;48;2;72;149;179m▀[m[38;2;51;111;143;48;2;72;149;179m▀[m[38;2;46;86;112;48;2;46;86;112m▀[m[38;2;53;57;60;48;2;46;86;112m▀[m[38;2;81;83;83;48;2;46;86;112m▀[m[38;2;46;86;112;48;2;46;86;112m▀[m[38;2;53;90;108;48;2;63;65;66m▀[m[38;2;159;159;151;48;2;159;159;151m▀[m[38;2;159;159;151;48;2;139;136;125m▀[m[38;2;113;114;111;48;2;63;65;66m▀[m[38;2;63;65;66;48;2;46;86;112m▀[m[38;2;53;57;60;48;2;81;83;83m▀[m[38;2;53;57;60;48;2;81;83;83m▀[m[38;2;63;65;66;48;2;63;65;66m▀[m[38;2;63;65;66;48;2;53;57;60m▀[m[38;2;58;132;167;48;2;51;111;143m▀[m[38;2;51;111;143;48;2;59;126;161m▀[m[38;2;51;111;143;48;2;72;149;179m▀[m[38;2;51;111;143;48;2;58;132;167m▀[m[38;2;63;65;66;48;2;53;57;60m▀[m[38;2;53;57;60;48;2;113;114;111m▀[m[38;2;53;57;60;48;2;81;83;83m▀[m[38;2;73;78;78m▀[m       [38;2;120;120;126;48;2;140;140;147m▀[m[38;2;160;162;168;48;2;140;140;147m▀[m[38;2;50;93;115;48;2;140;140;147m▀[m[38;2;8;146;223;48;2;109;111;118m▀[m[38;2;8;146;223;48;2;50;93;115m▀[m[38;2;8;146;223;48;2;32;158;189m▀[m[38;2;8;146;223;48;2;50;93;115m▀[m[38;2;4;122;205;48;2;50;93;115m▀[m[38;2;4;122;205;48;2;50;93;115m▀[m[38;2;4;122;205;48;2;50;93;115m▀[m[38;2;17;108;168;48;2;50;93;115m▀[m[38;2;17;108;168;48;2;98;103;113m▀[m[38;2;17;108;168;48;2;160;162;168m▀[m[38;2;140;140;147;48;2;140;140;147m▀[m[38;2;98;103;113;48;2;55;70;87m▀[m[38;2;160;162;168;48;2;160;162;168m▀[m[38;2;160;162;168;48;2;180;226;239m▀[m[38;2;160;162;168;48;2;140;140;147m▀[m[38;2;109;111;118;48;2;75;79;88m▀[m[38;2;75;79;88;48;2;98;103;113m▀[m[38;2;75;79;88;48;2;75;79;88m▀[m[38;2;55;70;87;48;2;61;63;71m▀[m[38;2;84;90;101;48;2;84;90;101m▀[m[38;2;140;140;147;48;2;109;111;118m▀[m[38;2;75;79;88;48;2;160;162;168m▀[m[38;2;75;79;88;48;2;4;122;205m▀[m[38;2;80;84;92;48;2;80;84;92m▀[m         [38;2;72;164;199;48;2;113;127;138m▀[m[38;2;51;90;119;48;2;51;90;119m▀[m[38;2;45;65;88;48;2;92;102;113m▀[m[38;2;5;174;245;48;2;36;200;249m▀[m[38;2;16;154;222;48;2;5;122;206m▀[m[38;2;16;154;222;48;2;5;122;206m▀[m[38;2;5;174;245;48;2;36;200;249m▀[m[38;2;20;113;172;48;2;5;122;206m▀[m[38;2;52;58;67;48;2;52;58;67m▀[m[38;2;112;114;119;48;2;75;79;89m▀[m[38;2;24;148;197;48;2;20;113;172m▀[m[38;2;5;174;245;48;2;5;174;245m▀[m[38;2;5;174;245;48;2;5;174;245m▀[m[38;2;5;174;245;48;2;16;154;222m▀[m[38;2;72;164;199;48;2;150;152;157m▀[m[38;2;112;114;119;48;2;52;58;67m▀[m[38;2;75;79;89;48;2;52;58;67m▀[m[38;2;52;58;67;48;2;52;58;67m▀[m[38;2;20;113;172;48;2;75;79;89m▀[m[38;2;112;114;119;48;2;52;58;67m▀[m[38;2;52;58;67;48;2;113;127;138m▀[m[38;2;52;58;67;48;2;75;79;89m▀[m[38;2;64;68;78;48;2;52;58;67m▀[m
   [38;2;63;65;66m▄[m[38;2;81;83;83;48;2;100;107;105m▀[m[38;2;81;83;83;48;2;53;57;60m▀[m[38;2;51;111;143;48;2;53;57;60m▀[m[38;2;58;132;167;48;2;53;57;60m▀[m[38;2;51;111;143;48;2;79;104;113m▀[m[38;2;46;86;112;48;2;63;65;66m▀[m[38;2;46;86;112;48;2;53;57;60m▀[m[38;2;46;86;112;48;2;53;90;108m▀[m[38;2;46;86;112;48;2;53;57;60m▀[m[38;2;63;65;66;48;2;81;83;83m▀[m[38;2;139;136;125;48;2;81;83;83m▀[m[38;2;139;136;125;48;2;113;114;111m▀[m[38;2;63;65;66;48;2;63;65;66m▀[m[38;2;46;86;112;48;2;53;57;60m▀[m[38;2;81;83;83;48;2;100;107;105m▀[m[38;2;53;57;60;48;2;159;159;151m▀[m[38;2;53;57;60;48;2;113;114;111m▀[m[38;2;53;57;60;48;2;81;83;83m▀[m[38;2;51;111;143;48;2;63;65;66m▀[m[38;2;58;132;167;48;2;59;126;161m▀[m[38;2;58;132;167;48;2;53;57;60m▀[m[38;2;53;90;108;48;2;63;65;66m▀[m[38;2;81;83;83;48;2;81;83;83m▀[m[38;2;113;114;111;48;2;113;114;111m▀[m[38;2;81;83;83;48;2;81;83;83m▀[m[38;2;63;65;66;48;2;53;57;60m▀[m       [38;2;118;124;133;48;2;61;63;71m▀[m[38;2;140;140;147;48;2;140;140;147m▀[m[38;2;140;140;147;48;2;140;140;147m▀[m[38;2;140;140;147;48;2;98;103;113m▀[m[38;2;160;162;168;48;2;61;63;71m▀[m[38;2;160;162;168;48;2;55;70;87m▀[m[38;2;160;162;168;48;2;55;70;87m▀[m[38;2;160;162;168;48;2;61;63;71m▀[m[38;2;160;162;168;48;2;61;63;71m▀[m[38;2;160;162;168;48;2;140;140;147m▀[m[38;2;160;162;168;48;2;140;140;147m▀[m[38;2;140;140;147;48;2;140;140;147m▀[m[38;2;140;140;147;48;2;140;140;147m▀[m[38;2;109;111;118;48;2;109;111;118m▀[m[38;2;61;63;71;48;2;55;70;87m▀[m[38;2;140;140;147;48;2;140;140;147m▀[m[38;2;160;162;168;48;2;140;140;147m▀[m[38;2;84;90;101;48;2;75;79;88m▀[m[38;2;140;140;147;48;2;118;124;133m▀[m[38;2;8;146;223;48;2;4;122;205m▀[m[38;2;75;79;88;48;2;75;79;88m▀[m[38;2;61;63;71;48;2;61;63;71m▀[m[38;2;84;90;101;48;2;75;79;88m▀[m[38;2;109;111;118;48;2;109;111;118m▀[m[38;2;71;187;219;48;2;109;111;118m▀[m[38;2;4;122;205;48;2;109;111;118m▀[m[38;2;80;84;92;48;2;80;84;92m▀[m         [38;2;92;102;113;48;2;92;102;113m▀[m[38;2;51;90;119;48;2;92;102;113m▀[m[38;2;45;65;88;48;2;52;58;67m▀[m[38;2;5;174;245;48;2;5;122;206m▀[m[38;2;5;122;206;48;2;36;200;249m▀[m[38;2;16;154;222;48;2;36;200;249m▀[m[38;2;5;174;245;48;2;20;113;172m▀[m[38;2;20;113;172;48;2;52;58;67m▀[m[38;2;75;79;89;48;2;112;114;119m▀[m[38;2;75;79;89;48;2;45;89;120m▀[m[38;2;52;58;67;48;2;78;88;98m▀[m[38;2;113;127;138;48;2;78;88;98m▀[m[38;2;150;152;157;48;2;52;58;67m▀[m[38;2;150;152;157;48;2;52;58;67m▀[m[38;2;52;58;67;48;2;52;58;67m▀[m[38;2;150;152;157;48;2;150;152;157m▀[m[38;2;72;164;199;48;2;16;154;222m▀[m[38;2;75;79;89;48;2;75;79;89m▀[m[38;2;64;68;78;48;2;64;68;78m▀[m[38;2;52;58;67;48;2;52;58;67m▀[m[38;2;150;152;157;48;2;113;127;138m▀[m[38;2;72;164;199;48;2;5;122;206m▀[m[38;2;64;68;78;48;2;64;68;78m▀[m
  [38;2;73;78;78m▄[m[38;2;159;159;151;48;2;113;114;111m▀[m[38;2;139;136;125;48;2;113;114;111m▀[m[38;2;81;83;83;48;2;81;83;83m▀[m[38;2;63;65;66;48;2;53;57;60m▀[m[38;2;53;57;60;48;2;63;65;66m▀[m[38;2;113;114;111m▀[m[38;2;113;114;111;48;2;73;78;78m▀[m[38;2;159;159;151;48;2;63;65;66m▀[m[38;2;113;114;111;48;2;63;65;66m▀[m[38;2;81;83;83;48;2;63;65;66m▀[m[38;2;81;83;83;48;2;63;65;66m▀[m[38;2;53;57;60;48;2;63;65;66m▀[m[38;2;53;57;60;48;2;63;65;66m▀[m[38;2;81;83;83;48;2;63;65;66m▀[m[38;2;63;65;66;48;2;63;65;66m▀[m[38;2;113;114;111;48;2;113;114;111m▀[m[38;2;159;159;151;48;2;100;107;105m▀[m[38;2;113;114;111;48;2;81;83;83m▀[m[38;2;81;83;83;48;2;81;83;83m▀[m[38;2;81;83;83;48;2;81;83;83m▀[m[38;2;63;65;66m▀[m[38;2;63;65;66m▀[m[38;2;63;65;66m▀[m[38;2;81;83;83;48;2;53;57;60m▀[m[38;2;81;83;83;48;2;81;83;83m▀[m[38;2;81;83;83;48;2;81;83;83m▀[m[38;2;81;83;83;48;2;81;83;83m▀[m[38;2;63;65;66m▄[m       [38;2;75;79;88;48;2;98;103;113m▀[m[38;2;55;70;87;48;2;84;90;101m▀[m[38;2;61;63;71;48;2;61;63;71m▀[m[38;2;140;140;147;48;2;55;70;87m▀[m[38;2;140;140;147;48;2;17;108;168m▀[m[38;2;140;140;147;48;2;17;108;168m▀[m[38;2;140;140;147;48;2;17;108;168m▀[m[38;2;109;111;118;48;2;118;124;133m▀[m[38;2;55;70;87;48;2;55;70;87m▀[m[38;2;118;124;133;48;2;84;90;101m▀[m[38;2;140;140;147;48;2;84;90;101m▀[m[38;2;140;140;147;48;2;84;90;101m▀[m[38;2;84;90;101;48;2;75;79;88m▀[m[38;2;55;70;87;48;2;61;63;71m▀[m[38;2;75;79;88;48;2;109;111;118m▀[m[38;2;75;79;88;48;2;75;79;88m▀[m[38;2;84;90;101;48;2;61;63;71m▀[m[38;2;75;79;88;48;2;55;70;87m▀[m[38;2;84;90;101;48;2;61;63;71m▀[m[38;2;75;79;88;48;2;80;84;92m▀[m[38;2;61;63;71m▀[m[38;2;75;79;88;48;2;80;84;92m▀[m[38;2;75;79;88;48;2;61;63;71m▀[m[38;2;75;79;88;48;2;61;63;71m▀[m[38;2;61;63;71;48;2;61;63;71m▀[m          [38;2;78;88;98;48;2;78;88;98m▀[m[38;2;75;79;89;48;2;113;127;138m▀[m[38;2;112;114;119;48;2;64;68;78m▀[m[38;2;92;102;113;48;2;113;127;138m▀[m[38;2;37;116;151;48;2;113;127;138m▀[m[38;2;51;90;119;48;2;113;127;138m▀[m[38;2;64;68;78;48;2;75;79;89m▀[m[38;2;112;114;119;48;2;45;65;88m▀[m[38;2;75;79;89;48;2;45;89;120m▀[m[38;2;52;58;67;48;2;52;58;67m▀[m[38;2;45;65;88;48;2;52;58;67m▀[m[38;2;78;88;98m▀[m[38;2;92;102;113m▀[m[38;2;112;114;119;48;2;112;114;119m▀[m[38;2;92;102;113;48;2;75;79;89m▀[m[38;2;75;79;89;48;2;45;65;88m▀[m[38;2;75;79;89;48;2;92;102;113m▀[m[38;2;64;68;78m▀[m[38;2;64;68;78m▀[m[38;2;75;79;89;48;2;64;68;78m▀[m[38;2;75;79;89;48;2;64;68;78m▀[m[38;2;45;65;88;48;2;52;58;67m▀[m[38;2;113;127;138m▄[m
 [38;2;113;114;111m▄[m[38;2;113;114;111;48;2;159;159;151m▀[m[38;2;159;159;151;48;2;81;83;83m▀[m[38;2;113;114;111;48;2;113;114;111m▀[m[38;2;81;83;83;48;2;81;83;83m▀[m[38;2;53;57;60;48;2;81;83;83m▀[m[38;2;73;78;78;48;2;73;78;78m▀[m     [38;2;63;65;66m▀[m[38;2;63;65;66m▀[m[38;2;81;83;83m▀[m[38;2;63;65;66m▀[m[38;2;73;78;78m▄[m[38;2;81;83;83;48;2;139;136;125m▀[m[38;2;159;159;151;48;2;113;114;111m▀[m[38;2;113;114;111;48;2;113;114;111m▀[m[38;2;81;83;83;48;2;81;83;83m▀[m[38;2;81;83;83;48;2;81;83;83m▀[m[38;2;63;65;66;48;2;81;83;83m▀[m  [38;2;63;65;66;48;2;53;57;60m▀[m[38;2;81;83;83;48;2;53;57;60m▀[m[38;2;113;114;111;48;2;100;107;105m▀[m[38;2;81;83;83;48;2;113;114;111m▀[m[38;2;81;83;83;48;2;63;65;66m▀[m[38;2;73;78;78m▄[m    [38;2;80;84;92m▄[m[38;2;61;63;71;48;2;109;111;118m▀[m[38;2;160;162;168;48;2;118;124;133m▀[m[38;2;160;162;168;48;2;109;111;118m▀[m[38;2;75;79;88;48;2;75;79;88m▀[m[38;2;61;63;71;48;2;61;63;71m▀[m[38;2;55;70;87m▀[m[38;2;51;78;99;48;2;80;84;92m▀[m[38;2;51;78;99;48;2;61;63;71m▀[m[38;2;109;111;118;48;2;61;63;71m▀[m[38;2;84;90;101;48;2;61;63;71m▀[m[38;2;75;79;88;48;2;80;84;92m▀[m[38;2;84;90;101;48;2;80;84;92m▀[m[38;2;84;90;101;48;2;80;84;92m▀[m[38;2;55;70;87;48;2;120;120;126m▀[m[38;2;160;162;168;48;2;160;162;168m▀[m[38;2;160;162;168;48;2;118;124;133m▀[m[38;2;160;162;168;48;2;109;111;118m▀[m[38;2;75;79;88;48;2;75;79;88m▀[m[38;2;61;63;71;48;2;55;70;87m▀[m[38;2;118;124;133;48;2;80;84;92m▀[m   [38;2;84;90;101;48;2;84;90;101m▀[m[38;2;109;111;118;48;2;140;140;147m▀[m[38;2;84;90;101;48;2;109;111;118m▀[m[38;2;75;79;88;48;2;84;90;101m▀[m[38;2;80;84;92m▄[m        [38;2;150;152;157;48;2;150;152;157m▀[m[38;2;150;152;157;48;2;113;127;138m▀[m[38;2;75;79;89;48;2;75;79;89m▀[m[38;2;52;58;67;48;2;64;68;78m▀[m[38;2;75;79;89;48;2;78;88;98m▀[m[38;2;75;79;89;48;2;52;58;67m▀[m[38;2;75;79;89;48;2;52;58;67m▀[m[38;2;52;58;67;48;2;78;88;98m▀[m[38;2;45;89;120m▀[m[38;2;64;68;78m▀[m  [38;2;64;68;78;48;2;129;132;138m▀[m[38;2;150;152;157;48;2;150;152;157m▀[m[38;2;150;152;157;48;2;112;114;119m▀[m[38;2;75;79;89;48;2;75;79;89m▀[m[38;2;75;79;89;48;2;64;68;78m▀[m   [38;2;75;79;89;48;2;45;65;88m▀[m[38;2;112;114;119;48;2;112;114;119m▀[m[38;2;75;79;89;48;2;75;79;89m▀[m
[38;2;63;65;66m▀[m[38;2;100;107;105m▀[m[38;2;159;159;151m▀[m[38;2;100;107;105m▀[m[38;2;139;136;125m▀[m[38;2;53;57;60m▀[m[38;2;63;65;66m▀[m         [38;2;73;78;78m▄[m[38;2;100;107;105;48;2;159;159;151m▀[m[38;2;79;104;113;48;2;79;104;113m▀[m[38;2;159;159;151;48;2;159;159;151m▀[m[38;2;81;83;83;48;2;81;83;83m▀[m[38;2;100;107;105;48;2;159;159;151m▀[m[38;2;81;83;83;48;2;81;83;83m▀[m[38;2;113;114;111;48;2;53;57;60m▀[m            [38;2;61;63;71;48;2;109;111;118m▀[m[38;2;109;111;118;48;2;75;79;88m▀[m[38;2;140;140;147;48;2;109;111;118m▀[m[38;2;109;111;118;48;2;75;79;88m▀[m[38;2;75;79;88;48;2;75;79;88m▀[m[38;2;61;63;71m▄[m   [38;2;61;63;71m▀[m[38;2;61;63;71m▀[m  [38;2;80;84;92m▄[m[38;2;140;140;147;48;2;109;111;118m▀[m[38;2;140;140;147;48;2;75;79;88m▀[m[38;2;160;162;168;48;2;109;111;118m▀[m[38;2;84;90;101;48;2;84;90;101m▀[m[38;2;84;90;101;48;2;84;90;101m▀[m[38;2;61;63;71;48;2;61;63;71m▀[m   [38;2;61;63;71m▄[m[38;2;84;90;101;48;2;84;90;101m▀[m[38;2;109;111;118;48;2;84;90;101m▀[m[38;2;84;90;101;48;2;75;79;88m▀[m[38;2;109;111;118;48;2;75;79;88m▀[m[38;2;61;63;71;48;2;61;63;71m▀[m      [38;2;78;88;98m▄[m[38;2;150;152;157;48;2;112;114;119m▀[m[38;2;150;152;157;48;2;112;114;119m▀[m[38;2;112;114;119;48;2;112;114;119m▀[m[38;2;75;79;89;48;2;75;79;89m▀[m[38;2;52;58;67m▄[m   [38;2;75;79;89;48;2;75;79;89m▀[m[38;2;75;79;89;48;2;75;79;89m▀[m  [38;2;78;88;98m▄[m[38;2;150;152;157;48;2;112;114;119m▀[m[38;2;150;152;157;48;2;92;102;113m▀[m[38;2;112;114;119;48;2;75;79;89m▀[m[38;2;75;79;89;48;2;75;79;89m▀[m[38;2;150;152;157;48;2;75;79;89m▀[m  [38;2;78;88;98m▄[m[38;2;52;58;67;48;2;150;152;157m▀[m[38;2;112;114;119;48;2;112;114;119m▀[m[38;2;75;79;89;48;2;75;79;89m▀[m[38;2;52;58;67m▄[m
                   [38;2;73;78;78m▀[m [38;2;73;78;78m▀[m             [38;2;120;120;126m▀[m[38;2;140;140;147;48;2;80;84;92m▀[m[38;2;160;162;168;48;2;80;84;92m▀[m[38;2;160;162;168;48;2;80;84;92m▀[m[38;2;75;79;88;48;2;80;84;92m▀[m[38;2;75;79;88;48;2;80;84;92m▀[m[38;2;75;79;88;48;2;80;84;92m▀[m       [38;2;160;162;168;48;2;61;63;71m▀[m[38;2;140;140;147;48;2;61;63;71m▀[m[38;2;160;162;168;48;2;61;63;71m▀[m[38;2;160;162;168;48;2;61;63;71m▀[m[38;2;75;79;88;48;2;61;63;71m▀[m[38;2;75;79;88;48;2;61;63;71m▀[m[38;2;61;63;71;48;2;80;84;92m▀[m   [38;2;109;111;118;48;2;80;84;92m▀[m[38;2;109;111;118;48;2;80;84;92m▀[m[38;2;140;140;147;48;2;80;84;92m▀[m[38;2;75;79;88m▀[m[38;2;75;79;88;48;2;80;84;92m▀[m[38;2;61;63;71m▀[m      [38;2;129;132;138m▀[m[38;2;129;132;138m▀[m[38;2;150;152;157m▀[m[38;2;75;79;89m▀[m[38;2;75;79;89m▀[m[38;2;75;79;89m▀[m       [38;2;150;152;157;48;2;129;132;138m▀[m[38;2;92;102;113;48;2;64;68;78m▀[m[38;2;150;152;157;48;2;129;132;138m▀[m[38;2;113;127;138;48;2;52;58;67m▀[m[38;2;75;79;89;48;2;52;58;67m▀[m[38;2;75;79;89;48;2;52;58;67m▀[m   [38;2;78;88;98m▀[m[38;2;78;88;98m▀[m[38;2;64;68;78m▀[m[38;2;78;88;98m▀[m

[1mflowcell[m                          [1mwavebank[m                          [1mtidalarray[m
                                                                                       [38;2;44;85;102m▄[m[38;2;81;93;88;48;2;33;182;230m▀[m[38;2;36;153;181;48;2;33;182;230m▀[m[38;2;49;150;182m▄[m[38;2;49;150;182m▄[m[38;2;36;153;181m▀[m
                                                       [38;2;57;87;107m▄[m[38;2;105;105;78m▄[m[38;2;10;69;128;48;2;82;118;142m▀[m[38;2;10;69;128;48;2;24;140;221m▀[m[38;2;10;69;128;48;2;24;140;221m▀[m[38;2;10;69;128;48;2;90;171;205m▀[m[38;2;10;69;128;48;2;24;140;221m▀[m[38;2;105;105;78m▄[m                [38;2;81;93;88m▄[m[38;2;46;77;113m▄[m[38;2;46;77;113;48;2;46;77;113m▀[m[38;2;46;77;113;48;2;22;57;99m▀[m[38;2;46;77;113;48;2;22;57;99m▀[m[38;2;46;77;113;48;2;22;57;99m▀[m[38;2;81;93;88;48;2;101;110;97m▀[m[38;2;167;181;160;48;2;204;215;196m▀[m[38;2;37;203;250;48;2;49;150;182m▀[m[38;2;37;203;250;48;2;37;203;250m▀[m[38;2;37;203;250;48;2;37;203;250m▀[m[38;2;37;203;250;48;2;66;175;212m▀[m[38;2;37;203;250;48;2;49;150;182m▀[m[38;2;44;85;102;48;2;44;85;102m▀[m [38;2;44;85;102;48;2;49;150;182m▀[m
                                                       [38;2;100;114;103;48;2;100;114;103m▀[m[38;2;105;105;78m▀[m[38;2;185;199;184;48;2;185;199;184m▀[m[38;2;9;79;148;48;2;10;69;128m▀[m[38;2;3;109;203;48;2;57;87;107m▀[m[38;2;24;104;174;48;2;57;87;107m▀[m[38;2;5;112;209;48;2;158;133;59m▀[m[38;2;212;179;70;48;2;212;179;70m▀[m[38;2;105;105;78;48;2;90;171;205m▀[m[38;2;3;109;203m▄[m             [38;2;44;85;102;48;2;46;77;113m▀[m[38;2;46;77;113;48;2;46;77;113m▀[m[38;2;46;77;113;48;2;81;93;88m▀[m[38;2;81;93;88m▀[m   [38;2;44;85;102m▀[m[38;2;81;93;88m▀[m[38;2;33;182;230m▀[m[38;2;33;182;230m▀[m[38;2;36;153;181m▀[m[38;2;44;85;102m▀[m [38;2;37;203;250m▄[m[38;2;36;153;181;48;2;37;203;250m▀[m[38;2;37;203;250;48;2;37;203;250m▀[m[38;2;37;203;250;48;2;37;203;250m▀[m[38;2;33;182;230;48;2;44;85;102m▀[m
 [38;2;59;97;140m▄[m[38;2;77;112;146m▄[m[38;2;56;68;82m▄[m         [38;2;56;68;82m▄[m[38;2;111;145;170m▄[m[38;2;62;73;87;48;2;97;105;107m▀[m[38;2;62;73;87;48;2;104;124;147m▀[m                   [38;2;8;118;227m▄[m[38;2;57;87;107m▄[m  [38;2;57;87;107m▄[m[38;2;24;104;174m▄[m   [38;2;5;112;209m▄[m[38;2;5;112;209m▄[m        [38;2;105;105;78m▀[m[38;2;104;153;170m▀[m[38;2;57;87;107m▀[m    [38;2;24;104;174m▀[m[38;2;5;112;209;48;2;162;157;101m▀[m[38;2;3;109;203;48;2;212;179;70m▀[m[38;2;105;105;78m▄[m           [38;2;44;85;102m▄[m[38;2;46;77;113;48;2;210;174;85m▀[m[38;2;46;77;113;48;2;166;125;59m▀[m     [38;2;44;85;102m▄[m[38;2;44;85;102;48;2;46;77;113m▀[m[38;2;22;57;99;48;2;46;77;113m▀[m[38;2;46;77;113;48;2;22;57;99m▀[m[38;2;46;77;113;48;2;22;57;99m▀[m[38;2;46;77;113;48;2;22;57;99m▀[m[38;2;167;181;160;48;2;204;215;196m▀[m[38;2;167;181;160;48;2;167;181;160m▀[m[38;2;37;203;250;48;2;37;203;250m▀[m[38;2;37;203;250;48;2;36;153;181m▀[m[38;2;37;203;250;48;2;36;153;181m▀[m[38;2;37;203;250;48;2;37;203;250m▀[m[38;2;36;153;181m▄[m
 [38;2;42;61;88;48;2;63;87;115m▀[m[38;2;63;87;115;48;2;110;98;62m▀[m[38;2;107;159;195;48;2;77;112;146m▀[m[38;2;77;112;146;48;2;77;112;146m▀[m[38;2;62;73;87;48;2;63;87;115m▀[m[38;2;84;95;104m▄[m[38;2;83;134;179m▄[m[38;2;74;121;168m▄[m[38;2;59;97;140m▄[m[38;2;42;61;88m▄[m[38;2;62;73;87;48;2;107;159;195m▀[m[38;2;111;145;170;48;2;77;112;146m▀[m[38;2;151;162;161;48;2;97;105;107m▀[m[38;2;97;105;107;48;2;159;148;100m▀[m[38;2;159;148;100;48;2;205;181;101m▀[m[38;2;111;145;170;48;2;104;124;147m▀[m   [38;2;56;68;82m▄[m[38;2;84;95;104;48;2;97;105;107m▀[m[38;2;84;95;104;48;2;97;105;107m▀[m[38;2;151;162;161;48;2;84;95;104m▀[m[38;2;97;105;107;48;2;151;162;161m▀[m[38;2;84;95;104;48;2;110;98;62m▀[m[38;2;62;73;87;48;2;151;162;161m▀[m[38;2;56;68;82m▄[m        [38;2;8;118;227;48;2;104;153;170m▀[m[38;2;24;104;174;48;2;5;112;209m▀[m[38;2;57;87;107;48;2;9;79;148m▀[m[38;2;82;118;142m▄[m[38;2;24;104;174;48;2;8;118;227m▀[m[38;2;3;109;203;48;2;24;140;221m▀[m[38;2;57;87;107;48;2;5;112;209m▀[m[38;2;10;69;128;48;2;24;140;221m▀[m[38;2;3;109;203;48;2;82;118;142m▀[m[38;2;5;112;209;48;2;212;179;70m▀[m[38;2;82;118;142;48;2;82;118;142m▀[m                [38;2;212;179;70;48;2;24;104;174m▀[m[38;2;212;179;70;48;2;24;104;174m▀[m[38;2;105;105;78;48;2;10;69;128m▀[m        [38;2;64;151;161m▄[m[38;2;44;85;102m▄[m[38;2;22;57;99m▄[m[38;2;81;93;88;48;2;22;57;99m▀[m[38;2;46;77;113;48;2;22;57;99m▀[m[38;2;22;57;99;48;2;21;99;162m▀[m[38;2;21;99;162m▄[m[38;2;22;57;99m▄[m[38;2;22;57;99m▄[m[38;2;22;57;99m▄[m[38;2;44;85;102;48;2;81;93;88m▀[m[38;2;166;159;96;48;2;166;159;96m▀[m[38;2;46;77;113;48;2;81;93;88m▀[m[38;2;81;93;88m▀[m   [38;2;64;151;161m▀[m[38;2;44;85;102m▀[m[38;2;36;153;181m▀[m [38;2;44;85;102;48;2;44;85;102m▀[m[38;2;204;215;196;48;2;21;99;162m▀[m[38;2;36;153;181;48;2;64;151;161m▀[m
 [38;2;62;73;87m▀[m[38;2;110;98;62;48;2;42;61;88m▀[m[38;2;42;61;88;48;2;111;145;170m▀[m[38;2;74;121;168;48;2;107;159;195m▀[m[38;2;107;159;195;48;2;107;159;195m▀[m[38;2;169;196;201;48;2;83;134;179m▀[m[38;2;111;145;170;48;2;107;159;195m▀[m[38;2;83;134;179;48;2;83;134;179m▀[m[38;2;74;121;168;48;2;83;134;179m▀[m[38;2;74;121;168;48;2;83;134;179m▀[m[38;2;74;121;168;48;2;59;97;140m▀[m[38;2;97;105;107;48;2;52;79;114m▀[m[38;2;97;105;107;48;2;159;148;100m▀[m[38;2;159;148;100;48;2;159;148;100m▀[m[38;2;205;181;101;48;2;205;181;101m▀[m[38;2;84;95;104;48;2;56;68;82m▀[m   [38;2;84;95;104;48;2;56;68;82m▀[m[38;2;97;105;107;48;2;97;105;107m▀[m[38;2;56;68;82;48;2;97;105;107m▀[m[38;2;56;68;82;48;2;84;95;104m▀[m[38;2;151;162;161;48;2;113;128;126m▀[m[38;2;84;95;104;48;2;56;68;82m▀[m[38;2;113;128;126;48;2;42;61;88m▀[m[38;2;97;105;107;48;2;42;61;88m▀[m[38;2;62;73;87;48;2;52;79;114m▀[m[38;2;42;61;88m▄[m      [38;2;116;136;117;48;2;24;104;174m▀[m[38;2;104;153;170;48;2;90;171;205m▀[m[38;2;24;140;221;48;2;185;199;184m▀[m[38;2;90;171;205;48;2;90;171;205m▀[m[38;2;24;140;221;48;2;24;140;221m▀[m[38;2;8;118;227;48;2;24;140;221m▀[m[38;2;8;118;227;48;2;8;118;227m▀[m[38;2;24;104;174;48;2;5;112;209m▀[m[38;2;212;179;70;48;2;162;157;101m▀[m[38;2;212;179;70;48;2;212;179;70m▀[m[38;2;100;114;103;48;2;82;118;142m▀[m   [38;2;24;104;174m▄[m[38;2;212;179;70m▄[m[38;2;162;157;101m▄[m[38;2;8;118;227m▄[m[38;2;8;118;227m▄[m[38;2;10;69;128m▄[m       [38;2;5;112;209;48;2;212;179;70m▀[m[38;2;5;112;209;48;2;162;157;101m▀[m[38;2;10;69;128;48;2;132;139;112m▀[m      [38;2;44;85;102m▄[m[38;2;44;85;102;48;2;66;175;212m▀[m[38;2;21;99;162;48;2;167;181;160m▀[m[38;2;21;99;162;48;2;33;182;230m▀[m[38;2;7;114;216;48;2;66;175;212m▀[m[38;2;7;114;216;48;2;7;114;216m▀[m[38;2;33;182;230;48;2;21;99;162m▀[m[38;2;104;151;163;48;2;210;174;85m▀[m[38;2;36;79;108;48;2;101;110;97m▀[m[38;2;81;93;88;48;2;210;174;85m▀[m[38;2;22;57;99;48;2;210;174;85m▀[m[38;2;22;57;99;48;2;22;57;99m▀[m[38;2;46;77;113;48;2;46;77;113m▀[m[38;2;22;57;99;48;2;22;57;99m▀[m[38;2;44;85;102;48;2;46;77;113m▀[m[38;2;44;85;102;48;2;166;125;59m▀[m[38;2;81;93;88;48;2;46;77;113m▀[m[38;2;46;77;113m▄[m[38;2;81;93;88m▄[m[38;2;44;85;102m▄[m  [38;2;101;110;97m▄[m[38;2;22;57;99;48;2;46;77;113m▀[m[38;2;46;77;113;48;2;22;57;99m▀[m
 [38;2;56;68;82m▄[m[38;2;59;97;140;48;2;107;159;195m▀[m[38;2;169;196;201;48;2;83;134;179m▀[m[38;2;107;159;195;48;2;107;159;195m▀[m[38;2;107;159;195;48;2;83;134;179m▀[m[38;2;83;134;179;48;2;83;134;179m▀[m[38;2;74;121;168;48;2;111;145;170m▀[m[38;2;111;145;170;48;2;107;159;195m▀[m[38;2;107;159;195;48;2;97;105;107m▀[m[38;2;83;134;179;48;2;63;87;115m▀[m[38;2;74;121;168;48;2;74;121;168m▀[m[38;2;59;97;140;48;2;74;121;168m▀[m[38;2;52;79;114;48;2;59;97;140m▀[m[38;2;159;148;100;48;2;52;79;114m▀[m[38;2;97;105;107;48;2;56;68;82m▀[m     [38;2;97;105;107m▀[m[38;2;63;87;115;48;2;62;73;87m▀[m[38;2;97;105;107;48;2;62;73;87m▀[m[38;2;97;105;107m▀[m[38;2;42;61;88;48;2;62;73;87m▀[m[38;2;110;98;62m▀[m[38;2;62;73;87m▀[m[38;2;52;79;114;48;2;62;73;87m▀[m[38;2;111;145;170;48;2;104;124;147m▀[m[38;2;56;68;82;48;2;104;124;147m▀[m     [38;2;24;140;221;48;2;105;105;78m▀[m[38;2;24;140;221;48;2;5;112;209m▀[m[38;2;24;140;221;48;2;24;140;221m▀[m[38;2;24;140;221;48;2;5;112;209m▀[m[38;2;24;140;221m▀[m[38;2;24;104;174;48;2;158;133;59m▀[m[38;2;90;171;205;48;2;116;136;117m▀[m[38;2;5;112;209;48;2;24;140;221m▀[m[38;2;9;79;148;48;2;9;79;148m▀[m[38;2;38;83;118;48;2;9;79;148m▀[m[38;2;116;136;117;48;2;9;79;148m▀[m[38;2;212;179;70;48;2;100;114;103m▀[m[38;2;158;133;59;48;2;104;153;170m▀[m[38;2;212;179;70;48;2;10;58;111m▀[m[38;2;212;179;70;48;2;38;83;118m▀[m[38;2;162;157;101;48;2;5;112;209m▀[m[38;2;9;79;148;48;2;24;104;174m▀[m[38;2;8;118;227;48;2;5;112;209m▀[m[38;2;90;171;205;48;2;24;140;221m▀[m[38;2;5;112;209;48;2;8;118;227m▀[m[38;2;9;79;148;48;2;5;112;209m▀[m[38;2;9;79;148;48;2;9;79;148m▀[m[38;2;10;69;128m▄[m[38;2;57;87;107m▄[m[38;2;132;139;112m▄[m[38;2;105;105;78m▄[m[38;2;9;79;148;48;2;5;112;209m▀[m[38;2;212;179;70;48;2;24;104;174m▀[m[38;2;212;179;70;48;2;100;114;103m▀[m[38;2;105;105;78;48;2;57;87;107m▀[m      [38;2;44;85;102;48;2;81;93;88m▀[m[38;2;7;114;216;48;2;49;150;182m▀[m[38;2;7;114;216;48;2;66;175;212m▀[m[38;2;22;57;99;48;2;113;138;101m▀[m[38;2;81;93;88;48;2;167;181;160m▀[m[38;2;7;114;216;48;2;66;175;212m▀[m[38;2;7;114;216;48;2;7;114;216m▀[m[38;2;21;99;162;48;2;167;181;160m▀[m[38;2;22;57;99;48;2;101;110;97m▀[m[38;2;101;110;97;48;2;22;57;99m▀[m[38;2;210;174;85;48;2;210;174;85m▀[m[38;2;101;110;97;48;2;210;174;85m▀[m[38;2;46;77;113;48;2;81;93;88m▀[m[38;2;22;57;99;48;2;81;93;88m▀[m[38;2;22;57;99;48;2;22;57;99m▀[m[38;2;81;93;88;48;2;22;57;99m▀[m[38;2;81;93;88;48;2;46;77;113m▀[m[38;2;22;57;99;48;2;36;79;108m▀[m[38;2;36;79;108;48;2;81;93;88m▀[m[38;2;210;174;85;48;2;81;93;88m▀[m[38;2;21;99;162;48;2;22;57;99m▀[m[38;2;101;110;97;48;2;36;79;108m▀[m[38;2;21;99;162;48;2;81;93;88m▀[m[38;2;166;125;59;48;2;44;85;102m▀[m
 [38;2;56;68;82;48;2;42;61;88m▀[m[38;2;110;98;62;48;2;159;148;100m▀[m[38;2;83;134;179;48;2;63;87;115m▀[m[38;2;83;134;179;48;2;74;121;168m▀[m[38;2;74;121;168;48;2;74;121;168m▀[m[38;2;74;121;168;48;2;74;121;168m▀[m[38;2;83;134;179;48;2;59;97;140m▀[m[38;2;63;87;115;48;2;110;98;62m▀[m[38;2;205;181;101;48;2;84;95;104m▀[m[38;2;205;181;101;48;2;169;196;201m▀[m[38;2;63;87;115;48;2;63;87;115m▀[m[38;2;74;121;168;48;2;83;134;179m▀[m[38;2;77;112;146;48;2;52;79;114m▀[m[38;2;52;79;114;48;2;42;61;88m▀[m[38;2;42;61;88;48;2;52;79;114m▀[m[38;2;62;73;87m▄[m [38;2;56;68;82m▄[m[38;2;56;68;82m▄[m[38;2;56;68;82m▄[m[38;2;62;73;87m▄[m       [38;2;42;61;88;48;2;56;68;82m▀[m[38;2;104;124;147;48;2;77;112;146m▀[m[38;2;62;73;87;48;2;56;68;82m▀[m  [38;2;57;87;107m▄[m[38;2;10;69;128;48;2;90;171;205m▀[m[38;2;158;133;59;48;2;104;153;170m▀[m[38;2;9;79;148;48;2;38;83;118m▀[m[38;2;8;118;227;48;2;9;79;148m▀[m[38;2;9;79;148;48;2;185;199;184m▀[m[38;2;158;133;59;48;2;90;171;205m▀[m[38;2;212;179;70;48;2;90;171;205m▀[m[38;2;90;171;205;48;2;185;199;184m▀[m[38;2;24;104;174;48;2;104;153;170m▀[m[38;2;9;79;148;48;2;9;79;148m▀[m[38;2;5;112;209;48;2;9;79;148m▀[m[38;2;9;79;148;48;2;38;83;118m▀[m[38;2;100;114;103;48;2;162;157;101m▀[m[38;2;82;118;142;48;2;5;112;209m▀[m[38;2;5;112;209;48;2;24;104;174m▀[m[38;2;10;58;111;48;2;9;79;148m▀[m[38;2;24;104;174;48;2;9;79;148m▀[m[38;2;116;136;117;48;2;82;118;142m▀[m[38;2;3;109;203;48;2;9;79;148m▀[m[38;2;8;118;227;48;2;5;112;209m▀[m[38;2;5;112;209;48;2;24;140;221m▀[m[38;2;24;104;174;48;2;212;179;70m▀[m[38;2;100;114;103;48;2;212;179;70m▀[m[38;2;38;83;118;48;2;212;179;70m▀[m[38;2;10;58;111;48;2;10;58;111m▀[m[38;2;100;114;103;48;2;100;114;103m▀[m[38;2;212;179;70;48;2;212;179;70m▀[m[38;2;24;104;174;48;2;38;83;118m▀[m[38;2;9;79;148;48;2;57;87;107m▀[m[38;2;10;69;128m▀[m      [38;2;81;93;88m▀[m[38;2;81;93;88;48;2;81;93;88m▀[m[38;2;204;215;196;48;2;44;85;102m▀[m[38;2;204;215;196;48;2;81;93;88m▀[m[38;2;167;181;160;48;2;81;93;88m▀[m[38;2;66;175;212;48;2;167;181;160m▀[m[38;2;7;114;216;48;2;33;182;230m▀[m[38;2;66;175;212;48;2;104;151;163m▀[m[38;2;204;215;196;48;2;204;215;196m▀[m[38;2;101;110;97;48;2;81;93;88m▀[m[38;2;22;57;99;48;2;46;77;113m▀[m[38;2;101;110;97;48;2;101;110;97m▀[m[38;2;210;174;85;48;2;166;125;59m▀[m[38;2;210;174;85;48;2;167;181;160m▀[m[38;2;210;174;85;48;2;33;182;230m▀[m[38;2;46;77;113;48;2;166;125;59m▀[m[38;2;46;77;113;48;2;46;77;113m▀[m[38;2;21;99;162;48;2;22;57;99m▀[m[38;2;113;138;101;48;2;101;110;97m▀[m[38;2;21;99;162;48;2;101;110;97m▀[m[38;2;44;85;102;48;2;46;77;113m▀[m
[38;2;62;73;87m▀[m[38;2;151;162;161;48;2;42;61;88m▀[m[38;2;97;105;107;48;2;107;159;195m▀[m[38;2;77;112;146;48;2;151;162;161m▀[m[38;2;74;121;168;48;2;84;95;104m▀[m[38;2;74;121;168;48;2;77;112;146m▀[m[38;2;83;134;179;48;2;151;162;161m▀[m[38;2;74;121;168;48;2;151;162;161m▀[m[38;2;97;105;107;48;2;111;145;170m▀[m[38;2;205;181;101;48;2;97;105;107m▀[m[38;2;205;181;101;48;2;77;112;146m▀[m[38;2;77;112;146;48;2;74;121;168m▀[m[38;2;111;145;170;48;2;84;95;104m▀[m[38;2;151;162;161;48;2;63;87;115m▀[m[38;2;97;105;107;48;2;97;105;107m▀[m[38;2;97;105;107;48;2;97;105;107m▀[m[38;2;42;61;88;48;2;42;61;88m▀[m[38;2;52;79;114;48;2;59;97;140m▀[m[38;2;77;112;146;48;2;77;112;146m▀[m[38;2;74;121;168;48;2;74;121;168m▀[m[38;2;107;159;195;48;2;74;121;168m▀[m[38;2;74;121;168;48;2;83;134;179m▀[m[38;2;59;97;140;48;2;83;134;179m▀[m[38;2;77;112;146m▄[m[38;2;62;73;87m▄[m   [38;2;56;68;82m▄[m[38;2;63;87;115;48;2;77;112;146m▀[m[38;2;77;112;146;48;2;52;79;114m▀[m[38;2;56;68;82m▀[m  [38;2;57;87;107m▀[m[38;2;100;114;103;48;2;105;105;78m▀[m[38;2;185;199;184;48;2;105;105;78m▀[m[38;2;105;105;78;48;2;162;157;101m▀[m[38;2;185;199;184;48;2;162;157;101m▀[m[38;2;185;199;184;48;2;162;157;101m▀[m[38;2;185;199;184;48;2;185;199;184m▀[m[38;2;185;199;184;48;2;185;199;184m▀[m[38;2;185;199;184;48;2;104;153;170m▀[m[38;2;104;153;170;48;2;38;83;118m▀[m[38;2;38;83;118;48;2;10;58;111m▀[m[38;2;100;114;103;48;2;162;157;101m▀[m[38;2;212;179;70;48;2;185;199;184m▀[m[38;2;104;153;170;48;2;104;153;170m▀[m[38;2;5;112;209;48;2;212;179;70m▀[m[38;2;9;79;148;48;2;162;157;101m▀[m[38;2;9;79;148;48;2;9;79;148m▀[m[38;2;10;69;128;48;2;10;58;111m▀[m[38;2;9;79;148;48;2;100;114;103m▀[m[38;2;10;58;111;48;2;10;69;128m▀[m[38;2;5;112;209;48;2;162;157;101m▀[m[38;2;104;153;170;48;2;162;157;101m▀[m[38;2;162;157;101;48;2;162;157;101m▀[m[38;2;90;171;205;48;2;24;140;221m▀[m[38;2;82;118;142;48;2;100;114;103m▀[m[38;2;57;87;107;48;2;57;87;107m▀[m [38;2;105;105;78m▀[m           [38;2;64;151;161m▄[m[38;2;166;159;96;48;2;166;125;59m▀[m[38;2;210;174;85;48;2;167;181;160m▀[m[38;2;167;181;160;48;2;167;181;160m▀[m[38;2;204;215;196;48;2;22;57;99m▀[m[38;2;167;181;160;48;2;22;57;99m▀[m[38;2;101;110;97;48;2;36;79;108m▀[m[38;2;22;57;99;48;2;36;79;108m▀[m[38;2;101;110;97;48;2;210;174;85m▀[m[38;2;210;174;85;48;2;166;159;96m▀[m[38;2;166;125;59;48;2;46;77;113m▀[m[38;2;166;159;96;48;2;166;125;59m▀[m[38;2;21;99;162;48;2;166;125;59m▀[m[38;2;166;125;59;48;2;46;77;113m▀[m[38;2;46;77;113;48;2;46;77;113m▀[m[38;2;22;57;99;48;2;81;93;88m▀[m[38;2;166;159;96;48;2;167;181;160m▀[m[38;2;166;159;96;48;2;167;181;160m▀[m[38;2;113;138;101;48;2;104;151;163m▀[m[38;2;44;85;102;48;2;81;93;88m▀[m  [38;2;36;153;181m▄[m
 [38;2;84;95;104m▀[m[38;2;97;105;107m▀[m[38;2;111;145;170;48;2;56;68;82m▀[m[38;2;63;87;115;48;2;52;79;114m▀[m[38;2;77;112;146;48;2;77;112;146m▀[m[38;2;151;162;161;48;2;42;61;88m▀[m[38;2;159;148;100;48;2;63;87;115m▀[m[38;2;97;105;107;48;2;59;97;140m▀[m[38;2;151;162;161;48;2;52;79;114m▀[m[38;2;97;105;107;48;2;63;87;115m▀[m[38;2;104;124;147;48;2;42;61;88m▀[m[38;2;97;105;107;48;2;42;61;88m▀[m[38;2;52;79;114;48;2;110;98;62m▀[m[38;2;97;105;107;48;2;42;61;88m▀[m[38;2;42;61;88;48;2;52;79;114m▀[m[38;2;52;79;114;48;2;52;79;114m▀[m[38;2;59;97;140;48;2;59;97;140m▀[m[38;2;77;112;146;48;2;59;97;140m▀[m[38;2;74;121;168;48;2;77;112;146m▀[m[38;2;74;121;168;48;2;59;97;140m▀[m[38;2;83;134;179;48;2;107;159;195m▀[m[38;2;83;134;179;48;2;151;162;161m▀[m[38;2;77;112;146;48;2;104;124;147m▀[m[38;2;52;79;114;48;2;77;112;146m▀[m[38;2;42;61;88;48;2;42;61;88m▀[m[38;2;110;98;62;48;2;52;79;114m▀[m[38;2;97;105;107;48;2;110;98;62m▀[m[38;2;77;112;146;48;2;42;61;88m▀[m[38;2;97;105;107;48;2;56;68;82m▀[m[38;2;56;68;82m▀[m   [38;2;57;87;107m▀[m  [38;2;162;157;101m▀[m[38;2;185;199;184;48;2;57;87;107m▀[m[38;2;185;199;184;48;2;57;87;107m▀[m[38;2;100;114;103;48;2;82;118;142m▀[m[38;2;10;69;128;48;2;82;118;142m▀[m[38;2;10;58;111;48;2;82;118;142m▀[m[38;2;82;118;142;48;2;9;79;148m▀[m[38;2;105;105;78;48;2;105;105;78m▀[m[38;2;212;179;70;48;2;162;157;101m▀[m[38;2;116;136;117;48;2;82;118;142m▀[m[38;2;185;199;184;48;2;212;179;70m▀[m[38;2;116;136;117;48;2;90;171;205m▀[m[38;2;162;157;101;48;2;24;104;174m▀[m[38;2;100;114;103;48;2;105;105;78m▀[m[38;2;10;58;111;48;2;10;58;111m▀[m[38;2;38;83;118;48;2;10;69;128m▀[m[38;2;10;69;128m▀[m[38;2;82;118;142;48;2;9;79;148m▀[m[38;2;82;118;142;48;2;5;112;209m▀[m[38;2;162;157;101;48;2;9;79;148m▀[m[38;2;162;157;101;48;2;10;69;128m▀[m[38;2;158;133;59;48;2;10;58;111m▀[m[38;2;10;69;128;48;2;100;114;103m▀[m[38;2;57;87;107m▄[m           [38;2;36;153;181m▄[m[38;2;44;85;102m▀[m[38;2;167;181;160m▀[m[38;2;104;151;163;48;2;22;57;99m▀[m[38;2;81;93;88;48;2;81;93;88m▀[m[38;2;46;77;113;48;2;210;174;85m▀[m[38;2;46;77;113;48;2;210;174;85m▀[m[38;2;101;110;97;48;2;81;93;88m▀[m[38;2;210;174;85;48;2;210;174;85m▀[m[38;2;166;159;96;48;2;21;99;162m▀[m[38;2;7;114;216;48;2;21;99;162m▀[m[38;2;21;99;162;48;2;113;138;101m▀[m[38;2;46;77;113;48;2;210;174;85m▀[m[38;2;46;77;113;48;2;101;110;97m▀[m[38;2;22;57;99;48;2;22;57;99m▀[m[38;2;101;110;97;48;2;81;93;88m▀[m[38;2;22;57;99;48;2;64;151;161m▀[m[38;2;104;151;163;48;2;21;99;162m▀[m[38;2;210;174;85;48;2;166;125;59m▀[m[38;2;21;99;162;48;2;166;125;59m▀[m[38;2;81;93;88;48;2;46;77;113m▀[m[38;2;22;57;99;48;2;21;99;162m▀[m[38;2;81;93;88m▄[m [38;2;66;175;212m▄[m[38;2;44;85;102m▄[m
     [38;2;42;61;88;48;2;52;79;114m▀[m[38;2;42;61;88;48;2;110;98;62m▀[m[38;2;42;61;88;48;2;146;123;66m▀[m[38;2;42;61;88;48;2;146;123;66m▀[m[38;2;42;61;88;48;2;146;123;66m▀[m[38;2;110;98;62;48;2;146;123;66m▀[m[38;2;52;79;114;48;2;97;105;107m▀[m[38;2;52;79;114;48;2;52;79;114m▀[m[38;2;52;79;114;48;2;104;124;147m▀[m[38;2;97;105;107;48;2;113;128;126m▀[m[38;2;97;105;107;48;2;77;112;146m▀[m[38;2;52;79;114;48;2;77;112;146m▀[m[38;2;59;97;140;48;2;52;79;114m▀[m[38;2;59;97;140;48;2;52;79;114m▀[m[38;2;52;79;114;48;2;42;61;88m▀[m[38;2;77;112;146;48;2;83;134;179m▀[m[38;2;151;162;161;48;2;83;134;179m▀[m[38;2;113;128;126;48;2;104;124;147m▀[m[38;2;97;105;107;48;2;97;105;107m▀[m[38;2;97;105;107;48;2;97;105;107m▀[m[38;2;56;68;82;48;2;56;68;82m▀[m[38;2;56;68;82m▀[m[38;2;56;68;82m▀[m          [38;2;57;87;107;48;2;57;87;107m▀[m[38;2;162;157;101;48;2;9;79;148m▀[m[38;2;104;153;170;48;2;9;79;148m▀[m[38;2;185;199;184;48;2;82;118;142m▀[m[38;2;185;199;184;48;2;185;199;184m▀[m[38;2;185;199;184;48;2;185;199;184m▀[m[38;2;105;105;78;48;2;105;105;78m▀[m[38;2;104;153;170;48;2;24;104;174m▀[m[38;2;9;79;148;48;2;8;118;227m▀[m[38;2;212;179;70;48;2;82;118;142m▀[m[38;2;5;112;209;48;2;212;179;70m▀[m[38;2;82;118;142;48;2;158;133;59m▀[m[38;2;158;133;59m▀[m[38;2;10;69;128m▄[m[38;2;10;58;111m▄[m[38;2;100;114;103m▄[m[38;2;57;87;107;48;2;105;105;78m▀[m[38;2;100;114;103;48;2;10;69;128m▀[m[38;2;82;118;142;48;2;9;79;148m▀[m[38;2;9;79;148;48;2;9;79;148m▀[m[38;2;38;83;118;48;2;100;114;103m▀[m[38;2;212;179;70;48;2;212;179;70m▀[m[38;2;100;114;103;48;2;100;114;103m▀[m[38;2;57;87;107;48;2;132;139;112m▀[m         [38;2;36;153;181;48;2;36;153;181m▀[m[38;2;36;153;181;48;2;33;182;230m▀[m[38;2;44;85;102;48;2;36;153;181m▀[m[38;2;44;85;102m▄[m[38;2;81;93;88;48;2;36;79;108m▀[m[38;2;22;57;99;48;2;22;57;99m▀[m[38;2;22;57;99;48;2;81;93;88m▀[m[38;2;21;99;162;48;2;44;85;102m▀[m[38;2;101;110;97;48;2;81;93;88m▀[m[38;2;166;125;59;48;2;101;110;97m▀[m[38;2;101;110;97;48;2;22;57;99m▀[m[38;2;166;159;96;48;2;21;99;162m▀[m[38;2;166;159;96;48;2;166;125;59m▀[m[38;2;166;159;96;48;2;166;159;96m▀[m[38;2;166;159;96;48;2;81;93;88m▀[m[38;2;44;85;102m▀[m  [38;2;21;99;162;48;2;44;85;102m▀[m[38;2;21;99;162;48;2;21;99;162m▀[m[38;2;46;77;113;48;2;36;79;108m▀[m[38;2;166;159;96;48;2;210;174;85m▀[m[38;2;166;125;59;48;2;166;159;96m▀[m[38;2;36;153;181;48;2;81;93;88m▀[m[38;2;36;153;181;48;2;37;203;250m▀[m[38;2;33;182;230;48;2;33;182;230m▀[m[38;2;36;153;181m▄[m
     [38;2;52;79;114;48;2;56;68;82m▀[m[38;2;52;79;114;48;2;59;97;140m▀[m[38;2;159;148;100;48;2;42;61;88m▀[m[38;2;205;181;101;48;2;159;148;100m▀[m[38;2;159;148;100;48;2;205;181;101m▀[m[38;2;159;148;100;48;2;205;181;101m▀[m[38;2;110;98;62;48;2;146;123;66m▀[m[38;2;59;97;140;48;2;63;87;115m▀[m[38;2;111;145;170;48;2;83;134;179m▀[m[38;2;159;148;100;48;2;111;145;170m▀[m[38;2;111;145;170;48;2;97;105;107m▀[m[38;2;159;148;100;48;2;77;112;146m▀[m[38;2;42;61;88;48;2;42;61;88m▀[m[38;2;52;79;114;48;2;146;123;66m▀[m[38;2;42;61;88;48;2;110;98;62m▀[m[38;2;59;97;140;48;2;42;61;88m▀[m[38;2;111;145;170;48;2;77;112;146m▀[m[38;2;77;112;146;48;2;77;112;146m▀[m[38;2;77;112;146;48;2;59;97;140m▀[m[38;2;97;105;107;48;2;52;79;114m▀[m[38;2;56;68;82;48;2;52;79;114m▀[m[38;2;56;68;82m▄[m          [38;2;57;87;107m▄[m[38;2;105;105;78;48;2;185;199;184m▀[m[38;2;100;114;103;48;2;162;157;101m▀[m[38;2;10;58;111;48;2;158;133;59m▀[m[38;2;10;69;128;48;2;38;83;118m▀[m[38;2;57;87;107m▄[m[38;2;57;87;107m▀[m[38;2;57;87;107m▀[m[38;2;57;87;107;48;2;57;87;107m▀[m[38;2;24;104;174;48;2;105;105;78m▀[m[38;2;24;104;174;48;2;10;69;128m▀[m[38;2;100;114;103;48;2;185;199;184m▀[m[38;2;158;133;59;48;2;82;118;142m▀[m[38;2;132;139;112m▄[m[38;2;10;69;128m▀[m[38;2;10;58;111;48;2;10;58;111m▀[m[38;2;10;58;111;48;2;10;58;111m▀[m[38;2;100;114;103;48;2;10;58;111m▀[m[38;2;57;87;107;48;2;105;105;78m▀[m[38;2;57;87;107m▀[m[38;2;158;133;59m▀[m[38;2;158;133;59;48;2;10;58;111m▀[m[38;2;158;133;59;48;2;9;79;148m▀[m[38;2;158;133;59;48;2;9;79;148m▀[m[38;2;10;58;111;48;2;9;79;148m▀[m[38;2;132;139;112m▄[m       [38;2;44;85;102;48;2;44;85;102m▀[m[38;2;81;93;88;48;2;33;182;230m▀[m[38;2;37;203;250;48;2;37;203;250m▀[m[38;2;49;150;182;48;2;37;203;250m▀[m[38;2;81;93;88;48;2;66;175;212m▀[m[38;2;104;151;163;48;2;21;99;162m▀[m[38;2;101;110;97;48;2;101;110;97m▀[m[38;2;46;77;113;48;2;44;85;102m▀[m   [38;2;64;151;161;48;2;167;181;160m▀[m[38;2;21;99;162;48;2;166;159;96m▀[m[38;2;22;57;99;48;2;113;138;101m▀[m[38;2;81;93;88;48;2;101;110;97m▀[m[38;2;44;85;102;48;2;44;85;102m▀[m [38;2;49;150;182m▄[m[38;2;44;85;102;48;2;36;153;181m▀[m [38;2;44;85;102m▀[m[38;2;166;125;59m▀[m[38;2;36;79;108;48;2;46;77;113m▀[m[38;2;36;79;108;48;2;101;110;97m▀[m[38;2;101;110;97;48;2;21;99;162m▀[m[38;2;66;175;212;48;2;21;99;162m▀[m[38;2;37;203;250;48;2;33;182;230m▀[m[38;2;64;151;161m▀[m
     [38;2;56;68;82;48;2;74;121;168m▀[m[38;2;59;97;140;48;2;83;134;179m▀[m[38;2;52;79;114;48;2;52;79;114m▀[m[38;2;42;61;88;48;2;52;79;114m▀[m[38;2;42;61;88;48;2;42;61;88m▀[m[38;2;110;98;62m▀[m[38;2;110;98;62m▀[m[38;2;56;68;82;48;2;56;68;82m▀[m[38;2;59;97;140;48;2;151;162;161m▀[m[38;2;52;79;114;48;2;83;134;179m▀[m[38;2;97;105;107;48;2;159;148;100m▀[m[38;2;159;148;100;48;2;97;105;107m▀[m[38;2;84;95;104;48;2;56;68;82m▀[m[38;2;56;68;82;48;2;42;61;88m▀[m  [38;2;42;61;88m▀[m[38;2;52;79;114;48;2;56;68;82m▀[m[38;2;52;79;114;48;2;52;79;114m▀[m[38;2;52;79;114;48;2;77;112;146m▀[m[38;2;97;105;107;48;2;59;97;140m▀[m[38;2;84;95;104;48;2;56;68;82m▀[m          [38;2;10;69;128;48;2;212;179;70m▀[m[38;2;5;112;209;48;2;212;179;70m▀[m[38;2;9;79;148;48;2;38;83;118m▀[m[38;2;100;114;103;48;2;10;58;111m▀[m[38;2;38;83;118m▀[m   [38;2;10;69;128;48;2;105;105;78m▀[m[38;2;24;140;221;48;2;90;171;205m▀[m[38;2;5;112;209;48;2;9;79;148m▀[m[38;2;162;157;101;48;2;9;79;148m▀[m[38;2;162;157;101;48;2;10;69;128m▀[m[38;2;57;87;107m▀[m [38;2;10;69;128;48;2;132;139;112m▀[m[38;2;10;58;111;48;2;162;157;101m▀[m[38;2;100;114;103;48;2;158;133;59m▀[m[38;2;100;114;103;48;2;158;133;59m▀[m[38;2;57;87;107;48;2;57;87;107m▀[m  [38;2;5;112;209;48;2;105;105;78m▀[m[38;2;5;112;209;48;2;104;153;170m▀[m[38;2;185;199;184;48;2;212;179;70m▀[m[38;2;100;114;103;48;2;158;133;59m▀[m[38;2;57;87;107;48;2;57;87;107m▀[m       [38;2;81;93;88;48;2;44;85;102m▀[m[38;2;37;203;250;48;2;66;175;212m▀[m[38;2;37;203;250;48;2;66;175;212m▀[m[38;2;37;203;250;48;2;37;203;250m▀[m[38;2;21;99;162;48;2;66;175;212m▀[m[38;2;46;77;113;48;2;101;110;97m▀[m   [38;2;81;93;88;48;2;104;151;163m▀[m[38;2;66;175;212;48;2;104;151;163m▀[m[38;2;21;99;162;48;2;21;99;162m▀[m[38;2;101;110;97;48;2;101;110;97m▀[m[38;2;166;125;59;48;2;81;93;88m▀[m[38;2;44;85;102;48;2;64;151;161m▀[m[38;2;49;150;182;48;2;37;203;250m▀[m[38;2;37;203;250;48;2;37;203;250m▀[m[38;2;81;93;88;48;2;33;182;230m▀[m[38;2;36;153;181;48;2;44;85;102m▀[m  [38;2;64;151;161;48;2;81;93;88m▀[m[38;2;7;114;216;48;2;210;174;85m▀[m[38;2;46;77;113;48;2;101;110;97m▀[m[38;2;36;79;108;48;2;22;57;99m▀[m[38;2;33;182;230;48;2;33;182;230m▀[m[38;2;44;85;102m▀[m
    [38;2;151;162;161;48;2;56;68;82m▀[m[38;2;151;162;161;48;2;84;95;104m▀[m[38;2;104;124;147;48;2;56;68;82m▀[m[38;2;77;112;146;48;2;56;68;82m▀[m[38;2;52;79;114;48;2;62;73;87m▀[m[38;2;62;73;87m▀[m [38;2;151;162;161m▄[m[38;2;83;134;179;48;2;97;105;107m▀[m[38;2;107;159;195;48;2;169;196;201m▀[m[38;2;77;112;146;48;2;151;162;161m▀[m[38;2;77;112;146;48;2;111;145;170m▀[m[38;2;159;148;100;48;2;42;61;88m▀[m[38;2;62;73;87m▀[m    [38;2;104;124;147m▀[m[38;2;111;145;170m▀[m[38;2;63;87;115m▀[m[38;2;111;145;170m▀[m[38;2;56;68;82m▀[m         [38;2;57;87;107;48;2;90;171;205m▀[m[38;2;82;118;142;48;2;104;153;170m▀[m[38;2;82;118;142;48;2;24;104;174m▀[m[38;2;100;114;103;48;2;38;83;118m▀[m[38;2;57;87;107m▀[m   [38;2;10;58;111m▄[m[38;2;212;179;70;48;2;24;104;174m▀[m[38;2;212;179;70;48;2;5;112;209m▀[m[38;2;162;157;101;48;2;24;104;174m▀[m[38;2;105;105;78;48;2;132;139;112m▀[m  [38;2;105;105;78m▄[m[38;2;10;58;111;48;2;104;153;170m▀[m[38;2;9;79;148;48;2;185;199;184m▀[m[38;2;38;83;118;48;2;90;171;205m▀[m[38;2;10;69;128;48;2;10;69;128m▀[m  [38;2;57;87;107m▄[m[38;2;10;69;128;48;2;104;153;170m▀[m[38;2;105;105;78;48;2;100;114;103m▀[m[38;2;105;105;78;48;2;90;171;205m▀[m[38;2;105;105;78;48;2;9;79;148m▀[m         [38;2;167;181;160;48;2;44;85;102m▀[m[38;2;204;215;196;48;2;167;181;160m▀[m[38;2;66;175;212;48;2;81;93;88m▀[m[38;2;37;203;250;48;2;44;85;102m▀[m[38;2;81;93;88m▀[m [38;2;44;85;102m▄[m[38;2;44;85;102;48;2;66;175;212m▀[m[38;2;166;159;96;48;2;21;99;162m▀[m[38;2;166;159;96;48;2;66;175;212m▀[m[38;2;166;159;96;48;2;101;110;97m▀[m[38;2;101;110;97;48;2;101;110;97m▀[m[38;2;81;93;88;48;2;36;153;181m▀[m[38;2;66;175;212;48;2;37;203;250m▀[m[38;2;37;203;250;48;2;37;203;250m▀[m[38;2;37;203;250;48;2;66;175;212m▀[m[38;2;44;85;102m▀[m  [38;2;44;85;102;48;2;204;215;196m▀[m[38;2;7;114;216;48;2;167;181;160m▀[m[38;2;21;99;162;48;2;204;215;196m▀[m[38;2;101;110;97;48;2;104;151;163m▀[m[38;2;81;93;88;48;2;44;85;102m▀[m[38;2;44;85;102m▀[m
            [38;2;62;73;87m▀[m[38;2;56;68;82m▀[m[38;2;62;73;87m▀[m[38;2;62;73;87m▀[m                    [38;2;162;157;101m▀[m[38;2;185;199;184m▀[m[38;2;104;153;170m▀[m[38;2;9;79;148m▀[m   [38;2;57;87;107m▀[m[38;2;185;199;184;48;2;105;105;78m▀[m[38;2;162;157;101;48;2;132;139;112m▀[m[38;2;185;199;184;48;2;105;105;78m▀[m[38;2;104;153;170;48;2;105;105;78m▀[m[38;2;10;69;128m▀[m    [38;2;57;87;107m▀[m[38;2;57;87;107m▀[m   [38;2;132;139;112m▀[m[38;2;162;157;101m▀[m[38;2;162;157;101m▀[m[38;2;185;199;184m▀[m[38;2;82;118;142m▀[m               [38;2;167;181;160;48;2;81;93;88m▀[m[38;2;204;215;196;48;2;101;110;97m▀[m[38;2;167;181;160;48;2;81;93;88m▀[m[38;2;204;215;196;48;2;101;110;97m▀[m[38;2;104;151;163;48;2;81;93;88m▀[m[38;2;44;85;102m▀[m[38;2;44;85;102m▀[m[38;2;36;153;181m▀[m[38;2;36;153;181m▀[m    [38;2;166;125;59m▀[m[38;2;81;93;88m▀[m[38;2;166;125;59m▀[m[38;2;81;93;88m▀[m

[1mgushkit[m                           [1mpipelinx[m                          [1mtorrentiger[m
               [38;2;88;91;104m▄[m[38;2;79;78;86;48;2;112;108;118m▀[m[38;2;79;78;86;48;2;120;120;135m▀[m[38;2;112;108;118m▄[m[38;2;64;63;69m▄[m   [38;2;59;58;65m▄[m[38;2;88;91;104m▄[m                             [38;2;68;95;131m▀[m[38;2;156;151;202;48;2;171;167;214m▀[m[38;2;156;151;202;48;2;195;201;243m▀[m[38;2;68;95;131m▄[m                      [38;2;96;93;129;48;2;184;177;231m▀[m[38;2;146;141;196;48;2;203;197;244m▀[m[38;2;146;141;196;48;2;203;197;244m▀[m[38;2;146;141;196;48;2;203;197;244m▀[m[38;2;137;132;181m▄[m
      [38;2;59;58;65m▄[m[38;2;64;63;69m▄[m       [38;2;59;58;65m▀[m[38;2;59;58;65m▀[m[38;2;64;63;69m▀[m[38;2;112;108;118;48;2;64;63;69m▀[m[38;2;112;108;118;48;2;146;141;150m▀[m[38;2;79;78;86;48;2;112;108;118m▀[m  [38;2;79;78;86m▀[m[38;2;64;63;69m▀[m                       [38;2;68;95;131m▄[m[38;2;104;105;145;48;2;149;143;207m▀[m[38;2;156;151;202;48;2;195;187;239m▀[m[38;2;156;151;202;48;2;183;177;232m▀[m[38;2;156;151;202;48;2;183;177;232m▀[m  [38;2;171;167;214m▄[m[38;2;195;201;243;48;2;169;163;220m▀[m[38;2;195;201;243;48;2;149;143;207m▀[m                    [38;2;160;156;204;48;2;203;197;244m▀[m[38;2;184;177;231;48;2;203;197;244m▀[m[38;2;203;197;244;48;2;184;177;231m▀[m[38;2;203;197;244;48;2;184;177;231m▀[m[38;2;203;197;244;48;2;184;177;231m▀[m[38;2;203;197;244;48;2;164;158;218m▀[m[38;2;147;142;205;48;2;164;158;218m▀[m[38;2;203;197;244;48;2;203;197;244m▀[m[38;2;29;33;40;48;2;164;158;218m▀[m
     [38;2;59;58;65;48;2;112;108;118m▀[m[38;2;88;91;104;48;2;80;79;88m▀[m[38;2;59;58;65m▀[m          [38;2;59;58;65;48;2;80;79;88m▀[m[38;2;112;108;118;48;2;88;91;104m▀[m[38;2;88;91;104;48;2;64;63;69m▀[m      [38;2;59;58;65;48;2;64;63;69m▀[m[38;2;93;92;100m▄[m             [38;2;156;151;202m▄[m[38;2;195;187;239m▄[m[38;2;195;187;239m▄[m[38;2;195;187;239m▄[m[38;2;127;129;182m▄[m [38;2;171;167;214;48;2;68;95;131m▀[m[38;2;195;187;239;48;2;183;177;232m▀[m[38;2;150;146;198;48;2;156;151;202m▀[m[38;2;127;129;182m▀[m[38;2;127;129;182m▀[m[38;2;169;163;220;48;2;126;123;172m▀[m[38;2;169;163;220;48;2;156;151;202m▀[m[38;2;169;163;220;48;2;156;151;202m▀[m[38;2;149;143;207;48;2;68;95;131m▀[m[38;2;104;105;145m▀[m                [38;2;96;93;129m▄[m[38;2;96;93;129m▄[m  [38;2;184;177;231;48;2;29;33;40m▀[m[38;2;203;197;244;48;2;147;142;205m▀[m[38;2;174;168;222;48;2;174;168;222m▀[m[38;2;164;158;218;48;2;184;177;231m▀[m[38;2;164;158;218;48;2;195;188;239m▀[m[38;2;164;158;218;48;2;195;188;239m▀[m[38;2;147;142;205;48;2;184;177;231m▀[m[38;2;160;156;204;48;2;147;142;205m▀[m[38;2;96;93;129;48;2;146;141;196m▀[m [38;2;160;156;204m▀[m[38;2;146;141;196m▀[m
     [38;2;64;67;78;48;2;59;58;65m▀[m[38;2;88;91;104;48;2;88;91;104m▀[m[38;2;64;63;69;48;2;112;108;118m▀[m[38;2;55;56;61;48;2;146;141;150m▀[m[38;2;64;67;78;48;2;157;153;159m▀[m[38;2;64;67;78;48;2;146;141;150m▀[m[38;2;64;67;78;48;2;146;141;150m▀[m[38;2;79;78;86;48;2;131;125;134m▀[m[38;2;93;92;100m▄[m[38;2;64;63;69m▄[m[38;2;55;56;61m▄[m[38;2;112;108;118m▄[m[38;2;64;63;69;48;2;112;108;118m▀[m[38;2;112;108;118;48;2;55;56;61m▀[m[38;2;80;79;88m▀[m        [38;2;64;67;78;48;2;64;63;69m▀[m[38;2;59;58;65m▀[m          [38;2;104;105;145m▄[m[38;2;156;151;202;48;2;195;187;239m▀[m[38;2;183;177;232;48;2;169;163;220m▀[m[38;2;195;187;239;48;2;47;96;114m▀[m[38;2;195;187;239;48;2;47;96;114m▀[m[38;2;195;187;239;48;2;156;151;202m▀[m[38;2;183;177;232;48;2;195;201;243m▀[m[38;2;150;146;198;48;2;169;163;220m▀[m[38;2;150;146;198;48;2;149;143;207m▀[m[38;2;195;187;239;48;2;149;143;207m▀[m[38;2;150;146;198;48;2;156;151;202m▀[m       [38;2;68;95;131m▄[m[38;2;104;105;145;48;2;183;177;232m▀[m[38;2;104;105;145;48;2;150;146;198m▀[m[38;2;104;105;145;48;2;183;177;232m▀[m[38;2;104;105;145m▄[m         [38;2;96;93;129m▄[m[38;2;137;132;181;48;2;184;177;231m▀[m[38;2;195;188;239;48;2;160;156;204m▀[m[38;2;203;197;244;48;2;137;132;181m▀[m[38;2;137;132;181;48;2;146;141;196m▀[m  [38;2;146;141;196;48;2;164;158;218m▀[m[38;2;203;197;244;48;2;195;188;239m▀[m[38;2;195;188;239;48;2;195;188;239m▀[m[38;2;195;188;239;48;2;174;168;222m▀[m[38;2;195;188;239;48;2;43;144;180m▀[m[38;2;195;188;239;48;2;65;89;113m▀[m[38;2;184;177;231;48;2;147;142;205m▀[m[38;2;174;168;222;48;2;147;142;205m▀[m[38;2;146;141;196;48;2;147;142;205m▀[m [38;2;96;93;129m▄[m[38;2;146;141;196;48;2;203;197;244m▀[m[38;2;160;156;204;48;2;203;197;244m▀[m[38;2;29;33;40;48;2;184;177;231m▀[m
   [38;2;80;79;88m▄[m[38;2;64;63;69;48;2;112;108;118m▀[m[38;2;112;108;118;48;2;146;141;150m▀[m[38;2;146;141;150;48;2;157;153;159m▀[m[38;2;157;153;159;48;2;120;120;135m▀[m[38;2;146;141;150;48;2;112;108;118m▀[m[38;2;112;108;118;48;2;64;63;69m▀[m[38;2;93;92;100m▀[m[38;2;64;67;78m▀[m[38;2;55;56;61m▀[m[38;2;88;91;104m▀[m[38;2;131;125;134;48;2;59;58;65m▀[m[38;2;112;108;118;48;2;59;58;65m▀[m[38;2;93;92;100m▀[m[38;2;64;63;69m▀[m        [38;2;64;63;69m▄[m          [38;2;149;143;207m▄[m[38;2;156;151;202m▄[m [38;2;169;163;220;48;2;169;163;220m▀[m[38;2;195;187;239;48;2;195;201;243m▀[m[38;2;127;129;182;48;2;171;167;214m▀[m[38;2;27;208;242;48;2;62;177;196m▀[m[38;2;27;208;242;48;2;27;208;242m▀[m[38;2;68;95;131;48;2;47;96;114m▀[m[38;2;183;177;232;48;2;183;177;232m▀[m[38;2;169;163;220;48;2;169;163;220m▀[m[38;2;149;143;207;48;2;149;143;207m▀[m[38;2;68;95;131m▀[m   [38;2;104;105;145m▄[m[38;2;104;105;145m▄[m[38;2;104;105;145m▄[m  [38;2;183;177;232;48;2;183;177;232m▀[m[38;2;171;167;214;48;2;149;143;207m▀[m [38;2;150;146;198m▀[m[38;2;104;105;145m▀[m         [38;2;96;93;129m▀[m[38;2;184;177;231;48;2;146;141;196m▀[m[38;2;29;33;40;48;2;147;142;205m▀[m[38;2;96;93;129m▄[m[38;2;160;156;204m▄[m[38;2;96;93;129;48;2;203;197;244m▀[m[38;2;164;158;218;48;2;203;197;244m▀[m[38;2;195;188;239;48;2;184;177;231m▀[m[38;2;184;177;231;48;2;184;177;231m▀[m[38;2;184;177;231;48;2;195;188;239m▀[m[38;2;160;156;204;48;2;160;156;204m▀[m[38;2;54;190;213;48;2;43;144;180m▀[m[38;2;54;190;213;48;2;43;144;180m▀[m[38;2;146;141;196;48;2;146;141;196m▀[m[38;2;147;142;205;48;2;174;168;222m▀[m[38;2;147;142;205;48;2;184;177;231m▀[m[38;2;96;93;129;48;2;147;142;205m▀[m[38;2;29;33;40;48;2;126;128;181m▀[m[38;2;184;177;231;48;2;65;89;113m▀[m[38;2;126;128;181m▀[m[38;2;174;168;222;48;2;65;89;113m▀[m[38;2;147;142;205;48;2;195;188;239m▀[m[38;2;146;141;196m▄[m
 [38;2;59;58;65;48;2;88;91;104m▀[m[38;2;88;91;104;48;2;112;108;118m▀[m[38;2;120;120;135;48;2;146;141;150m▀[m[38;2;146;141;150;48;2;146;141;150m▀[m[38;2;146;141;150;48;2;146;141;150m▀[m[38;2;131;125;134;48;2;88;91;104m▀[m[38;2;93;92;100m▀[m[38;2;59;58;65m▀[m[38;2;79;78;86m▄[m  [38;2;64;63;69m▄[m[38;2;88;91;104m▄[m[38;2;64;63;69;48;2;146;141;150m▀[m[38;2;55;56;61;48;2;157;153;159m▀[m[38;2;55;56;61;48;2;131;125;134m▀[m[38;2;79;78;86;48;2;120;120;135m▀[m[38;2;88;91;104m▄[m[38;2;88;91;104m▄[m[38;2;112;108;118m▄[m[38;2;64;63;69m▄[m[38;2;59;58;65m▄[m   [38;2;64;63;69m▀[m[38;2;112;108;118;48;2;64;63;69m▀[m[38;2;64;63;69;48;2;131;125;134m▀[m[38;2;55;56;61m▄[m      [38;2;104;105;145m▀[m[38;2;183;177;232m▀[m  [38;2;68;95;131m▀[m[38;2;169;163;220;48;2;68;95;131m▀[m[38;2;195;187;239;48;2;169;163;220m▀[m[38;2;171;167;214;48;2;195;187;239m▀[m[38;2;171;167;214;48;2;195;187;239m▀[m[38;2;169;163;220;48;2;195;187;239m▀[m[38;2;195;187;239;48;2;195;201;243m▀[m[38;2;183;177;232;48;2;195;201;243m▀[m[38;2;149;143;207;48;2;195;187;239m▀[m[38;2;127;129;182;48;2;183;177;232m▀[m[38;2;68;95;131;48;2;169;163;220m▀[m[38;2;195;187;239m▄[m[38;2;127;129;182;48;2;195;201;243m▀[m[38;2;183;177;232;48;2;195;201;243m▀[m[38;2;183;177;232;48;2;195;201;243m▀[m[38;2;183;177;232;48;2;195;201;243m▀[m[38;2;127;129;182;48;2;195;187;239m▀[m[38;2;149;143;207m▄[m[38;2;68;95;131m▀[m[38;2;169;163;220;48;2;104;105;145m▀[m[38;2;150;146;198;48;2;169;163;220m▀[m[38;2;127;129;182;48;2;183;177;232m▀[m[38;2;149;143;207m▄[m             [38;2;203;197;244;48;2;160;156;204m▀[m[38;2;184;177;231;48;2;184;177;231m▀[m[38;2;195;188;239;48;2;195;188;239m▀[m[38;2;184;177;231;48;2;174;168;222m▀[m[38;2;164;158;218;48;2;147;142;205m▀[m[38;2;184;177;231;48;2;147;142;205m▀[m[38;2;184;177;231;48;2;147;142;205m▀[m[38;2;184;177;231;48;2;147;142;205m▀[m[38;2;164;158;218;48;2;164;158;218m▀[m[38;2;195;188;239;48;2;195;188;239m▀[m[38;2;203;197;244;48;2;184;177;231m▀[m[38;2;184;177;231;48;2;146;141;196m▀[m[38;2;184;177;231;48;2;146;141;196m▀[m[38;2;147;142;205;48;2;184;177;231m▀[m[38;2;137;132;181;48;2;174;168;222m▀[m[38;2;29;33;40m▄[m[38;2;96;93;129;48;2;147;142;205m▀[m[38;2;195;188;239;48;2;184;177;231m▀[m[38;2;146;141;196;48;2;146;141;196m▀[m
[38;2;59;58;65;48;2;79;78;86m▀[m[38;2;112;108;118;48;2;112;108;118m▀[m[38;2;131;125;134;48;2;146;141;150m▀[m[38;2;146;141;150;48;2;146;141;150m▀[m[38;2;157;153;159;48;2;157;153;159m▀[m[38;2;146;141;150;48;2;146;141;150m▀[m[38;2;64;63;69;48;2;64;67;78m▀[m  [38;2;59;58;65m▀[m[38;2;64;63;69m▄[m[38;2;64;67;78;48;2;120;120;135m▀[m[38;2;120;120;135;48;2;146;141;150m▀[m[38;2;157;153;159;48;2;175;171;171m▀[m[38;2;175;171;171;48;2;175;171;171m▀[m[38;2;175;171;171;48;2;175;171;171m▀[m[38;2;175;171;171;48;2;175;171;171m▀[m[38;2;157;153;159;48;2;175;171;171m▀[m[38;2;157;153;159;48;2;175;171;171m▀[m[38;2;157;153;159;48;2;175;171;171m▀[m[38;2;157;153;159;48;2;175;171;171m▀[m[38;2;146;141;150;48;2;175;171;171m▀[m[38;2;112;108;118;48;2;175;171;171m▀[m[38;2;64;67;78;48;2;131;125;134m▀[m[38;2;55;56;61m▄[m  [38;2;79;78;86m▄[m[38;2;112;108;118;48;2;112;108;118m▀[m[38;2;112;108;118;48;2;64;63;69m▀[m        [38;2;150;146;198;48;2;149;143;207m▀[m[38;2;150;146;198;48;2;68;95;131m▀[m[38;2;68;95;131;48;2;149;143;207m▀[m[38;2;104;105;145m▄[m[38;2;68;95;131m▀[m[38;2;169;163;220;48;2;127;129;182m▀[m[38;2;195;187;239;48;2;169;163;220m▀[m[38;2;183;177;232;48;2;149;143;207m▀[m[38;2;195;187;239;48;2;149;143;207m▀[m[38;2;195;187;239;48;2;169;163;220m▀[m[38;2;195;187;239;48;2;169;163;220m▀[m[38;2;195;187;239;48;2;169;163;220m▀[m[38;2;195;187;239;48;2;183;177;232m▀[m[38;2;195;187;239;48;2;127;129;182m▀[m[38;2;150;146;198;48;2;62;177;196m▀[m[38;2;171;167;214;48;2;62;177;196m▀[m[38;2;149;143;207;48;2;68;95;131m▀[m[38;2;195;187;239;48;2;195;187;239m▀[m[38;2;195;187;239;48;2;195;187;239m▀[m[38;2;183;177;232;48;2;195;187;239m▀[m[38;2;127;129;182;48;2;149;143;207m▀[m[38;2;68;95;131m▄[m [38;2;183;177;232;48;2;183;177;232m▀[m[38;2;183;177;232;48;2;183;177;232m▀[m[38;2;104;105;145;48;2;104;105;145m▀[m        [38;2;146;141;196m▄[m[38;2;146;141;196;48;2;174;168;222m▀[m[38;2;137;132;181;48;2;146;141;196m▀[m [38;2;96;93;129m▄[m[38;2;146;141;196;48;2;65;89;113m▀[m[38;2;126;128;181;48;2;56;61;80m▀[m[38;2;126;128;181;48;2;65;89;113m▀[m[38;2;32;37;43;48;2;56;61;80m▀[m[38;2;32;37;43;48;2;44;46;55m▀[m[38;2;44;46;55;48;2;29;33;40m▀[m[38;2;32;37;43;48;2;29;33;40m▀[m[38;2;146;141;196;48;2;32;37;43m▀[m[38;2;164;158;218;48;2;56;61;80m▀[m[38;2;126;128;181;48;2;32;37;43m▀[m[38;2;54;190;213;48;2;54;190;213m▀[m[38;2;54;190;213;48;2;54;190;213m▀[m[38;2;146;141;196;48;2;146;141;196m▀[m[38;2;164;158;218;48;2;147;142;205m▀[m[38;2;147;142;205;48;2;147;142;205m▀[m[38;2;174;168;222;48;2;146;141;196m▀[m[38;2;147;142;205m▀[m
[38;2;59;58;65m▀[m[38;2;88;91;104;48;2;79;83;96m▀[m[38;2;131;125;134;48;2;112;108;118m▀[m[38;2;146;141;150;48;2;131;125;134m▀[m[38;2;146;141;150;48;2;120;120;135m▀[m[38;2;157;153;159;48;2;146;141;150m▀[m[38;2;112;108;118;48;2;157;153;159m▀[m[38;2;80;79;88;48;2;146;141;150m▀[m[38;2;59;58;65;48;2;120;120;135m▀[m[38;2;64;63;69;48;2;120;120;135m▀[m[38;2;120;120;135;48;2;146;141;150m▀[m[38;2;146;141;150;48;2;157;153;159m▀[m[38;2;175;171;171;48;2;175;171;171m▀[m[38;2;175;171;171;48;2;103;139;161m▀[m[38;2;146;141;150;48;2;120;120;135m▀[m[38;2;175;171;171;48;2;157;153;159m▀[m[38;2;175;171;171;48;2;157;153;159m▀[m[38;2;175;171;171;48;2;175;171;171m▀[m[38;2;175;171;171;48;2;175;171;171m▀[m[38;2;175;171;171;48;2;175;171;171m▀[m[38;2;146;141;150;48;2;103;139;161m▀[m[38;2;80;112;137;48;2;80;112;137m▀[m[38;2;120;120;135;48;2;59;75;91m▀[m[38;2;146;141;150;48;2;146;141;150m▀[m[38;2;88;91;104;48;2;120;120;135m▀[m [38;2;64;63;69;48;2;93;92;100m▀[m[38;2;112;108;118;48;2;88;91;104m▀[m[38;2;59;58;65m▀[m         [38;2;104;105;145;48;2;156;151;202m▀[m[38;2;171;167;214m▄[m[38;2;183;177;232;48;2;149;143;207m▀[m[38;2;68;95;131;48;2;104;105;145m▀[m [38;2;68;95;131m▄[m[38;2;68;95;131;48;2;88;89;123m▀[m[38;2;58;62;76;48;2;150;146;198m▀[m[38;2;58;62;76;48;2;30;128;171m▀[m[38;2;58;62;76;48;2;58;62;76m▀[m[38;2;58;62;76;48;2;58;62;76m▀[m[38;2;88;89;123;48;2;30;128;171m▀[m[38;2;127;129;182;48;2;32;34;40m▀[m[38;2;47;96;114;48;2;32;34;40m▀[m[38;2;27;208;242;48;2;68;95;131m▀[m[38;2;27;208;242;48;2;68;95;131m▀[m[38;2;68;95;131;48;2;47;96;114m▀[m[38;2;169;163;220;48;2;149;143;207m▀[m[38;2;183;177;232;48;2;183;177;232m▀[m[38;2;195;187;239;48;2;195;187;239m▀[m[38;2;169;163;220;48;2;169;163;220m▀[m[38;2;149;143;207;48;2;149;143;207m▀[m[38;2;150;146;198;48;2;169;163;220m▀[m[38;2;183;177;232;48;2;149;143;207m▀[m[38;2;150;146;198;48;2;68;95;131m▀[m         [38;2;147;142;205;48;2;96;93;129m▀[m[38;2;160;156;204;48;2;147;142;205m▀[m[38;2;147;142;205m▄[m[38;2;164;158;218m▄[m[38;2;32;37;43;48;2;56;61;80m▀[m[38;2;32;37;43;48;2;44;46;55m▀[m[38;2;44;46;55;48;2;44;46;55m▀[m[38;2;32;37;43;48;2;44;46;55m▀[m[38;2;32;37;43;48;2;44;46;55m▀[m[38;2;32;37;43;48;2;96;93;129m▀[m[38;2;56;61;80;48;2;44;46;55m▀[m[38;2;44;46;55;48;2;56;61;80m▀[m[38;2;32;37;43;48;2;29;33;40m▀[m[38;2;29;33;40;48;2;44;46;55m▀[m[38;2;29;33;40;48;2;44;46;55m▀[m[38;2;29;33;40;48;2;44;46;55m▀[m[38;2;29;33;40;48;2;44;46;55m▀[m[38;2;126;128;181;48;2;56;61;80m▀[m[38;2;147;142;205;48;2;147;142;205m▀[m[38;2;184;177;231;48;2;195;188;239m▀[m[38;2;160;156;204;48;2;164;158;218m▀[m [38;2;160;156;204m▄[m
 [38;2;55;56;61m▀[m[38;2;88;91;104;48;2;55;56;61m▀[m[38;2;112;108;118;48;2;88;91;104m▀[m[38;2;120;120;135;48;2;112;108;118m▀[m[38;2;120;120;135;48;2;120;120;135m▀[m[38;2;146;141;150;48;2;120;120;135m▀[m[38;2;157;153;159;48;2;120;120;135m▀[m[38;2;146;141;150;48;2;146;141;150m▀[m[38;2;146;141;150;48;2;120;120;135m▀[m[38;2;146;141;150;48;2;64;67;78m▀[m[38;2;146;141;150;48;2;64;63;69m▀[m[38;2;146;141;150;48;2;55;56;61m▀[m[38;2;88;91;104;48;2;59;75;91m▀[m[38;2;103;139;161;48;2;59;75;91m▀[m[38;2;112;108;118;48;2;55;56;61m▀[m[38;2;112;108;118;48;2;55;56;61m▀[m[38;2;175;171;171;48;2;120;120;135m▀[m[38;2;175;171;171;48;2;157;153;159m▀[m[38;2;175;171;171;48;2;175;171;171m▀[m[38;2;146;141;150;48;2;175;171;171m▀[m[38;2;59;75;91;48;2;157;153;159m▀[m[38;2;88;91;104;48;2;175;171;171m▀[m[38;2;157;153;159;48;2;146;141;150m▀[m[38;2;112;108;118;48;2;88;91;104m▀[m[38;2;64;63;69m▄[m[38;2;79;83;96;48;2;93;92;100m▀[m[38;2;131;125;134;48;2;157;153;159m▀[m[38;2;80;79;88m▄[m[38;2;59;58;65m▄[m       [38;2;171;167;214;48;2;171;167;214m▀[m[38;2;195;187;239;48;2;195;187;239m▀[m[38;2;183;177;232;48;2;169;163;220m▀[m[38;2;104;105;145m▀[m [38;2;32;34;40;48;2;58;62;76m▀[m[38;2;58;62;76;48;2;58;62;76m▀[m[38;2;58;62;76;48;2;58;62;76m▀[m[38;2;30;128;171;48;2;58;62;76m▀[m[38;2;30;128;171;48;2;32;34;40m▀[m[38;2;47;96;114;48;2;32;34;40m▀[m[38;2;58;62;76;48;2;32;34;40m▀[m[38;2;58;62;76;48;2;32;34;40m▀[m[38;2;32;34;40;48;2;32;34;40m▀[m[38;2;32;34;40;48;2;32;34;40m▀[m[38;2;32;34;40;48;2;32;34;40m▀[m[38;2;104;105;145;48;2;104;105;145m▀[m[38;2;88;89;123;48;2;88;89;123m▀[m[38;2;149;143;207;48;2;169;163;220m▀[m[38;2;183;177;232;48;2;195;187;239m▀[m[38;2;195;187;239;48;2;183;177;232m▀[m[38;2;149;143;207;48;2;149;143;207m▀[m[38;2;149;143;207;48;2;127;129;182m▀[m[38;2;156;151;202m▀[m           [38;2;137;132;181m▄[m[38;2;146;141;196;48;2;164;158;218m▀[m[38;2;195;188;239;48;2;184;177;231m▀[m[38;2;164;158;218;48;2;147;142;205m▀[m[38;2;44;46;55;48;2;44;46;55m▀[m[38;2;65;89;113;48;2;65;89;113m▀[m[38;2;54;190;213;48;2;54;190;213m▀[m[38;2;54;190;213;48;2;54;190;213m▀[m[38;2;44;46;55;48;2;44;46;55m▀[m[38;2;29;33;40;48;2;29;33;40m▀[m[38;2;44;46;55;48;2;44;46;55m▀[m[38;2;44;46;55;48;2;32;37;43m▀[m[38;2;32;37;43;48;2;32;37;43m▀[m[38;2;44;46;55;48;2;44;46;55m▀[m[38;2;43;144;180;48;2;54;190;213m▀[m[38;2;54;190;213;48;2;54;190;213m▀[m[38;2;32;37;43;48;2;32;37;43m▀[m[38;2;56;61;80;48;2;56;61;80m▀[m[38;2;147;142;205;48;2;147;142;205m▀[m[38;2;174;168;222;48;2;174;168;222m▀[m[38;2;147;142;205;48;2;160;156;204m▀[m[38;2;29;33;40m▄[m[38;2;146;141;196;48;2;96;93;129m▀[m[38;2;146;141;196m▀[m
   [38;2;79;78;86m▀[m[38;2;88;91;104;48;2;59;58;65m▀[m[38;2;112;108;118;48;2;88;91;104m▀[m[38;2;112;108;118;48;2;112;108;118m▀[m[38;2;112;108;118;48;2;64;67;78m▀[m[38;2;93;92;100;48;2;64;63;69m▀[m[38;2;64;63;69;48;2;103;139;161m▀[m[38;2;80;79;88;48;2;103;139;161m▀[m[38;2;88;91;104;48;2;103;139;161m▀[m[38;2;88;91;104;48;2;103;139;161m▀[m[38;2;88;91;104;48;2;103;139;161m▀[m[38;2;80;79;88;48;2;80;112;137m▀[m[38;2;80;79;88;48;2;80;112;137m▀[m[38;2;59;75;91;48;2;80;112;137m▀[m[38;2;64;63;69;48;2;80;112;137m▀[m[38;2;93;92;100;48;2;55;56;61m▀[m[38;2;146;141;150;48;2;79;83;96m▀[m[38;2;157;153;159;48;2;120;120;135m▀[m[38;2;175;171;171;48;2;157;153;159m▀[m[38;2;175;171;171;48;2;175;171;171m▀[m[38;2;157;153;159;48;2;175;171;171m▀[m[38;2;120;120;135;48;2;146;141;150m▀[m[38;2;112;108;118;48;2;146;141;150m▀[m[38;2;146;141;150;48;2;146;141;150m▀[m[38;2;157;153;159;48;2;112;108;118m▀[m[38;2;112;108;118;48;2;80;79;88m▀[m[38;2;88;91;104;48;2;112;108;118m▀[m[38;2;79;78;86m▄[m     [38;2;104;105;145m▄[m[38;2;156;151;202;48;2;149;143;207m▀[m[38;2;195;187;239;48;2;195;187;239m▀[m[38;2;183;177;232;48;2;195;201;243m▀[m[38;2;127;129;182;48;2;183;177;232m▀[m[38;2;88;89;123m▄[m[38;2;58;62;76;48;2;58;62;76m▀[m[38;2;58;62;76;48;2;30;128;171m▀[m[38;2;58;62;76;48;2;27;208;242m▀[m[38;2;58;62;76;48;2;30;128;171m▀[m[38;2;58;62;76;48;2;58;62;76m▀[m[38;2;68;95;131;48;2;104;105;145m▀[m[38;2;32;34;40;48;2;32;34;40m▀[m[38;2;32;34;40;48;2;47;96;114m▀[m[38;2;30;128;171;48;2;27;208;242m▀[m[38;2;47;96;114;48;2;30;128;171m▀[m[38;2;32;34;40;48;2;88;89;123m▀[m[38;2;58;62;76;48;2;169;163;220m▀[m[38;2;169;163;220;48;2;195;187;239m▀[m[38;2;183;177;232;48;2;183;177;232m▀[m[38;2;183;177;232;48;2;149;143;207m▀[m[38;2;149;143;207;48;2;149;143;207m▀[m[38;2;149;143;207;48;2;104;105;145m▀[m[38;2;104;105;145m▀[m [38;2;104;105;145m▄[m[38;2;88;89;123;48;2;27;208;242m▀[m[38;2;104;105;145;48;2;68;95;131m▀[m       [38;2;137;132;181;48;2;137;132;181m▀[m[38;2;203;197;244;48;2;203;197;244m▀[m[38;2;203;197;244;48;2;203;197;244m▀[m[38;2;174;168;222;48;2;184;177;231m▀[m[38;2;147;142;205;48;2;126;128;181m▀[m[38;2;32;37;43;48;2;44;46;55m▀[m[38;2;65;89;113;48;2;44;46;55m▀[m[38;2;54;190;213;48;2;44;46;55m▀[m[38;2;54;190;213;48;2;44;46;55m▀[m[38;2;44;46;55;48;2;44;46;55m▀[m[38;2;29;33;40;48;2;29;33;40m▀[m[38;2;32;37;43;48;2;44;46;55m▀[m[38;2;32;37;43;48;2;32;37;43m▀[m[38;2;32;37;43;48;2;29;33;40m▀[m[38;2;44;46;55;48;2;44;46;55m▀[m[38;2;54;190;213;48;2;44;46;55m▀[m[38;2;54;190;213;48;2;32;37;43m▀[m[38;2;32;37;43;48;2;56;61;80m▀[m[38;2;56;61;80;48;2;184;177;231m▀[m[38;2;147;142;205;48;2;195;188;239m▀[m[38;2;195;188;239;48;2;203;197;244m▀[m[38;2;184;177;231;48;2;174;168;222m▀[m[38;2;147;142;205;48;2;147;142;205m▀[m[38;2;137;132;181;48;2;184;177;231m▀[m[38;2;29;33;40m▄[m
  [38;2;79;78;86m▄[m  [38;2;55;56;61;48;2;55;56;61m▀[m[38;2;112;108;118;48;2;112;108;118m▀[m[38;2;64;67;78;48;2;64;67;78m▀[m[38;2;55;56;61;48;2;55;56;61m▀[m[38;2;55;56;61;48;2;55;56;61m▀[m[38;2;55;56;61;48;2;64;67;78m▀[m[38;2;79;78;86;48;2;64;67;78m▀[m[38;2;93;92;100;48;2;55;56;61m▀[m[38;2;88;91;104;48;2;55;56;61m▀[m[38;2;103;139;161;48;2;55;56;61m▀[m[38;2;103;139;161;48;2;88;91;104m▀[m[38;2;59;75;91;48;2;59;75;91m▀[m[38;2;112;108;118;48;2;80;79;88m▀[m[38;2;55;56;61;48;2;88;91;104m▀[m[38;2;79;83;96;48;2;120;120;135m▀[m[38;2;120;120;135;48;2;146;141;150m▀[m[38;2;157;153;159;48;2;146;141;150m▀[m[38;2;175;171;171;48;2;146;141;150m▀[m[38;2;157;153;159;48;2;146;141;150m▀[m[38;2;146;141;150;48;2;131;125;134m▀[m[38;2;146;141;150;48;2;112;108;118m▀[m[38;2;112;108;118;48;2;88;91;104m▀[m[38;2;55;56;61m▀[m [38;2;88;91;104;48;2;59;58;65m▀[m[38;2;79;78;86m▀[m     [38;2;156;151;202;48;2;156;151;202m▀[m[38;2;183;177;232;48;2;183;177;232m▀[m[38;2;150;146;198;48;2;30;128;171m▀[m[38;2;127;129;182;48;2;27;208;242m▀[m[38;2;169;163;220;48;2;156;151;202m▀[m[38;2;127;129;182;48;2;127;129;182m▀[m[38;2;58;62;76;48;2;58;62;76m▀[m[38;2;30;128;171;48;2;30;128;171m▀[m[38;2;195;201;243;48;2;27;208;242m▀[m[38;2;62;177;196;48;2;153;149;202m▀[m[38;2;58;62;76;48;2;58;62;76m▀[m[38;2;104;105;145;48;2;68;95;131m▀[m[38;2;32;34;40;48;2;32;34;40m▀[m[38;2;47;96;114;48;2;30;128;171m▀[m[38;2;27;208;242;48;2;127;129;182m▀[m[38;2;30;128;171;48;2;183;177;232m▀[m[38;2;195;201;243;48;2;195;187;239m▀[m[38;2;195;187;239;48;2;183;177;232m▀[m[38;2;183;177;232;48;2;149;143;207m▀[m[38;2;149;143;207;48;2;149;143;207m▀[m[38;2;149;143;207;48;2;104;105;145m▀[m[38;2;68;95;131;48;2;104;105;145m▀[m[38;2;183;177;232m▄[m[38;2;183;177;232m▄[m[38;2;156;151;202m▄[m [38;2;68;95;131m▀[m        [38;2;146;141;196m▀[m[38;2;203;197;244;48;2;160;156;204m▀[m[38;2;203;197;244;48;2;184;177;231m▀[m[38;2;195;188;239;48;2;126;128;181m▀[m[38;2;184;177;231;48;2;164;158;218m▀[m[38;2;56;61;80;48;2;56;61;80m▀[m[38;2;44;46;55;48;2;65;89;113m▀[m[38;2;56;61;80;48;2;171;207;240m▀[m[38;2;44;46;55;48;2;54;190;213m▀[m[38;2;44;46;55;48;2;44;46;55m▀[m[38;2;29;33;40;48;2;29;33;40m▀[m[38;2;44;46;55;48;2;44;46;55m▀[m[38;2;44;46;55;48;2;32;37;43m▀[m[38;2;32;37;43;48;2;126;128;181m▀[m[38;2;29;33;40;48;2;174;168;222m▀[m[38;2;56;61;80;48;2;164;158;218m▀[m[38;2;65;89;113;48;2;164;158;218m▀[m[38;2;184;177;231;48;2;195;188;239m▀[m[38;2;203;197;244;48;2;203;197;244m▀[m[38;2;203;197;244;48;2;160;156;204m▀[m[38;2;203;197;244;48;2;126;128;181m▀[m[38;2;203;197;244;48;2;160;156;204m▀[m[38;2;184;177;231;48;2;174;168;222m▀[m[38;2;164;158;218;48;2;147;142;205m▀[m[38;2;29;33;40;48;2;29;33;40m▀[m
  [38;2;59;58;65m▀[m[38;2;64;63;69;48;2;55;56;61m▀[m[38;2;88;91;104m▄[m[38;2;80;79;88;48;2;88;91;104m▀[m[38;2;112;108;118;48;2;55;56;61m▀[m[38;2;64;67;78;48;2;55;56;61m▀[m[38;2;55;56;61;48;2;55;56;61m▀[m[38;2;55;56;61;48;2;55;56;61m▀[m[38;2;103;139;161;48;2;103;139;161m▀[m[38;2;64;67;78;48;2;64;67;78m▀[m[38;2;64;67;78;48;2;103;139;161m▀[m[38;2;80;79;88;48;2;59;75;91m▀[m[38;2;64;63;69;48;2;79;78;86m▀[m[38;2;80;79;88;48;2;88;91;104m▀[m[38;2;64;67;78;48;2;80;79;88m▀[m[38;2;64;63;69;48;2;55;56;61m▀[m[38;2;120;120;135;48;2;112;108;118m▀[m[38;2;120;120;135;48;2;132;118;117m▀[m[38;2;131;125;134;48;2;112;108;118m▀[m[38;2;112;108;118;48;2;120;120;135m▀[m[38;2;120;120;135;48;2;120;120;135m▀[m[38;2;120;120;135;48;2;112;108;118m▀[m[38;2;112;108;118;48;2;88;91;104m▀[m[38;2;80;79;88;48;2;55;56;61m▀[m           [38;2;150;146;198;48;2;104;105;145m▀[m[38;2;30;128;171;48;2;169;163;220m▀[m[38;2;30;128;171;48;2;149;143;207m▀[m[38;2;150;146;198;48;2;149;143;207m▀[m[38;2;88;89;123;48;2;88;89;123m▀[m[38;2;58;62;76;48;2;32;34;40m▀[m[38;2;47;96;114;48;2;32;34;40m▀[m[38;2;27;208;242;48;2;32;34;40m▀[m[38;2;62;177;196;48;2;32;34;40m▀[m[38;2;58;62;76;48;2;32;34;40m▀[m[38;2;104;105;145;48;2;68;95;131m▀[m[38;2;32;34;40;48;2;32;34;40m▀[m[38;2;58;62;76;48;2;127;129;182m▀[m[38;2;169;163;220;48;2;169;163;220m▀[m[38;2;195;187;239;48;2;126;123;172m▀[m[38;2;195;187;239;48;2;68;95;131m▀[m[38;2;183;177;232;48;2;156;151;202m▀[m[38;2;169;163;220;48;2;183;177;232m▀[m[38;2;149;143;207;48;2;169;163;220m▀[m[38;2;127;129;182;48;2;149;143;207m▀[m[38;2;195;187;239;48;2;149;143;207m▀[m[38;2;195;187;239;48;2;68;95;131m▀[m[38;2;195;187;239;48;2;126;123;172m▀[m[38;2;195;187;239;48;2;183;177;232m▀[m[38;2;127;129;182;48;2;149;143;207m▀[m          [38;2;29;33;40;48;2;29;33;40m▀[m[38;2;126;128;181;48;2;142;137;193m▀[m[38;2;54;190;213;48;2;43;144;180m▀[m[38;2;126;128;181;48;2;142;137;193m▀[m[38;2;56;61;80;48;2;56;61;80m▀[m[38;2;65;89;113;48;2;56;61;80m▀[m[38;2;54;190;213;48;2;54;190;213m▀[m[38;2;54;190;213;48;2;43;144;180m▀[m[38;2;44;46;55;48;2;44;46;55m▀[m[38;2;29;33;40;48;2;29;33;40m▀[m[38;2;44;46;55;48;2;56;61;80m▀[m[38;2;147;142;205;48;2;184;177;231m▀[m[38;2;195;188;239;48;2;160;156;204m▀[m[38;2;195;188;239;48;2;160;156;204m▀[m[38;2;195;188;239;48;2;184;177;231m▀[m[38;2;164;158;218;48;2;174;168;222m▀[m[38;2;174;168;222;48;2;174;168;222m▀[m[38;2;195;188;239;48;2;164;158;218m▀[m[38;2;43;144;180;48;2;43;144;180m▀[m[38;2;54;190;213;48;2;43;144;180m▀[m[38;2;43;144;180;48;2;126;128;181m▀[m[38;2;147;142;205;48;2;147;142;205m▀[m[38;2;126;128;181;48;2;65;89;113m▀[m
     [38;2;64;63;69m▄[m [38;2;64;63;69m▀[m[38;2;55;56;61;48;2;55;56;61m▀[m[38;2;64;63;69;48;2;55;56;61m▀[m[38;2;124;185;198;48;2;64;67;78m▀[m[38;2;59;75;91;48;2;80;112;137m▀[m[38;2;124;185;198;48;2;80;112;137m▀[m[38;2;59;75;91;48;2;64;67;78m▀[m[38;2;79;78;86;48;2;79;78;86m▀[m[38;2;80;79;88;48;2;88;91;104m▀[m[38;2;64;67;78;48;2;64;67;78m▀[m[38;2;64;63;69;48;2;55;56;61m▀[m[38;2;88;91;104;48;2;64;67;78m▀[m[38;2;112;108;118;48;2;112;108;118m▀[m[38;2;132;118;117;48;2;146;141;150m▀[m[38;2;112;108;118;48;2;131;125;134m▀[m[38;2;112;108;118;48;2;88;91;104m▀[m[38;2;88;91;104;48;2;88;91;104m▀[m[38;2;80;79;88;48;2;59;58;65m▀[m  [38;2;64;63;69m▄[m[38;2;64;63;69;48;2;112;108;118m▀[m[38;2;59;58;65;48;2;59;58;65m▀[m        [38;2;68;95;131m▀[m[38;2;68;95;131;48;2;104;105;145m▀[m[38;2;156;151;202;48;2;156;151;202m▀[m[38;2;150;146;198;48;2;149;143;207m▀[m[38;2;127;129;182;48;2;156;151;202m▀[m[38;2;88;89;123;48;2;68;95;131m▀[m[38;2;58;62;76;48;2;149;143;207m▀[m[38;2;32;34;40;48;2;149;143;207m▀[m[38;2;32;34;40;48;2;127;129;182m▀[m[38;2;68;95;131;48;2;156;151;202m▀[m[38;2;32;34;40;48;2;127;129;182m▀[m[38;2;127;129;182;48;2;183;177;232m▀[m[38;2;149;143;207;48;2;149;143;207m▀[m[38;2;30;128;171;48;2;68;95;131m▀[m[38;2;27;208;242;48;2;68;95;131m▀[m[38;2;30;128;171;48;2;30;128;171m▀[m[38;2;183;177;232;48;2;149;143;207m▀[m[38;2;149;143;207;48;2;149;143;207m▀[m[38;2;150;146;198;48;2;126;123;172m▀[m[38;2;104;105;145m▀[m[38;2;104;105;145;48;2;169;163;220m▀[m[38;2;171;167;214;48;2;171;167;214m▀[m[38;2;127;129;182m▀[m[38;2;68;95;131;48;2;104;105;145m▀[m           [38;2;126;128;181;48;2;29;33;40m▀[m[38;2;147;142;205m▀[m[38;2;147;142;205;48;2;126;128;181m▀[m[38;2;56;61;80;48;2;126;128;181m▀[m[38;2;44;46;55;48;2;29;33;40m▀[m[38;2;44;46;55;48;2;56;61;80m▀[m[38;2;44;46;55;48;2;56;61;80m▀[m[38;2;44;46;55;48;2;65;89;113m▀[m[38;2;29;33;40;48;2;160;156;204m▀[m[38;2;65;89;113;48;2;174;168;222m▀[m[38;2;174;168;222;48;2;164;158;218m▀[m[38;2;43;144;180;48;2;65;89;113m▀[m[38;2;54;190;213;48;2;65;89;113m▀[m[38;2;147;142;205;48;2;147;142;205m▀[m[38;2;203;197;244;48;2;174;168;222m▀[m[38;2;195;188;239;48;2;174;168;222m▀[m[38;2;147;142;205;48;2;147;142;205m▀[m[38;2;147;142;205;48;2;142;137;193m▀[m[38;2;147;142;205;48;2;146;141;196m▀[m[38;2;147;142;205;48;2;29;33;40m▀[m[38;2;146;141;196;48;2;137;132;181m▀[m[38;2;29;33;40;48;2;160;156;204m▀[m[38;2;29;33;40;48;2;146;141;196m▀[m
        [38;2;59;58;65m▀[m[38;2;55;56;61m▀[m[38;2;55;56;61;48;2;59;58;65m▀[m[38;2;64;63;69;48;2;79;78;86m▀[m[38;2;64;63;69;48;2;55;56;61m▀[m[38;2;64;63;69;48;2;80;79;88m▀[m[38;2;64;63;69;48;2;59;75;91m▀[m[38;2;80;79;88;48;2;80;79;88m▀[m[38;2;64;67;78;48;2;55;56;61m▀[m[38;2;64;67;78;48;2;64;63;69m▀[m[38;2;64;63;69;48;2;88;91;104m▀[m[38;2;112;108;118;48;2;88;91;104m▀[m[38;2;120;120;135;48;2;112;108;118m▀[m[38;2;146;141;150;48;2;131;125;134m▀[m[38;2;112;108;118;48;2;146;141;150m▀[m[38;2;88;91;104;48;2;120;120;135m▀[m[38;2;80;79;88;48;2;112;108;118m▀[m[38;2;55;56;61;48;2;131;125;134m▀[m[38;2;112;108;118;48;2;112;108;118m▀[m[38;2;112;108;118;48;2;88;91;104m▀[m[38;2;80;79;88m▀[m         [38;2;104;105;145m▀[m[38;2;149;143;207m▀[m[38;2;149;143;207m▀[m[38;2;68;95;131m▀[m  [38;2;68;95;131m▀[m[38;2;169;163;220;48;2;127;129;182m▀[m[38;2;195;187;239;48;2;149;143;207m▀[m[38;2;183;177;232;48;2;183;177;232m▀[m[38;2;183;177;232;48;2;195;187;239m▀[m[38;2;195;187;239;48;2;195;187;239m▀[m[38;2;169;163;220;48;2;149;143;207m▀[m[38;2;149;143;207;48;2;149;143;207m▀[m[38;2;149;143;207;48;2;149;143;207m▀[m[38;2;149;143;207;48;2;149;143;207m▀[m[38;2;149;143;207;48;2;156;151;202m▀[m[38;2;156;151;202m▀[m  [38;2;149;143;207;48;2;68;95;131m▀[m[38;2;127;129;182;48;2;149;143;207m▀[m[38;2;169;163;220m▄[m[38;2;169;163;220;48;2;156;151;202m▀[m[38;2;104;105;145m▀[m         [38;2;96;93;129m▀[m[38;2;160;156;204m▀[m [38;2;147;142;205;48;2;126;128;181m▀[m[38;2;146;141;196;48;2;147;142;205m▀[m[38;2;65;89;113;48;2;147;142;205m▀[m[38;2;147;142;205;48;2;126;128;181m▀[m[38;2;147;142;205;48;2;126;128;181m▀[m[38;2;164;158;218;48;2;164;158;218m▀[m[38;2;195;188;239;48;2;184;177;231m▀[m[38;2;195;188;239;48;2;184;177;231m▀[m[38;2;164;158;218;48;2;147;142;205m▀[m[38;2;147;142;205;48;2;147;142;205m▀[m[38;2;147;142;205;48;2;142;137;193m▀[m[38;2;147;142;205;48;2;29;33;40m▀[m[38;2;147;142;205;48;2;96;93;129m▀[m[38;2;147;142;205;48;2;96;93;129m▀[m[38;2;147;142;205;48;2;147;142;205m▀[m[38;2;126;128;181;48;2;147;142;205m▀[m [38;2;96;93;129m▄[m[38;2;146;141;196m▀[m[38;2;126;128;181m▀[m
                 [38;2;59;58;65m▀[m[38;2;80;79;88m▀[m[38;2;112;108;118;48;2;79;78;86m▀[m[38;2;64;67;78m▀[m[38;2;55;56;61m▀[m[38;2;88;91;104m▀[m[38;2;112;108;118;48;2;79;78;86m▀[m[38;2;112;108;118;48;2;79;78;86m▀[m[38;2;80;79;88;48;2;59;58;65m▀[m[38;2;55;56;61m▀[m[38;2;59;58;65m▀[m                  [38;2;68;95;131m▀[m[38;2;149;143;207;48;2;68;95;131m▀[m[38;2;149;143;207;48;2;156;151;202m▀[m[38;2;149;143;207;48;2;68;95;131m▀[m[38;2;149;143;207;48;2;68;95;131m▀[m[38;2;149;143;207;48;2;68;95;131m▀[m[38;2;68;95;131m▀[m[38;2;104;105;145m▀[m      [38;2;104;105;145m▀[m               [38;2;126;128;181m▀[m[38;2;146;141;196m▀[m [38;2;96;93;129m▀[m[38;2;160;156;204;48;2;96;93;129m▀[m[38;2;147;142;205;48;2;146;141;196m▀[m[38;2;147;142;205;48;2;146;141;196m▀[m[38;2;147;142;205;48;2;146;141;196m▀[m[38;2;65;89;113m▀[m  [38;2;146;141;196;48;2;65;89;113m▀[m[38;2;126;128;181;48;2;146;141;196m▀[m[38;2;147;142;205;48;2;29;33;40m▀[m[38;2;29;33;40m▀[m [38;2;126;128;181m▀[m[38;2;96;93;129m▀[m

[1mmistcache[m                         [1mfogbuffer[m                         [1mcloudvault[m
                                          [38;2;176;56;130;48;2;244;81;180m▀[m[38;2;89;67;109;48;2;176;56;130m▀[m       [38;2;176;56;130m▄[m[38;2;89;67;109;48;2;244;81;180m▀[m  [38;2;89;67;109;48;2;244;81;180m▀[m[38;2;176;56;130m▄[m                     [38;2;82;83;129m▄[m[38;2;60;79;149m▄[m      [38;2;175;59;136m▄[m[38;2;82;83;129m▄[m[38;2;175;59;136;48;2;166;87;168m▀[m [38;2;82;83;129m▄[m
                                      [38;2;244;81;180;48;2;244;81;180m▀[m[38;2;176;56;130;48;2;244;81;180m▀[m[38;2;176;56;130m▄[m[38;2;195;64;137;48;2;244;81;180m▀[m[38;2;244;81;180;48;2;195;64;137m▀[m[38;2;176;56;130m▀[m       [38;2;176;56;130m▀[m[38;2;244;81;180;48;2;198;70;166m▀[m[38;2;176;56;130;48;2;198;70;166m▀[m[38;2;195;64;137;48;2;237;93;201m▀[m[38;2;244;81;180;48;2;224;77;169m▀[m[38;2;176;56;130;48;2;89;67;109m▀[m   [38;2;98;115;159m▄[m[38;2;89;67;109m▄[m             [38;2;82;83;129;48;2;230;78;173m▀[m[38;2;175;59;136m▄[m[38;2;200;69;146m▄[m[38;2;191;62;139;48;2;166;87;168m▀[m[38;2;175;59;136m▀[m  [38;2;82;83;129m▄[m[38;2;82;83;129m▄[m  [38;2;230;78;173m▀[m[38;2;200;69;146;48;2;230;78;173m▀[m[38;2;166;87;168;48;2;230;78;173m▀[m[38;2;175;59;136;48;2;230;78;173m▀[m[38;2;191;62;139;48;2;82;83;129m▀[m [38;2;82;83;129m▀[m[38;2;75;190;215;48;2;53;164;186m▀[m
                                     [38;2;89;67;109m▄[m[38;2;176;56;130m▀[m[38;2;244;81;180;48;2;176;56;130m▀[m[38;2;198;70;166;48;2;244;81;180m▀[m[38;2;244;81;180;48;2;195;64;137m▀[m[38;2;89;67;109;48;2;198;70;166m▀[m[38;2;244;81;180m▄[m      [38;2;176;56;130;48;2;244;81;180m▀[m[38;2;89;67;109;48;2;198;70;166m▀[m[38;2;176;56;130;48;2;89;67;109m▀[m[38;2;244;81;180;48;2;244;81;180m▀[m[38;2;244;81;180;48;2;176;56;130m▀[m[38;2;176;56;130m▀[m    [38;2;74;214;244;48;2;54;110;152m▀[m[38;2;56;176;198;48;2;54;110;152m▀[m [38;2;104;219;243m▄[m[38;2;43;161;232m▄[m        [38;2;82;83;129m▄[m [38;2;166;87;168;48;2;200;69;146m▀[m[38;2;191;62;139;48;2;230;78;173m▀[m[38;2;166;87;168;48;2;166;87;168m▀[m[38;2;82;83;129;48;2;78;113;194m▀[m[38;2;60;79;149m▄[m[38;2;84;167;222m▄[m[38;2;53;164;186;48;2;188;164;231m▀[m[38;2;165;160;219;48;2;165;160;219m▀[m[38;2;78;113;194m▀[m [38;2;175;59;136;48;2;230;78;173m▀[m[38;2;60;79;149m▄[m[38;2;166;87;168;48;2;204;95;188m▀[m[38;2;230;78;173;48;2;200;69;146m▀[m[38;2;82;83;129;48;2;82;83;129m▀[m[38;2;230;78;173m▄[m[38;2;82;83;129m▄[m  [38;2;60;79;149m▄[m
   [38;2;73;70;89;48;2;156;71;104m▀[m                                [38;2;176;56;130;48;2;176;56;130m▀[m[38;2;198;70;166;48;2;244;81;180m▀[m[38;2;176;56;130m▄[m[38;2;176;56;130;48;2;224;77;169m▀[m[38;2;244;81;180;48;2;224;77;169m▀[m[38;2;244;81;180;48;2;176;56;130m▀[m[38;2;224;77;169m▀[m[38;2;176;56;130m▀[m  [38;2;54;110;152m▄[m[38;2;56;176;198m▄[m  [38;2;176;56;130m▀[m[38;2;244;81;180;48;2;195;64;137m▀[m[38;2;198;70;166;48;2;244;81;180m▀[m[38;2;244;81;180;48;2;176;56;130m▀[m [38;2;244;81;180m▄[m[38;2;195;64;137;48;2;244;81;180m▀[m[38;2;198;70;166;48;2;176;56;130m▀[m     [38;2;43;161;232;48;2;89;67;109m▀[m[38;2;43;161;232;48;2;89;67;109m▀[m       [38;2;82;83;129;48;2;175;59;136m▀[m[38;2;166;87;168;48;2;230;78;173m▀[m[38;2;82;83;129;48;2;200;69;146m▀[m[38;2;230;78;173;48;2;166;87;168m▀[m[38;2;166;87;168;48;2;82;83;129m▀[m[38;2;110;107;162m▀[m[38;2;60;79;149m▄[m[38;2;75;190;215;48;2;52;172;245m▀[m[38;2;165;160;219;48;2;52;172;245m▀[m[38;2;230;78;173;48;2;204;95;188m▀[m[38;2;165;160;219;48;2;204;95;188m▀[m[38;2;75;190;215;48;2;82;83;129m▀[m [38;2;175;59;136m▀[m[38;2;230;78;173;48;2;230;78;173m▀[m[38;2;230;78;173;48;2;230;78;173m▀[m[38;2;60;79;149;48;2;200;69;146m▀[m[38;2;230;78;173;48;2;230;78;173m▀[m[38;2;175;59;136;48;2;230;78;173m▀[m   [38;2;52;172;245m▀[m
 [38;2;73;70;89m▄[m[38;2;110;61;89m▄[m[38;2;95;66;90;48;2;95;66;90m▀[m[38;2;73;70;89;48;2;95;66;90m▀[m[38;2;110;61;89m▄[m           [38;2;73;70;89m▄[m[38;2;51;65;84m▄[m [38;2;156;71;104m▄[m[38;2;156;71;104;48;2;51;65;84m▀[m[38;2;51;65;84m▄[m[38;2;95;66;90m▄[m     [38;2;73;70;89m▀[m    [38;2;89;67;109m▄[m[38;2;176;56;130m▄[m[38;2;89;67;109m▀[m[38;2;224;77;169;48;2;89;67;109m▀[m[38;2;224;77;169;48;2;237;93;201m▀[m[38;2;244;81;180;48;2;104;90;166m▀[m[38;2;89;67;109;48;2;176;56;130m▀[m[38;2;89;67;109;48;2;169;78;159m▀[m[38;2;176;56;130;48;2;176;56;130m▀[m [38;2;56;176;198m▄[m[38;2;56;176;198;48;2;151;174;230m▀[m[38;2;151;174;230;48;2;237;93;201m▀[m[38;2;104;219;243;48;2;89;178;232m▀[m[38;2;54;110;152m▄[m [38;2;89;67;109m▄[m[38;2;195;64;137;48;2;224;77;169m▀[m[38;2;244;81;180;48;2;244;81;180m▀[m[38;2;89;67;109;48;2;198;70;166m▀[m[38;2;195;64;137;48;2;244;81;180m▀[m[38;2;244;81;180;48;2;198;70;166m▀[m[38;2;176;56;130;48;2;176;56;130m▀[m     [38;2;89;67;109m▄[m[38;2;89;67;109m▄[m       [38;2;60;79;149m▄[m[38;2;175;59;136m▄[m[38;2;230;78;173;48;2;60;79;149m▀[m[38;2;230;78;173;48;2;204;95;188m▀[m[38;2;166;87;168;48;2;110;107;162m▀[m[38;2;191;62;139;48;2;82;83;129m▀[m[38;2;82;83;129;48;2;53;164;186m▀[m[38;2;52;172;245;48;2;39;143;240m▀[m[38;2;52;172;245;48;2;28;111;218m▀[m[38;2;52;172;245;48;2;28;111;218m▀[m[38;2;204;95;188;48;2;84;167;222m▀[m[38;2;165;160;219;48;2;230;78;173m▀[m[38;2;87;219;245;48;2;75;190;215m▀[m[38;2;230;78;173m▄[m[38;2;230;78;173;48;2;230;78;173m▀[m[38;2;230;78;173m▀[m[38;2;82;83;129m▄[m[38;2;230;78;173m▄[m[38;2;230;78;173m▄[m[38;2;82;83;129m▄[m [38;2;82;83;129m▄[m[38;2;53;164;186m▄[m[38;2;87;219;245m▄[m[38;2;78;113;194m▄[m
  [38;2;95;66;90;48;2;73;70;89m▀[m[38;2;95;66;90;48;2;110;61;89m▀[m[38;2;164;82;117;48;2;156;71;104m▀[m[38;2;103;95;119;48;2;164;82;117m▀[m[38;2;58;83;106m▄[m[38;2;104;151;170m▄[m[38;2;73;70;89;48;2;148;210;223m▀[m[38;2;104;151;170;48;2;148;210;223m▀[m[38;2;104;173;202;48;2;114;179;202m▀[m[38;2;91;116;150;48;2;114;179;202m▀[m[38;2;60;101;138;48;2;87;141;174m▀[m[38;2;73;70;89;48;2;87;141;174m▀[m[38;2;77;115;147m▄[m[38;2;58;83;106m▄[m[38;2;73;70;89m▄[m[38;2;95;66;90;48;2;164;82;117m▀[m[38;2;51;65;84;48;2;164;82;117m▀[m[38;2;110;61;89;48;2;164;82;117m▀[m[38;2;205;103;141;48;2;164;82;117m▀[m[38;2;164;82;117;48;2;73;70;89m▀[m[38;2;51;65;84m▀[m    [38;2;104;151;170m▄[m[38;2;87;141;174m▄[m     [38;2;176;56;130;48;2;89;67;109m▀[m[38;2;244;81;180;48;2;198;70;166m▀[m[38;2;176;56;130;48;2;244;81;180m▀[m[38;2;176;56;130;48;2;195;64;137m▀[m[38;2;237;93;201;48;2;237;93;201m▀[m[38;2;104;90;166;48;2;47;96;175m▀[m[38;2;198;70;166m▀[m[38;2;89;67;109;48;2;54;110;152m▀[m[38;2;54;110;152m▄[m[38;2;56;176;198;48;2;56;176;198m▀[m[38;2;43;161;232;48;2;56;176;198m▀[m[38;2;169;78;159;48;2;22;91;177m▀[m[38;2;104;90;166;48;2;22;110;217m▀[m[38;2;89;178;232;48;2;104;90;166m▀[m[38;2;169;78;159;48;2;169;78;159m▀[m[38;2;169;78;159m▄[m[38;2;195;64;137;48;2;244;81;180m▀[m[38;2;244;81;180;48;2;198;70;166m▀[m[38;2;244;81;180;48;2;89;67;109m▀[m[38;2;195;64;137m▀[m[38;2;176;56;130m▀[m[38;2;198;70;166m▀[m[38;2;198;70;166m▀[m[38;2;89;67;109m▀[m  [38;2;74;194;219m▄[m[38;2;54;110;152;48;2;151;174;230m▀[m[38;2;104;219;243;48;2;237;93;201m▀[m[38;2;83;234;251;48;2;104;219;243m▀[m       [38;2;82;83;129m▀[m[38;2;230;78;173;48;2;110;107;162m▀[m[38;2;166;87;168;48;2;230;78;173m▀[m[38;2;166;87;168;48;2;166;87;168m▀[m[38;2;200;69;146;48;2;60;79;149m▀[m[38;2;87;219;245m▄[m[38;2;41;160;224;48;2;87;219;245m▀[m[38;2;28;111;218;48;2;87;219;245m▀[m[38;2;26;94;179;48;2;87;219;245m▀[m[38;2;26;94;179;48;2;28;111;218m▀[m[38;2;26;94;179;48;2;204;95;188m▀[m[38;2;166;87;168;48;2;230;78;173m▀[m[38;2;230;78;173;48;2;200;69;146m▀[m[38;2;230;78;173m▀[m[38;2;230;78;173m▀[m[38;2;230;78;173m▀[m[38;2;230;78;173;48;2;82;83;129m▀[m[38;2;191;62;139;48;2;175;59;136m▀[m  [38;2;82;83;129;48;2;87;219;245m▀[m[38;2;87;219;245;48;2;165;160;219m▀[m[38;2;204;95;188;48;2;230;78;173m▀[m[38;2;165;160;219;48;2;188;164;231m▀[m[38;2;82;83;129;48;2;75;190;215m▀[m
 [38;2;110;61;89m▀[m[38;2;51;65;84;48;2;156;71;104m▀[m[38;2;164;82;117;48;2;95;66;90m▀[m[38;2;110;61;89;48;2;103;95;119m▀[m[38;2;91;116;150;48;2;148;210;223m▀[m[38;2;148;210;223;48;2;109;153;177m▀[m[38;2;77;115;147;48;2;114;179;202m▀[m[38;2;87;141;174;48;2;104;173;202m▀[m[38;2;87;141;174;48;2;87;141;174m▀[m[38;2;87;141;174;48;2;148;210;223m▀[m[38;2;77;115;147;48;2;77;115;147m▀[m[38;2;114;179;202;48;2;114;179;202m▀[m[38;2;114;179;202;48;2;114;179;202m▀[m[38;2;87;141;174;48;2;114;179;202m▀[m[38;2;77;115;147;48;2;103;95;119m▀[m[38;2;110;61;89;48;2;205;103;141m▀[m[38;2;205;103;141;48;2;110;61;89m▀[m[38;2;156;71;104;48;2;51;65;84m▀[m[38;2;73;70;89;48;2;73;70;89m▀[m[38;2;95;66;90m▄[m[38;2;156;71;104;48;2;205;103;141m▀[m[38;2;73;70;89;48;2;164;82;117m▀[m[38;2;95;66;90;48;2;95;66;90m▀[m[38;2;73;70;89m▀[m  [38;2;73;70;89m▀[m[38;2;51;65;84m▀[m      [38;2;89;67;109m▄[m[38;2;224;77;169m▀[m[38;2;244;81;180;48;2;224;77;169m▀[m[38;2;237;93;201;48;2;169;78;159m▀[m[38;2;47;96;175;48;2;89;178;232m▀[m[38;2;74;194;219;48;2;89;178;232m▀[m[38;2;83;234;251;48;2;89;178;232m▀[m[38;2;83;234;251;48;2;89;178;232m▀[m[38;2;83;234;251;48;2;22;110;217m▀[m[38;2;83;234;251;48;2;104;219;243m▀[m[38;2;74;214;244;48;2;83;234;251m▀[m[38;2;22;110;217;48;2;74;214;244m▀[m[38;2;22;91;177;48;2;104;90;166m▀[m[38;2;169;78;159;48;2;244;81;180m▀[m[38;2;244;81;180;48;2;224;77;169m▀[m[38;2;198;70;166;48;2;89;67;109m▀[m[38;2;89;67;109m▄[m[38;2;176;56;130m▄[m[38;2;195;64;137;48;2;244;81;180m▀[m[38;2;98;115;159;48;2;244;81;180m▀[m[38;2;198;70;166;48;2;195;64;137m▀[m[38;2;89;67;109;48;2;89;67;109m▀[m [38;2;83;234;251m▄[m[38;2;74;194;219;48;2;74;214;244m▀[m[38;2;151;174;230;48;2;151;174;230m▀[m[38;2;237;93;201;48;2;237;93;201m▀[m[38;2;237;93;201;48;2;151;174;230m▀[m[38;2;56;176;198;48;2;89;67;109m▀[m       [38;2;82;83;129m▀[m[38;2;230;78;173;48;2;175;59;136m▀[m[38;2;200;69;146;48;2;230;78;173m▀[m[38;2;166;87;168;48;2;84;167;222m▀[m[38;2;87;219;245;48;2;87;219;245m▀[m[38;2;87;219;245;48;2;87;219;245m▀[m[38;2;84;167;222;48;2;52;172;245m▀[m[38;2;87;219;245;48;2;84;167;222m▀[m[38;2;87;219;245;48;2;84;167;222m▀[m[38;2;84;167;222;48;2;87;219;245m▀[m[38;2;230;78;173;48;2;28;111;218m▀[m[38;2;166;87;168;48;2;26;94;179m▀[m[38;2;166;87;168;48;2;166;87;168m▀[m[38;2;175;59;136;48;2;230;78;173m▀[m[38;2;230;78;173;48;2;175;59;136m▀[m[38;2;191;62;139m▀[m[38;2;82;83;129m▀[m  [38;2;60;79;149;48;2;52;172;245m▀[m[38;2;52;172;245;48;2;39;143;240m▀[m[38;2;52;172;245;48;2;52;172;245m▀[m[38;2;230;78;173;48;2;204;95;188m▀[m[38;2;188;164;231;48;2;204;95;188m▀[m[38;2;82;83;129;48;2;165;160;219m▀[m[38;2;53;164;186m▄[m
 [38;2;73;70;89;48;2;95;66;90m▀[m[38;2;95;66;90;48;2;156;71;104m▀[m[38;2;95;66;90;48;2;103;95;119m▀[m[38;2;109;153;177;48;2;109;153;177m▀[m[38;2;148;210;223;48;2;148;210;223m▀[m[38;2;87;141;174;48;2;77;115;147m▀[m[38;2;148;210;223;48;2;104;173;202m▀[m[38;2;87;141;174;48;2;109;153;177m▀[m[38;2;87;141;174;48;2;104;173;202m▀[m[38;2;114;179;202;48;2;77;115;147m▀[m[38;2;77;115;147;48;2;109;153;177m▀[m[38;2;114;179;202;48;2;148;210;223m▀[m[38;2;114;179;202;48;2;148;210;223m▀[m[38;2;114;179;202;48;2;148;210;223m▀[m[38;2;91;116;150;48;2;87;141;174m▀[m[38;2;110;61;89;48;2;103;95;119m▀[m[38;2;110;61;89;48;2;205;103;141m▀[m[38;2;110;61;89;48;2;164;82;117m▀[m[38;2;156;71;104;48;2;103;95;119m▀[m[38;2;164;82;117;48;2;51;65;84m▀[m[38;2;110;61;89m▀[m[38;2;73;70;89;48;2;73;70;89m▀[m     [38;2;58;83;106m▄[m[38;2;87;141;174m▄[m[38;2;58;83;106m▄[m   [38;2;176;56;130m▀[m[38;2;244;81;180;48;2;176;56;130m▀[m[38;2;195;64;137;48;2;244;81;180m▀[m[38;2;176;56;130;48;2;104;90;166m▀[m[38;2;89;178;232;48;2;104;219;243m▀[m[38;2;89;178;232;48;2;104;219;243m▀[m[38;2;83;234;251;48;2;74;214;244m▀[m[38;2;74;214;244;48;2;104;219;243m▀[m[38;2;104;219;243;48;2;43;161;232m▀[m[38;2;74;214;244;48;2;104;219;243m▀[m[38;2;83;234;251;48;2;83;234;251m▀[m[38;2;83;234;251;48;2;83;234;251m▀[m[38;2;83;234;251;48;2;83;234;251m▀[m[38;2;169;78;159;48;2;74;214;244m▀[m[38;2;198;70;166;48;2;104;90;166m▀[m[38;2;169;78;159;48;2;224;77;169m▀[m[38;2;195;64;137;48;2;195;64;137m▀[m[38;2;244;81;180;48;2;195;64;137m▀[m[38;2;244;81;180;48;2;198;70;166m▀[m[38;2;195;64;137;48;2;244;81;180m▀[m[38;2;89;67;109;48;2;176;56;130m▀[m  [38;2;54;110;152;48;2;43;161;232m▀[m[38;2;83;234;251;48;2;43;161;232m▀[m[38;2;43;161;232;48;2;43;161;232m▀[m[38;2;89;178;232;48;2;89;178;232m▀[m[38;2;244;81;180;48;2;169;78;159m▀[m[38;2;104;90;166;48;2;237;93;201m▀[m[38;2;74;194;219;48;2;237;93;201m▀[m[38;2;74;194;219;48;2;104;219;243m▀[m[38;2;98;115;159;48;2;98;115;159m▀[m       [38;2;82;83;129;48;2;53;164;186m▀[m[38;2;87;219;245;48;2;87;219;245m▀[m[38;2;87;219;245;48;2;87;219;245m▀[m[38;2;87;219;245;48;2;87;219;245m▀[m[38;2;87;219;245;48;2;87;219;245m▀[m[38;2;191;62;139;48;2;75;190;215m▀[m[38;2;191;62;139;48;2;166;87;168m▀[m[38;2;87;219;245;48;2;52;172;245m▀[m[38;2;52;172;245;48;2;28;111;218m▀[m[38;2;39;143;240;48;2;39;143;240m▀[m[38;2;39;143;240;48;2;52;172;245m▀[m[38;2;26;94;179;48;2;52;172;245m▀[m[38;2;26;94;179;48;2;52;172;245m▀[m[38;2;60;79;149;48;2;39;143;240m▀[m[38;2;28;111;218m▄[m[38;2;82;83;129m▄[m [38;2;39;143;240;48;2;26;94;179m▀[m[38;2;39;143;240;48;2;26;94;179m▀[m[38;2;28;111;218;48;2;28;111;218m▀[m[38;2;84;167;222;48;2;28;111;218m▀[m[38;2;230;78;173;48;2;230;78;173m▀[m[38;2;188;164;231;48;2;78;113;194m▀[m[38;2;53;164;186m▀[m
  [38;2;51;65;84m▀[m[38;2;56;88;118;48;2;104;151;170m▀[m[38;2;95;66;90;48;2;95;66;90m▀[m[38;2;145;165;178;48;2;56;88;118m▀[m[38;2;87;141;174;48;2;148;210;223m▀[m[38;2;87;141;174;48;2;148;210;223m▀[m[38;2;77;115;147;48;2;148;210;223m▀[m[38;2;77;115;147;48;2;148;210;223m▀[m[38;2;87;141;174;48;2;148;210;223m▀[m[38;2;148;210;223;48;2;104;151;170m▀[m[38;2;104;151;170;48;2;73;70;89m▀[m[38;2;58;83;106;48;2;103;95;119m▀[m[38;2;109;153;177;48;2;104;151;170m▀[m[38;2;109;153;177;48;2;87;141;174m▀[m[38;2;56;88;118;48;2;103;95;119m▀[m[38;2;110;61;89;48;2;164;82;117m▀[m[38;2;110;61;89;48;2;56;88;118m▀[m[38;2;95;66;90;48;2;51;65;84m▀[m[38;2;205;103;141;48;2;95;66;90m▀[m[38;2;164;82;117;48;2;51;65;84m▀[m[38;2;103;95;119m▀[m  [38;2;73;70;89m▄[m[38;2;73;70;89;48;2;104;173;202m▀[m[38;2;109;153;177;48;2;109;153;177m▀[m[38;2;87;141;174;48;2;109;153;177m▀[m[38;2;60;101;138;48;2;56;88;118m▀[m[38;2;77;115;147m▀[m     [38;2;89;67;109m▀[m[38;2;54;110;152;48;2;54;110;152m▀[m[38;2;104;219;243;48;2;83;234;251m▀[m[38;2;104;219;243;48;2;83;234;251m▀[m[38;2;89;178;232;48;2;74;214;244m▀[m[38;2;89;178;232;48;2;83;234;251m▀[m[38;2;104;219;243;48;2;83;234;251m▀[m[38;2;83;234;251;48;2;83;234;251m▀[m[38;2;169;78;159;48;2;195;64;137m▀[m[38;2;169;78;159;48;2;224;77;169m▀[m[38;2;74;214;244;48;2;74;194;219m▀[m[38;2;74;214;244;48;2;74;214;244m▀[m[38;2;22;110;217;48;2;22;110;217m▀[m[38;2;104;90;166;48;2;169;78;159m▀[m[38;2;47;96;175;48;2;244;81;180m▀[m[38;2;89;67;109;48;2;244;81;180m▀[m[38;2;54;110;152m▄[m[38;2;89;67;109;48;2;89;67;109m▀[m[38;2;89;67;109m▀[m [38;2;54;110;152;48;2;47;96;175m▀[m[38;2;43;161;232;48;2;22;110;217m▀[m[38;2;43;161;232;48;2;22;110;217m▀[m[38;2;22;110;217;48;2;22;110;217m▀[m[38;2;43;161;232;48;2;22;110;217m▀[m[38;2;151;174;230;48;2;169;78;159m▀[m[38;2;237;93;201;48;2;237;93;201m▀[m[38;2;237;93;201;48;2;151;174;230m▀[m[38;2;74;194;219;48;2;89;67;109m▀[m         [38;2;60;79;149m▀[m[38;2;75;190;215m▀[m[38;2;75;190;215m▀[m[38;2;87;219;245m▀[m[38;2;87;219;245;48;2;26;94;179m▀[m[38;2;52;172;245;48;2;84;167;222m▀[m[38;2;28;111;218;48;2;84;167;222m▀[m[38;2;28;111;218;48;2;28;111;218m▀[m[38;2;28;111;218;48;2;41;160;224m▀[m[38;2;28;111;218;48;2;87;219;245m▀[m[38;2;28;111;218;48;2;87;219;245m▀[m[38;2;52;172;245;48;2;28;111;218m▀[m[38;2;87;219;245;48;2;28;111;218m▀[m[38;2;52;172;245;48;2;52;172;245m▀[m[38;2;28;111;218;48;2;87;219;245m▀[m[38;2;26;94;179;48;2;28;111;218m▀[m[38;2;26;94;179;48;2;26;94;179m▀[m[38;2;26;94;179;48;2;60;79;149m▀[m[38;2;26;94;179;48;2;26;94;179m▀[m[38;2;28;111;218;48;2;26;94;179m▀[m[38;2;204;95;188;48;2;230;78;173m▀[m[38;2;84;167;222;48;2;165;160;219m▀[m[38;2;60;79;149;48;2;60;79;149m▀[m
  [38;2;110;61;89m▀[m[38;2;95;66;90m▀[m[38;2;145;165;178;48;2;58;83;106m▀[m[38;2;148;210;223;48;2;104;151;170m▀[m[38;2;148;210;223;48;2;56;88;118m▀[m[38;2;148;210;223;48;2;56;88;118m▀[m[38;2;148;210;223;48;2;73;124;143m▀[m[38;2;148;210;223;48;2;148;210;223m▀[m[38;2;148;210;223;48;2;109;153;177m▀[m[38;2;114;179;202;48;2;109;153;177m▀[m[38;2;87;141;174;48;2;148;210;223m▀[m[38;2;91;116;150;48;2;145;165;178m▀[m[38;2;164;82;117;48;2;91;116;150m▀[m[38;2;91;116;150;48;2;56;88;118m▀[m[38;2;56;88;118;48;2;56;88;118m▀[m[38;2;156;71;104;48;2;51;65;84m▀[m[38;2;164;82;117;48;2;56;88;118m▀[m[38;2;156;71;104;48;2;95;66;90m▀[m[38;2;56;88;118;48;2;95;66;90m▀[m[38;2;58;83;106;48;2;87;141;174m▀[m[38;2;60;101;138m▄[m[38;2;73;70;89m▄[m[38;2;87;141;174m▄[m[38;2;87;141;174;48;2;87;141;174m▀[m[38;2;87;141;174;48;2;60;101;138m▀[m[38;2;60;101;138;48;2;103;95;119m▀[m[38;2;103;95;119;48;2;164;82;117m▀[m[38;2;95;66;90;48;2;56;88;118m▀[m[38;2;51;65;84;48;2;109;153;177m▀[m[38;2;51;65;84m▄[m     [38;2;74;214;244;48;2;54;110;152m▀[m[38;2;74;214;244;48;2;56;176;198m▀[m[38;2;83;234;251;48;2;56;176;198m▀[m[38;2;89;178;232;48;2;56;176;198m▀[m[38;2;83;234;251;48;2;56;176;198m▀[m[38;2;83;234;251;48;2;74;194;219m▀[m[38;2;83;234;251;48;2;83;234;251m▀[m[38;2;104;90;166;48;2;83;234;251m▀[m[38;2;195;64;137;48;2;89;178;232m▀[m[38;2;89;178;232;48;2;43;161;232m▀[m[38;2;43;161;232;48;2;22;110;217m▀[m[38;2;22;110;217;48;2;22;110;217m▀[m[38;2;22;91;177;48;2;22;110;217m▀[m[38;2;104;90;166;48;2;22;110;217m▀[m[38;2;104;90;166;48;2;22;110;217m▀[m[38;2;22;91;177;48;2;43;161;232m▀[m[38;2;43;161;232;48;2;74;214;244m▀[m[38;2;47;96;175;48;2;43;161;232m▀[m[38;2;89;67;109;48;2;22;91;177m▀[m[38;2;54;110;152;48;2;22;91;177m▀[m[38;2;22;110;217;48;2;22;91;177m▀[m[38;2;22;91;177;48;2;22;91;177m▀[m[38;2;22;110;217;48;2;22;91;177m▀[m[38;2;22;110;217;48;2;22;110;217m▀[m[38;2;104;90;166;48;2;151;174;230m▀[m[38;2;198;70;166;48;2;237;93;201m▀[m[38;2;104;90;166;48;2;237;93;201m▀[m[38;2;56;176;198;48;2;104;219;243m▀[m[38;2;89;67;109;48;2;98;115;159m▀[m        [38;2;60;79;149;48;2;53;164;186m▀[m  [38;2;26;94;179m▄[m[38;2;26;94;179;48;2;28;111;218m▀[m[38;2;41;160;224;48;2;28;111;218m▀[m[38;2;84;167;222;48;2;60;79;149m▀[m[38;2;84;167;222;48;2;84;167;222m▀[m[38;2;41;160;224;48;2;28;111;218m▀[m[38;2;87;219;245;48;2;39;143;240m▀[m[38;2;87;219;245;48;2;39;143;240m▀[m[38;2;28;111;218;48;2;41;160;224m▀[m[38;2;28;111;218;48;2;28;111;218m▀[m[38;2;87;219;245;48;2;39;143;240m▀[m[38;2;87;219;245;48;2;52;172;245m▀[m[38;2;41;160;224;48;2;28;111;218m▀[m[38;2;28;111;218;48;2;39;143;240m▀[m[38;2;26;94;179;48;2;39;143;240m▀[m[38;2;82;83;129;48;2;82;83;129m▀[m[38;2;166;87;168;48;2;82;83;129m▀[m[38;2;204;95;188;48;2;230;78;173m▀[m[38;2;53;164;186;48;2;78;113;194m▀[m
     [38;2;73;70;89m▀[m[38;2;104;151;170m▀[m[38;2;145;165;178m▀[m[38;2;145;165;178;48;2;51;65;84m▀[m[38;2;103;95;119;48;2;58;83;106m▀[m[38;2;91;116;150;48;2;51;65;84m▀[m[38;2;145;165;178;48;2;95;66;90m▀[m[38;2;104;151;170;48;2;58;83;106m▀[m[38;2;77;115;147;48;2;103;95;119m▀[m[38;2;56;88;118;48;2;77;115;147m▀[m[38;2;56;88;118;48;2;91;116;150m▀[m[38;2;60;101;138;48;2;77;115;147m▀[m[38;2;60;101;138;48;2;77;115;147m▀[m[38;2;56;88;118;48;2;77;115;147m▀[m[38;2;56;88;118;48;2;60;101;138m▀[m[38;2;87;141;174;48;2;77;115;147m▀[m[38;2;87;141;174;48;2;77;115;147m▀[m[38;2;77;115;147;48;2;60;101;138m▀[m[38;2;56;88;118;48;2;56;88;118m▀[m[38;2;56;88;118;48;2;56;88;118m▀[m[38;2;58;83;106;48;2;77;115;147m▀[m[38;2;77;115;147;48;2;91;116;150m▀[m[38;2;109;153;177;48;2;110;61;89m▀[m[38;2;110;61;89;48;2;56;88;118m▀[m[38;2;60;101;138;48;2;51;65;84m▀[m[38;2;60;101;138m▀[m        [38;2;47;96;175m▀[m[38;2;56;176;198m▀[m[38;2;56;176;198m▀[m[38;2;56;176;198;48;2;22;110;217m▀[m[38;2;56;176;198;48;2;22;91;177m▀[m[38;2;43;161;232;48;2;89;178;232m▀[m[38;2;43;161;232;48;2;89;178;232m▀[m[38;2;43;161;232;48;2;104;219;243m▀[m[38;2;22;110;217;48;2;43;161;232m▀[m[38;2;43;161;232;48;2;74;214;244m▀[m[38;2;43;161;232;48;2;83;234;251m▀[m[38;2;43;161;232;48;2;74;214;244m▀[m[38;2;22;110;217;48;2;43;161;232m▀[m[38;2;22;110;217;48;2;22;110;217m▀[m[38;2;22;110;217;48;2;22;110;217m▀[m[38;2;22;110;217;48;2;74;214;244m▀[m[38;2;22;110;217;48;2;83;234;251m▀[m[38;2;22;91;177;48;2;74;214;244m▀[m[38;2;47;96;175;48;2;22;91;177m▀[m[38;2;22;91;177;48;2;22;91;177m▀[m[38;2;22;91;177;48;2;22;91;177m▀[m[38;2;22;110;217;48;2;104;90;166m▀[m[38;2;104;90;166;48;2;237;93;201m▀[m[38;2;169;78;159;48;2;237;93;201m▀[m[38;2;104;90;166;48;2;74;214;244m▀[m[38;2;98;115;159;48;2;89;67;109m▀[m       [38;2;82;83;129;48;2;60;79;149m▀[m[38;2;60;79;149;48;2;41;160;224m▀[m [38;2;82;83;129;48;2;84;167;222m▀[m[38;2;84;167;222;48;2;52;172;245m▀[m[38;2;52;172;245;48;2;39;143;240m▀[m[38;2;28;111;218m▀[m[38;2;82;83;129m▀[m[38;2;60;79;149m▄[m[38;2;82;83;129;48;2;52;172;245m▀[m[38;2;28;111;218;48;2;39;143;240m▀[m[38;2;39;143;240;48;2;28;111;218m▀[m[38;2;39;143;240;48;2;82;83;129m▀[m[38;2;26;94;179m▀[m[38;2;26;94;179;48;2;60;79;149m▀[m[38;2;26;94;179;48;2;28;111;218m▀[m[38;2;26;94;179;48;2;60;79;149m▀[m[38;2;28;111;218;48;2;28;111;218m▀[m[38;2;39;143;240;48;2;39;143;240m▀[m[38;2;52;172;245;48;2;87;219;245m▀[m[38;2;60;79;149;48;2;60;79;149m▀[m [38;2;78;113;194m▀[m[38;2;60;79;149m▀[m
   [38;2;51;65;84m▄[m[38;2;51;65;84m▄[m[38;2;104;173;202m▄[m[38;2;73;70;89m▄[m [38;2;56;88;118m▄[m[38;2;56;88;118;48;2;56;88;118m▀[m[38;2;95;66;90;48;2;51;65;84m▀[m[38;2;104;151;170;48;2;103;95;119m▀[m[38;2;104;151;170;48;2;145;165;178m▀[m[38;2;145;165;178;48;2;145;165;178m▀[m[38;2;103;95;119;48;2;103;95;119m▀[m[38;2;114;179;202;48;2;77;115;147m▀[m[38;2;87;141;174;48;2;114;179;202m▀[m[38;2;56;88;118;48;2;87;141;174m▀[m[38;2;87;141;174;48;2;91;116;150m▀[m[38;2;77;115;147;48;2;109;153;177m▀[m[38;2;60;101;138;48;2;109;153;177m▀[m[38;2;103;95;119;48;2;56;88;118m▀[m[38;2;56;88;118;48;2;56;88;118m▀[m[38;2;77;115;147;48;2;91;116;150m▀[m[38;2;56;88;118;48;2;56;88;118m▀[m[38;2;103;95;119;48;2;95;66;90m▀[m[38;2;164;82;117;48;2;51;65;84m▀[m[38;2;95;66;90;48;2;73;70;89m▀[m[38;2;60;101;138m▀[m         [38;2;54;110;152m▄[m[38;2;56;176;198m▄[m[38;2;89;67;109;48;2;43;161;232m▀[m[38;2;22;91;177;48;2;43;161;232m▀[m[38;2;22;110;217;48;2;43;161;232m▀[m[38;2;22;110;217;48;2;47;96;175m▀[m[38;2;47;96;175m▀[m[38;2;89;178;232m▀[m[38;2;104;219;243;48;2;56;176;198m▀[m[38;2;89;178;232;48;2;89;178;232m▀[m[38;2;74;214;244;48;2;43;161;232m▀[m[38;2;83;234;251;48;2;83;234;251m▀[m[38;2;83;234;251;48;2;83;234;251m▀[m[38;2;43;161;232;48;2;43;161;232m▀[m[38;2;89;178;232;48;2;89;178;232m▀[m[38;2;22;110;217;48;2;22;110;217m▀[m[38;2;74;214;244;48;2;43;161;232m▀[m[38;2;83;234;251;48;2;89;178;232m▀[m[38;2;83;234;251;48;2;43;161;232m▀[m[38;2;22;91;177;48;2;89;67;109m▀[m[38;2;22;110;217;48;2;22;91;177m▀[m[38;2;104;90;166;48;2;151;174;230m▀[m[38;2;169;78;159;48;2;237;93;201m▀[m[38;2;169;78;159;48;2;237;93;201m▀[m[38;2;74;194;219;48;2;56;176;198m▀[m[38;2;54;110;152m▀[m           [38;2;41;160;224m▀[m[38;2;41;160;224;48;2;82;83;129m▀[m[38;2;78;113;194m▀[m [38;2;60;79;149;48;2;75;190;215m▀[m[38;2;87;219;245;48;2;41;160;224m▀[m[38;2;52;172;245;48;2;78;113;194m▀[m[38;2;28;111;218;48;2;53;164;186m▀[m [38;2;60;79;149m▄[m[38;2;60;79;149;48;2;26;94;179m▀[m[38;2;39;143;240;48;2;41;160;224m▀[m[38;2;26;94;179;48;2;60;79;149m▀[m [38;2;60;79;149;48;2;26;94;179m▀[m[38;2;39;143;240;48;2;52;172;245m▀[m[38;2;87;219;245;48;2;52;172;245m▀[m[38;2;26;94;179;48;2;28;111;218m▀[m [38;2;53;164;186m▄[m[38;2;26;94;179m▄[m
   [38;2;51;65;84m▀[m[38;2;87;141;174;48;2;58;83;106m▀[m[38;2;87;141;174;48;2;109;153;177m▀[m[38;2;87;141;174;48;2;114;179;202m▀[m[38;2;77;115;147;48;2;87;141;174m▀[m[38;2;60;101;138;48;2;56;88;118m▀[m[38;2;56;88;118m▀[m  [38;2;51;65;84m▀[m[38;2;103;95;119m▀[m[38;2;91;116;150;48;2;73;70;89m▀[m[38;2;58;83;106;48;2;58;83;106m▀[m[38;2;148;210;223;48;2;109;153;177m▀[m[38;2;114;179;202;48;2;87;141;174m▀[m[38;2;56;88;118;48;2;58;83;106m▀[m[38;2;104;151;170;48;2;103;95;119m▀[m[38;2;104;151;170;48;2;73;70;89m▀[m[38;2;56;88;118m▀[m[38;2;51;65;84m▀[m[38;2;103;95;119m▀[m[38;2;77;115;147;48;2;51;65;84m▀[m[38;2;60;101;138;48;2;77;115;147m▀[m[38;2;56;88;118;48;2;109;153;177m▀[m[38;2;56;88;118;48;2;56;88;118m▀[m[38;2;58;83;106;48;2;51;65;84m▀[m        [38;2;56;176;198;48;2;56;176;198m▀[m[38;2;74;214;244;48;2;56;176;198m▀[m[38;2;43;161;232;48;2;56;176;198m▀[m[38;2;74;214;244;48;2;56;176;198m▀[m[38;2;43;161;232m▀[m[38;2;89;67;109m▀[m    [38;2;54;110;152;48;2;56;176;198m▀[m[38;2;43;161;232;48;2;43;161;232m▀[m[38;2;43;161;232;48;2;22;110;217m▀[m[38;2;43;161;232;48;2;98;115;159m▀[m[38;2;54;110;152m▀[m[38;2;98;115;159m▀[m[38;2;98;115;159m▀[m[38;2;47;96;175m▀[m[38;2;22;110;217;48;2;22;110;217m▀[m[38;2;22;110;217;48;2;22;110;217m▀[m[38;2;54;110;152;48;2;47;96;175m▀[m [38;2;56;176;198m▀[m[38;2;151;174;230;48;2;54;110;152m▀[m[38;2;151;174;230;48;2;74;214;244m▀[m[38;2;104;219;243;48;2;74;214;244m▀[m[38;2;54;110;152;48;2;74;214;244m▀[m           [38;2;82;83;129m▄[m[38;2;82;83;129m▄[m[38;2;110;107;162;48;2;165;160;219m▀[m[38;2;110;107;162;48;2;165;160;219m▀[m[38;2;60;79;149;48;2;87;219;245m▀[m[38;2;60;79;149;48;2;60;79;149m▀[m[38;2;82;83;129m▄[m[38;2;82;83;129m▄[m[38;2;82;83;129m▄[m[38;2;82;83;129;48;2;82;83;129m▀[m[38;2;82;83;129;48;2;82;83;129m▀[m[38;2;82;83;129;48;2;78;113;194m▀[m[38;2;41;160;224m▄[m[38;2;60;79;149;48;2;52;172;245m▀[m[38;2;52;172;245;48;2;39;143;240m▀[m[38;2;52;172;245;48;2;28;111;218m▀[m[38;2;28;111;218;48;2;78;113;194m▀[m[38;2;78;113;194;48;2;60;79;149m▀[m [38;2;82;83;129m▄[m
      [38;2;51;65;84m▀[m[38;2;51;65;84m▀[m    [38;2;73;70;89m▄[m[38;2;104;151;170m▄[m[38;2;51;65;84;48;2;87;141;174m▀[m[38;2;87;141;174;48;2;109;153;177m▀[m[38;2;91;116;150;48;2;87;141;174m▀[m[38;2;56;88;118;48;2;87;141;174m▀[m[38;2;58;83;106m▄[m     [38;2;73;70;89m▀[m[38;2;104;151;170m▀[m[38;2;58;83;106m▀[m[38;2;73;124;143m▀[m           [38;2;89;67;109m▀[m    [38;2;54;110;152m▄[m[38;2;56;176;198;48;2;74;214;244m▀[m[38;2;56;176;198;48;2;56;176;198m▀[m[38;2;83;234;251;48;2;83;234;251m▀[m[38;2;74;214;244;48;2;74;214;244m▀[m[38;2;47;96;175;48;2;56;176;198m▀[m   [38;2;89;67;109m▄[m[38;2;89;67;109;48;2;83;234;251m▀[m[38;2;74;214;244;48;2;74;194;219m▀[m[38;2;74;214;244;48;2;74;214;244m▀[m[38;2;43;161;232;48;2;43;161;232m▀[m[38;2;89;67;109;48;2;98;115;159m▀[m               [38;2;53;164;186;48;2;165;160;219m▀[m[38;2;188;164;231;48;2;188;164;231m▀[m[38;2;188;164;231;48;2;188;164;231m▀[m[38;2;188;164;231;48;2;87;219;245m▀[m[38;2;87;219;245;48;2;41;160;224m▀[m[38;2;52;172;245;48;2;41;160;224m▀[m[38;2;52;172;245;48;2;84;167;222m▀[m[38;2;39;143;240;48;2;78;113;194m▀[m[38;2;39;143;240;48;2;60;79;149m▀[m[38;2;39;143;240;48;2;60;79;149m▀[m[38;2;39;143;240;48;2;26;94;179m▀[m[38;2;39;143;240;48;2;26;94;179m▀[m[38;2;39;143;240;48;2;78;113;194m▀[m[38;2;39;143;240;48;2;78;113;194m▀[m[38;2;28;111;218;48;2;166;87;168m▀[m[38;2;28;111;218;48;2;175;59;136m▀[m[38;2;28;111;218;48;2;60;79;149m▀[m[38;2;166;87;168;48;2;82;83;129m▀[m[38;2;82;83;129;48;2;26;94;179m▀[m[38;2;26;94;179m▄[m[38;2;26;94;179;48;2;26;94;179m▀[m
              [38;2;104;151;170;48;2;73;70;89m▀[m[38;2;56;88;118m▀[m[38;2;51;65;84m▀[m[38;2;109;153;177m▀[m[38;2;51;65;84m▀[m                         [38;2;89;67;109m▀[m[38;2;89;67;109m▀[m[38;2;98;115;159;48;2;89;67;109m▀[m[38;2;56;176;198;48;2;89;67;109m▀[m      [38;2;98;115;159m▀[m[38;2;89;67;109m▀[m[38;2;47;96;175m▀[m[38;2;89;67;109m▀[m                 [38;2;175;59;136m▀[m[38;2;175;59;136m▀[m[38;2;166;87;168;48;2;175;59;136m▀[m[38;2;188;164;231;48;2;175;59;136m▀[m[38;2;188;164;231;48;2;53;164;186m▀[m[38;2;75;190;215m▀[m   [38;2;82;83;129m▀[m[38;2;75;190;215m▀[m[38;2;84;167;222;48;2;53;164;186m▀[m[38;2;188;164;231;48;2;53;164;186m▀[m[38;2;87;219;245;48;2;53;164;186m▀[m[38;2;60;79;149;48;2;53;164;186m▀[m  [38;2;82;83;129m▀[m[38;2;82;83;129m▀[m

[1msplashlotl[m                        [1mcachelotl[m                         [1mrebootide[m
         [38;2;67;55;35m▄[m[38;2;92;71;34;48;2;185;146;55m▀[m        [38;2;106;87;49m▄[m[38;2;106;87;49m▄[m                            [38;2;232;222;40m▄[m[38;2;59;57;50;48;2;180;160;13m▀[m                         [38;2;208;189;54m▄[m[38;2;131;109;19m▄[m   [38;2;131;109;19m▄[m[38;2;241;235;43m▄[m[38;2;57;52;44;48;2;131;109;19m▀[m    [38;2;57;52;44m▄[m  [38;2;186;159;21m▄[m[38;2;172;150;18;48;2;248;203;11m▀[m[38;2;131;109;19m▄[m
        [38;2;67;55;35m▄[m[38;2;185;159;108;48;2;210;193;164m▀[m[38;2;175;139;77;48;2;146;109;51m▀[m    [38;2;106;87;49m▄[m[38;2;185;146;55m▄[m[38;2;92;71;34;48;2;236;199;87m▀[m[38;2;212;171;88;48;2;212;171;88m▀[m[38;2;236;199;87;48;2;221;175;58m▀[m[38;2;92;71;34m▀[m                          [38;2;180;160;13m▄[m[38;2;232;222;40;48;2;232;222;40m▀[m[38;2;232;222;40;48;2;232;222;40m▀[m[38;2;180;160;13m▄[m          [38;2;198;170;18m▄[m[38;2;180;160;13m▄[m            [38;2;224;181;13;48;2;131;109;19m▀[m[38;2;186;159;21;48;2;241;235;43m▀[m[38;2;131;109;19m▄[m   [38;2;241;235;43;48;2;172;150;18m▀[m[38;2;224;181;13;48;2;241;235;43m▀[m[38;2;131;109;19;48;2;131;109;19m▀[m  [38;2;72;71;75m▄[m[38;2;88;86;83;48;2;63;62;66m▀[m[38;2;57;52;44;48;2;48;45;40m▀[m[38;2;186;159;21m▄[m[38;2;186;159;21;48;2;248;203;11m▀[m[38;2;248;203;11;48;2;248;203;11m▀[m[38;2;248;203;11;48;2;186;159;21m▀[m[38;2;131;109;19m▀[m
     [38;2;92;71;34;48;2;175;139;77m▀[m[38;2;92;71;34;48;2;167;123;50m▀[m[38;2;92;71;34m▄[m[38;2;106;87;49;48;2;175;139;77m▀[m[38;2;212;171;88;48;2;147;116;75m▀[m[38;2;146;109;51;48;2;112;86;52m▀[m[38;2;87;67;41m▄[m[38;2;185;146;55m▄[m[38;2;67;55;35;48;2;221;175;58m▀[m[38;2;221;175;58;48;2;162;112;78m▀[m[38;2;212;171;88;48;2;175;139;77m▀[m[38;2;175;139;77;48;2;175;139;77m▀[m[38;2;212;171;88;48;2;239;194;60m▀[m[38;2;212;171;88;48;2;175;139;77m▀[m[38;2;67;55;35m▀[m  [38;2;92;71;34m▄[m                   [38;2;198;170;18m▄[m  [38;2;198;170;18m▄[m  [38;2;180;160;13;48;2;232;222;40m▀[m[38;2;232;222;40;48;2;198;170;18m▀[m[38;2;199;169;15m▀[m     [38;2;87;87;85m▄[m[38;2;94;85;31;48;2;62;62;68m▀[m[38;2;62;62;68;48;2;82;76;52m▀[m[38;2;82;76;52;48;2;198;170;18m▀[m[38;2;247;204;11;48;2;247;204;11m▀[m[38;2;247;204;11;48;2;221;182;11m▀[m[38;2;199;169;15;48;2;94;85;31m▀[m           [38;2;186;159;21m▄[m[38;2;186;159;21m▀[m[38;2;57;52;44;48;2;57;52;44m▀[m[38;2;172;150;18m▄[m[38;2;172;150;18;48;2;188;130;12m▀[m[38;2;78;60;43m▄[m [38;2;172;150;18m▀[m  [38;2;131;109;19m▄[m[38;2;48;45;40;48;2;88;86;83m▀[m[38;2;63;62;66;48;2;63;62;66m▀[m[38;2;63;62;66;48;2;50;49;51m▀[m[38;2;111;96;40;48;2;78;60;43m▀[m[38;2;248;203;11;48;2;155;126;27m▀[m[38;2;224;181;13;48;2;248;203;11m▀[m[38;2;248;203;11;48;2;186;159;21m▀[m[38;2;131;109;19m▀[m
     [38;2;185;159;108;48;2;92;71;34m▀[m[38;2;210;193;164;48;2;232;211;156m▀[m[38;2;87;67;41;48;2;147;116;75m▀[m[38;2;147;116;75;48;2;210;193;164m▀[m[38;2;116;101;85;48;2;232;211;156m▀[m[38;2;175;139;77;48;2;232;211;156m▀[m[38;2;221;175;58;48;2;212;171;88m▀[m[38;2;175;139;77;48;2;232;211;156m▀[m[38;2;175;139;77;48;2;232;211;156m▀[m[38;2;212;171;88;48;2;185;146;55m▀[m[38;2;212;171;88;48;2;147;116;75m▀[m[38;2;175;139;77;48;2;212;171;88m▀[m[38;2;236;199;87;48;2;185;146;55m▀[m[38;2;110;89;52;48;2;112;86;52m▀[m[38;2;175;139;77m▄[m[38;2;92;71;34;48;2;236;199;87m▀[m[38;2;167;123;50;48;2;221;175;58m▀[m[38;2;175;139;77;48;2;92;71;34m▀[m                [38;2;94;85;31;48;2;199;169;15m▀[m[38;2;94;85;31;48;2;199;169;15m▀[m[38;2;94;85;31;48;2;198;170;18m▀[m[38;2;221;182;11;48;2;221;182;11m▀[m[38;2;199;169;15m▄[m[38;2;198;170;18;48;2;247;204;11m▀[m[38;2;198;170;18;48;2;180;160;13m▀[m [38;2;198;170;18m▀[m[38;2;59;57;50;48;2;94;85;31m▀[m[38;2;59;57;50;48;2;232;222;40m▀[m   [38;2;94;85;31m▄[m[38;2;117;101;36m▄[m[38;2;87;87;85;48;2;62;62;68m▀[m[38;2;62;62;68;48;2;62;62;68m▀[m[38;2;82;76;52;48;2;117;101;36m▀[m[38;2;198;170;18;48;2;247;204;11m▀[m[38;2;247;204;11;48;2;247;204;11m▀[m[38;2;247;204;11;48;2;199;169;15m▀[m[38;2;198;170;18m▀[m           [38;2;57;52;44m▀[m[38;2;186;159;21;48;2;224;181;13m▀[m[38;2;172;150;18;48;2;111;96;40m▀[m[38;2;57;52;44;48;2;155;126;27m▀[m[38;2;186;159;21;48;2;155;126;27m▀[m[38;2;88;86;83;48;2;50;49;51m▀[m[38;2;48;45;40;48;2;186;159;21m▀[m[38;2;131;109;19;48;2;131;109;19m▀[m  [38;2;57;52;44m▄[m[38;2;155;126;27;48;2;88;86;83m▀[m[38;2;63;62;66;48;2;50;49;51m▀[m[38;2;50;49;51;48;2;50;49;51m▀[m[38;2;50;49;51;48;2;63;62;66m▀[m[38;2;63;62;66;48;2;50;49;51m▀[m[38;2;111;96;40;48;2;50;49;51m▀[m[38;2;186;159;21;48;2;186;159;21m▀[m[38;2;186;159;21;48;2;248;203;11m▀[m[38;2;248;203;11;48;2;248;203;11m▀[m
   [38;2;110;89;52m▄[m[38;2;67;55;35m▄[m[38;2;92;71;34;48;2;67;55;35m▀[m[38;2;185;159;108;48;2;212;171;88m▀[m[38;2;212;171;88;48;2;212;171;88m▀[m[38;2;236;199;87;48;2;221;175;58m▀[m[38;2;236;199;87;48;2;221;175;58m▀[m[38;2;232;211;156;48;2;146;109;51m▀[m[38;2;232;211;156;48;2;146;109;51m▀[m[38;2;232;211;156;48;2;175;139;77m▀[m[38;2;232;211;156;48;2;185;159;108m▀[m[38;2;236;199;87;48;2;210;193;164m▀[m[38;2;212;171;88;48;2;232;211;156m▀[m[38;2;232;211;156;48;2;232;211;156m▀[m[38;2;236;199;87;48;2;212;171;88m▀[m[38;2;236;199;87;48;2;175;139;77m▀[m[38;2;185;159;108;48;2;112;86;52m▀[m[38;2;147;116;75;48;2;67;55;35m▀[m[38;2;67;55;35m▀[m     [38;2;167;123;50m▄[m[38;2;185;146;55m▄[m         [38;2;94;85;31;48;2;59;57;50m▀[m[38;2;247;204;11;48;2;247;204;11m▀[m[38;2;198;170;18;48;2;232;222;40m▀[m[38;2;247;204;11;48;2;221;182;11m▀[m[38;2;198;170;18;48;2;232;222;40m▀[m[38;2;247;204;11;48;2;198;170;18m▀[m[38;2;221;182;11;48;2;165;131;18m▀[m[38;2;59;57;50;48;2;221;182;11m▀[m[38;2;198;170;18;48;2;199;169;15m▀[m [38;2;94;85;31;48;2;180;160;13m▀[m[38;2;232;222;40;48;2;59;57;50m▀[m[38;2;180;160;13m▀[m [38;2;199;169;15m▄[m[38;2;117;101;36;48;2;117;101;36m▀[m[38;2;82;76;52;48;2;49;49;50m▀[m[38;2;49;49;50;48;2;49;49;50m▀[m[38;2;49;49;50;48;2;49;49;50m▀[m[38;2;82;76;52;48;2;65;80;34m▀[m[38;2;198;170;18;48;2;199;169;15m▀[m[38;2;117;101;36;48;2;247;204;11m▀[m[38;2;94;85;31;48;2;247;204;11m▀[m[38;2;59;57;50m▄[m           [38;2;57;52;44;48;2;172;150;18m▀[m[38;2;186;159;21;48;2;248;203;11m▀[m[38;2;111;96;40;48;2;224;181;13m▀[m[38;2;186;159;21;48;2;155;126;27m▀[m[38;2;63;62;66;48;2;111;96;40m▀[m[38;2;186;159;21;48;2;111;96;40m▀[m[38;2;186;159;21;48;2;186;159;21m▀[m[38;2;186;159;21m▄[m [38;2;131;109;19m▄[m[38;2;186;159;21;48;2;248;203;11m▀[m[38;2;224;181;13;48;2;186;159;21m▀[m[38;2;50;49;51;48;2;50;49;51m▀[m[38;2;50;49;51;48;2;50;49;51m▀[m[38;2;50;49;51;48;2;50;49;51m▀[m[38;2;50;49;51;48;2;63;62;66m▀[m[38;2;111;96;40;48;2;155;126;27m▀[m[38;2;248;203;11;48;2;248;203;11m▀[m[38;2;248;203;11;48;2;172;150;18m▀[m[38;2;172;150;18m▀[m
   [38;2;87;67;41m▀[m[38;2;167;123;50;48;2;67;55;35m▀[m[38;2;175;139;77;48;2;236;199;87m▀[m[38;2;236;199;87;48;2;236;199;87m▀[m[38;2;162;112;78;48;2;147;116;75m▀[m[38;2;239;194;60;48;2;212;171;88m▀[m[38;2;212;171;88;48;2;146;109;51m▀[m[38;2;162;112;78;48;2;221;175;58m▀[m[38;2;239;194;60;48;2;239;194;60m▀[m[38;2;239;194;60;48;2;239;194;60m▀[m[38;2;221;175;58;48;2;239;194;60m▀[m[38;2;175;139;77;48;2;239;194;60m▀[m[38;2;185;159;108;48;2;185;146;55m▀[m[38;2;212;171;88;48;2;185;159;108m▀[m[38;2;147;116;75;48;2;210;193;164m▀[m[38;2;112;86;52;48;2;210;193;164m▀[m[38;2;112;86;52;48;2;232;211;156m▀[m[38;2;146;109;51;48;2;232;211;156m▀[m[38;2;185;146;55;48;2;221;175;58m▀[m[38;2;185;159;108;48;2;67;55;35m▀[m[38;2;67;55;35m▀[m [38;2;92;71;34m▄[m[38;2;167;123;50;48;2;185;146;55m▀[m[38;2;185;146;55;48;2;167;123;50m▀[m[38;2;92;71;34m▄[m        [38;2;94;85;31m▄[m[38;2;221;182;11;48;2;247;204;11m▀[m[38;2;247;204;11;48;2;247;204;11m▀[m[38;2;247;204;11;48;2;221;182;11m▀[m[38;2;247;204;11;48;2;180;160;13m▀[m[38;2;247;204;11;48;2;180;160;13m▀[m[38;2;117;101;36;48;2;247;204;11m▀[m[38;2;247;204;11;48;2;247;204;11m▀[m[38;2;247;204;11;48;2;198;170;18m▀[m[38;2;94;85;31;48;2;198;170;18m▀[m    [38;2;199;169;15;48;2;198;170;18m▀[m[38;2;247;204;11;48;2;221;182;11m▀[m[38;2;117;101;36;48;2;82;76;52m▀[m[38;2;49;49;50;48;2;159;157;153m▀[m[38;2;47;47;48;48;2;47;47;48m▀[m[38;2;49;49;50;48;2;49;49;50m▀[m[38;2;117;101;36;48;2;165;131;18m▀[m[38;2;247;204;11;48;2;221;182;11m▀[m[38;2;247;204;11;48;2;198;170;18m▀[m[38;2;198;170;18m▀[m            [38;2;172;150;18;48;2;188;130;12m▀[m[38;2;224;181;13;48;2;224;181;13m▀[m[38;2;172;150;18;48;2;186;159;21m▀[m[38;2;186;159;21;48;2;186;159;21m▀[m[38;2;111;96;40;48;2;111;96;40m▀[m[38;2;63;62;66;48;2;50;49;51m▀[m[38;2;111;96;40;48;2;50;49;51m▀[m  [38;2;131;109;19;48;2;131;109;19m▀[m[38;2;248;203;11;48;2;248;203;11m▀[m[38;2;186;159;21;48;2;186;159;21m▀[m[38;2;111;96;40;48;2;88;86;83m▀[m[38;2;72;71;75;48;2;48;45;40m▀[m[38;2;50;49;51;48;2;50;49;51m▀[m[38;2;63;62;66;48;2;50;49;51m▀[m[38;2;186;159;21;48;2;111;96;40m▀[m[38;2;188;130;12;48;2;186;159;21m▀[m[38;2;224;181;13m▄[m
    [38;2;106;87;49;48;2;185;159;108m▀[m[38;2;236;199;87;48;2;110;89;52m▀[m[38;2;239;194;60;48;2;185;146;55m▀[m[38;2;221;175;58;48;2;221;175;58m▀[m[38;2;147;116;75;48;2;221;175;58m▀[m[38;2;221;175;58;48;2;239;194;60m▀[m[38;2;239;194;60;48;2;221;175;58m▀[m[38;2;239;194;60;48;2;116;101;85m▀[m[38;2;221;175;58;48;2;116;101;85m▀[m[38;2;239;194;60;48;2;185;146;55m▀[m[38;2;239;194;60;48;2;239;194;60m▀[m[38;2;239;194;60;48;2;239;194;60m▀[m[38;2;175;139;77;48;2;221;175;58m▀[m[38;2;232;211;156;48;2;185;159;108m▀[m[38;2;212;171;88;48;2;147;116;75m▀[m[38;2;185;146;55;48;2;110;89;52m▀[m[38;2;146;109;51;48;2;67;55;35m▀[m[38;2;92;71;34m▀[m    [38;2;67;55;35m▄[m[38;2;167;123;50;48;2;221;175;58m▀[m[38;2;221;175;58;48;2;67;55;35m▀[m         [38;2;198;170;18;48;2;87;87;85m▀[m[38;2;221;182;11;48;2;82;76;52m▀[m[38;2;65;80;34;48;2;87;87;85m▀[m[38;2;65;80;34;48;2;65;80;34m▀[m[38;2;68;165;75;48;2;68;165;75m▀[m[38;2;198;170;18;48;2;221;182;11m▀[m[38;2;247;204;11;48;2;247;204;11m▀[m[38;2;247;204;11;48;2;198;170;18m▀[m[38;2;59;57;50;48;2;59;57;50m▀[m   [38;2;59;57;50m▄[m[38;2;59;57;50;48;2;247;204;11m▀[m[38;2;62;62;68;48;2;82;76;52m▀[m[38;2;47;47;48;48;2;49;49;50m▀[m[38;2;47;47;48;48;2;49;49;50m▀[m[38;2;49;49;50;48;2;47;47;48m▀[m[38;2;117;101;36;48;2;82;76;52m▀[m[38;2;247;204;11;48;2;198;170;18m▀[m[38;2;199;169;15;48;2;198;170;18m▀[m[38;2;198;170;18m▄[m             [38;2;248;203;11;48;2;186;159;21m▀[m[38;2;186;159;21m▀[m[38;2;78;60;43m▀[m[38;2;78;60;43;48;2;57;52;44m▀[m[38;2;50;49;51;48;2;50;49;51m▀[m[38;2;50;49;51;48;2;111;96;40m▀[m[38;2;50;49;51;48;2;111;96;40m▀[m[38;2;57;52;44;48;2;78;60;43m▀[m [38;2;131;109;19;48;2;186;159;21m▀[m[38;2;248;203;11;48;2;248;203;11m▀[m[38;2;186;159;21;48;2;111;96;40m▀[m[38;2;48;45;40;48;2;50;49;51m▀[m[38;2;57;52;44;48;2;50;49;51m▀[m[38;2;48;45;40;48;2;63;62;66m▀[m[38;2;111;96;40;48;2;155;126;27m▀[m[38;2;224;181;13;48;2;248;203;11m▀[m[38;2;248;203;11;48;2;172;150;18m▀[m[38;2;172;150;18m▀[m
    [38;2;185;146;55;48;2;185;146;55m▀[m[38;2;106;87;49;48;2;67;55;35m▀[m[38;2;106;87;49;48;2;67;55;35m▀[m[38;2;239;194;60;48;2;239;194;60m▀[m[38;2;239;194;60;48;2;239;194;60m▀[m[38;2;239;194;60;48;2;221;175;58m▀[m[38;2;110;89;52;48;2;87;67;41m▀[m[38;2;106;87;49;48;2;87;67;41m▀[m[38;2;185;159;108;48;2;185;159;108m▀[m[38;2;116;101;85;48;2;116;101;85m▀[m[38;2;239;194;60;48;2;239;194;60m▀[m[38;2;239;194;60;48;2;239;194;60m▀[m[38;2;185;146;55;48;2;167;123;50m▀[m[38;2;175;139;77;48;2;212;171;88m▀[m[38;2;116;101;85;48;2;116;101;85m▀[m[38;2;112;86;52;48;2;116;101;85m▀[m[38;2;167;123;50;48;2;116;101;85m▀[m[38;2;67;55;35;48;2;112;86;52m▀[m[38;2;147;116;75m▄[m[38;2;167;123;50;48;2;146;109;51m▀[m[38;2;92;71;34;48;2;110;89;52m▀[m[38;2;92;71;34;48;2;167;123;50m▀[m[38;2;185;146;55m▀[m          [38;2;59;57;50;48;2;59;57;50m▀[m[38;2;87;87;85;48;2;49;49;50m▀[m[38;2;62;62;68;48;2;59;57;50m▀[m[38;2;87;87;85;48;2;59;57;50m▀[m[38;2;87;87;85;48;2;59;57;50m▀[m[38;2;247;204;11;48;2;165;131;18m▀[m[38;2;247;204;11;48;2;117;101;36m▀[m[38;2;165;131;18;48;2;49;49;50m▀[m[38;2;49;49;50;48;2;49;49;50m▀[m[38;2;49;49;50;48;2;49;49;50m▀[m[38;2;59;57;50;48;2;49;49;50m▀[m[38;2;94;85;31;48;2;117;101;36m▀[m[38;2;94;85;31;48;2;165;131;18m▀[m[38;2;247;204;11;48;2;82;76;52m▀[m[38;2;117;101;36;48;2;62;62;68m▀[m[38;2;49;49;50;48;2;49;49;50m▀[m[38;2;49;49;50;48;2;49;49;50m▀[m[38;2;49;49;50;48;2;49;49;50m▀[m[38;2;82;76;52;48;2;165;131;18m▀[m[38;2;247;204;11;48;2;198;170;18m▀[m[38;2;247;204;11;48;2;198;170;18m▀[m[38;2;247;204;11;48;2;94;85;31m▀[m [38;2;94;85;31m▄[m[38;2;198;170;18m▄[m[38;2;94;85;31m▄[m             [38;2;57;52;44;48;2;111;96;40m▀[m[38;2;78;60;43;48;2;186;159;21m▀[m[38;2;224;181;13;48;2;111;96;40m▀[m[38;2;111;96;40;48;2;63;62;66m▀[m[38;2;63;62;66;48;2;63;62;66m▀[m[38;2;57;52;44;48;2;63;62;66m▀[m[38;2;186;159;21;48;2;88;86;83m▀[m[38;2;224;181;13;48;2;78;60;43m▀[m[38;2;63;62;66;48;2;50;49;51m▀[m[38;2;50;49;51;48;2;50;49;51m▀[m[38;2;50;49;51;48;2;50;49;51m▀[m[38;2;78;60;43;48;2;224;181;13m▀[m[38;2;186;159;21;48;2;186;159;21m▀[m[38;2;131;109;19m▀[m [38;2;186;159;21m▄[m[38;2;224;181;13;48;2;248;203;11m▀[m
   [38;2;167;123;50m▄[m[38;2;175;139;77;48;2;209;109;63m▀[m[38;2;110;89;52;48;2;162;112;78m▀[m[38;2;110;89;52;48;2;185;159;108m▀[m[38;2;147;116;75;48;2;210;193;164m▀[m[38;2;185;146;55;48;2;147;116;75m▀[m[38;2;221;175;58;48;2;221;175;58m▀[m[38;2;87;67;41;48;2;239;194;60m▀[m[38;2;87;67;41;48;2;147;116;75m▀[m[38;2;210;193;164;48;2;146;109;51m▀[m[38;2;116;101;85;48;2;209;109;63m▀[m[38;2;221;175;58;48;2;209;109;63m▀[m[38;2;221;175;58;48;2;209;109;63m▀[m[38;2;221;175;58;48;2;221;175;58m▀[m[38;2;212;171;88;48;2;210;193;164m▀[m[38;2;147;116;75;48;2;210;193;164m▀[m[38;2;67;55;35;48;2;87;67;41m▀[m[38;2;106;87;49;48;2;146;109;51m▀[m[38;2;175;139;77;48;2;175;139;77m▀[m[38;2;175;139;77;48;2;147;116;75m▀[m[38;2;147;116;75;48;2;146;109;51m▀[m[38;2;175;139;77;48;2;87;67;41m▀[m[38;2;67;55;35m▀[m                [38;2;47;47;48;48;2;59;57;50m▀[m[38;2;49;49;50;48;2;198;170;18m▀[m[38;2;49;49;50;48;2;82;76;52m▀[m[38;2;62;62;68;48;2;49;49;50m▀[m[38;2;49;49;50;48;2;82;76;52m▀[m[38;2;82;76;52;48;2;49;49;50m▀[m[38;2;47;47;48;48;2;159;157;153m▀[m[38;2;47;47;48;48;2;159;157;153m▀[m[38;2;47;47;48;48;2;159;157;153m▀[m[38;2;49;49;50;48;2;47;47;48m▀[m[38;2;49;49;50;48;2;59;57;50m▀[m[38;2;82;76;52;48;2;59;57;50m▀[m[38;2;198;170;18;48;2;59;57;50m▀[m[38;2;221;182;11m▀[m[38;2;199;169;15m▀[m[38;2;94;85;31m▄[m [38;2;59;57;50;48;2;94;85;31m▀[m[38;2;232;222;40;48;2;198;170;18m▀[m[38;2;199;169;15;48;2;232;222;40m▀[m[38;2;94;85;31m▄[m           [38;2;131;109;19;48;2;229;97;4m▀[m[38;2;229;97;4;48;2;248;203;11m▀[m[38;2;229;97;4;48;2;248;203;11m▀[m[38;2;229;97;4;48;2;229;97;4m▀[m[38;2;63;62;66;48;2;78;60;43m▀[m[38;2;50;49;51;48;2;88;86;83m▀[m[38;2;72;71;75;48;2;165;163;157m▀[m[38;2;48;45;40;48;2;165;163;157m▀[m[38;2;48;45;40;48;2;88;86;83m▀[m[38;2;50;49;51;48;2;50;49;51m▀[m[38;2;50;49;51;48;2;48;45;40m▀[m[38;2;111;96;40;48;2;48;45;40m▀[m[38;2;224;181;13;48;2;131;109;19m▀[m[38;2;172;150;18m▀[m[38;2;57;52;44m▄[m[38;2;131;109;19;48;2;111;96;40m▀[m[38;2;248;203;11;48;2;186;159;21m▀[m[38;2;248;203;11;48;2;186;159;21m▀[m[38;2;57;52;44;48;2;248;203;11m▀[m[38;2;57;52;44;48;2;224;181;13m▀[m[38;2;131;109;19m▀[m
   [38;2;185;146;55m▀[m[38;2;112;86;52;48;2;92;71;34m▀[m[38;2;116;101;85;48;2;67;55;35m▀[m[38;2;212;171;88;48;2;112;86;52m▀[m[38;2;162;112;78;48;2;116;101;85m▀[m[38;2;162;112;78;48;2;112;86;52m▀[m[38;2;110;89;52;48;2;175;139;77m▀[m[38;2;236;199;87;48;2;175;139;77m▀[m[38;2;212;171;88;48;2;175;139;77m▀[m[38;2;221;175;58;48;2;147;116;75m▀[m[38;2;209;109;63;48;2;175;139;77m▀[m[38;2;209;109;63;48;2;146;109;51m▀[m[38;2;162;112;78;48;2;112;86;52m▀[m[38;2;147;116;75;48;2;87;67;41m▀[m[38;2;87;67;41;48;2;87;67;41m▀[m[38;2;87;67;41;48;2;162;112;78m▀[m[38;2;112;86;52;48;2;116;101;85m▀[m[38;2;146;109;51;48;2;112;86;52m▀[m[38;2;185;159;108;48;2;147;116;75m▀[m[38;2;175;139;77;48;2;147;116;75m▀[m[38;2;147;116;75;48;2;175;139;77m▀[m[38;2;175;139;77;48;2;175;139;77m▀[m[38;2;110;89;52;48;2;147;116;75m▀[m                [38;2;47;47;48;48;2;94;85;31m▀[m[38;2;82;76;52;48;2;117;101;36m▀[m[38;2;49;49;50;48;2;62;62;68m▀[m[38;2;62;62;68;48;2;62;62;68m▀[m[38;2;49;49;50;48;2;49;49;50m▀[m[38;2;62;62;68;48;2;47;47;48m▀[m[38;2;159;157;153;48;2;159;157;153m▀[m[38;2;247;204;11;48;2;159;157;153m▀[m[38;2;159;157;153;48;2;159;157;153m▀[m[38;2;59;57;50;48;2;47;47;48m▀[m[38;2;47;47;48;48;2;49;49;50m▀[m[38;2;49;49;50m▄[m[38;2;49;49;50m▄[m[38;2;94;85;31;48;2;49;49;50m▀[m[38;2;117;101;36;48;2;49;49;50m▀[m[38;2;59;57;50;48;2;82;76;52m▀[m[38;2;198;170;18m▄[m[38;2;247;204;11m▄[m[38;2;232;222;40;48;2;198;170;18m▀[m[38;2;180;160;13m▀[m            [38;2;229;97;4;48;2;229;97;4m▀[m[38;2;241;235;43;48;2;248;203;11m▀[m[38;2;241;235;43;48;2;248;203;11m▀[m[38;2;224;181;13;48;2;229;97;4m▀[m[38;2;111;96;40;48;2;78;60;43m▀[m[38;2;88;86;83;48;2;50;49;51m▀[m[38;2;155;126;27;48;2;165;163;157m▀[m[38;2;186;159;21;48;2;165;163;157m▀[m[38;2;88;86;83;48;2;48;45;40m▀[m[38;2;50;49;51;48;2;50;49;51m▀[m[38;2;48;45;40;48;2;50;49;51m▀[m[38;2;50;49;51;48;2;186;159;21m▀[m[38;2;57;52;44;48;2;186;159;21m▀[m[38;2;48;45;40;48;2;48;45;40m▀[m[38;2;50;49;51;48;2;50;49;51m▀[m[38;2;50;49;51;48;2;50;49;51m▀[m[38;2;186;159;21;48;2;88;86;83m▀[m[38;2;248;203;11;48;2;111;96;40m▀[m[38;2;224;181;13;48;2;248;203;11m▀[m[38;2;131;109;19;48;2;186;159;21m▀[m
       [38;2;87;67;41m▀[m[38;2;87;67;41m▀[m[38;2;116;101;85;48;2;67;55;35m▀[m[38;2;116;101;85;48;2;112;86;52m▀[m[38;2;116;101;85;48;2;112;86;52m▀[m[38;2;116;101;85;48;2;112;86;52m▀[m[38;2;112;86;52;48;2;175;139;77m▀[m[38;2;87;67;41;48;2;147;116;75m▀[m[38;2;146;109;51;48;2;146;109;51m▀[m[38;2;146;109;51;48;2;212;171;88m▀[m[38;2;175;139;77;48;2;212;171;88m▀[m[38;2;232;211;156;48;2;212;171;88m▀[m[38;2;232;211;156;48;2;212;171;88m▀[m[38;2;185;159;108;48;2;210;193;164m▀[m[38;2;112;86;52;48;2;185;159;108m▀[m[38;2;146;109;51;48;2;112;86;52m▀[m[38;2;147;116;75;48;2;167;123;50m▀[m[38;2;167;123;50;48;2;92;71;34m▀[m                 [38;2;59;57;50m▄[m[38;2;117;101;36;48;2;221;182;11m▀[m[38;2;62;62;68;48;2;117;101;36m▀[m[38;2;82;76;52;48;2;165;131;18m▀[m[38;2;117;101;36;48;2;117;101;36m▀[m[38;2;49;49;50;48;2;165;131;18m▀[m[38;2;65;80;34;48;2;82;76;52m▀[m[38;2;65;80;34;48;2;82;76;52m▀[m[38;2;47;47;48;48;2;82;76;52m▀[m[38;2;49;49;50;48;2;117;101;36m▀[m[38;2;49;49;50;48;2;49;49;50m▀[m[38;2;47;47;48;48;2;159;157;153m▀[m[38;2;59;57;50;48;2;159;157;153m▀[m[38;2;49;49;50;48;2;59;57;50m▀[m[38;2;49;49;50;48;2;47;47;48m▀[m[38;2;49;49;50;48;2;49;49;50m▀[m[38;2;165;131;18;48;2;221;182;11m▀[m[38;2;65;80;34;48;2;247;204;11m▀[m[38;2;198;170;18m▄[m              [38;2;229;97;4m▀[m[38;2;229;97;4;48;2;48;45;40m▀[m[38;2;111;96;40;48;2;63;62;66m▀[m[38;2;50;49;51;48;2;63;62;66m▀[m[38;2;63;62;66;48;2;50;49;51m▀[m[38;2;48;45;40;48;2;111;96;40m▀[m[38;2;48;45;40;48;2;50;49;51m▀[m[38;2;63;62;66;48;2;50;49;51m▀[m[38;2;50;49;51;48;2;48;45;40m▀[m[38;2;224;181;13;48;2;248;203;11m▀[m[38;2;248;203;11;48;2;248;203;11m▀[m[38;2;186;159;21;48;2;88;86;83m▀[m[38;2;111;96;40;48;2;50;49;51m▀[m[38;2;50;49;51m▀[m[38;2;78;60;43;48;2;188;130;12m▀[m[38;2;155;126;27;48;2;248;203;11m▀[m[38;2;186;159;21;48;2;248;203;11m▀[m[38;2;186;159;21;48;2;188;130;12m▀[m[38;2;172;150;18m▀[m
          [38;2;87;67;41m▀[m[38;2;175;139;77;48;2;67;55;35m▀[m[38;2;175;139;77;48;2;110;89;52m▀[m[38;2;175;139;77;48;2;147;116;75m▀[m[38;2;175;139;77;48;2;147;116;75m▀[m[38;2;112;86;52;48;2;146;109;51m▀[m[38;2;221;175;58;48;2;87;67;41m▀[m[38;2;212;171;88;48;2;185;146;55m▀[m[38;2;175;139;77;48;2;175;139;77m▀[m[38;2;162;112;78;48;2;146;109;51m▀[m[38;2;147;116;75;48;2;146;109;51m▀[m[38;2;112;86;52;48;2;87;67;41m▀[m[38;2;146;109;51m▀[m[38;2;92;71;34m▀[m               [38;2;94;85;31m▄[m [38;2;94;85;31;48;2;82;76;52m▀[m[38;2;247;204;11;48;2;221;182;11m▀[m[38;2;247;204;11;48;2;94;85;31m▀[m[38;2;165;131;18m▀[m [38;2;94;85;31m▀[m[38;2;59;57;50m▀[m[38;2;198;170;18;48;2;210;205;76m▀[m[38;2;247;204;11;48;2;247;204;11m▀[m[38;2;247;204;11;48;2;199;169;15m▀[m[38;2;49;49;50m▀[m[38;2;47;47;48;48;2;59;57;50m▀[m[38;2;159;157;153;48;2;87;87;85m▀[m[38;2;221;182;11;48;2;87;87;85m▀[m[38;2;94;85;31;48;2;47;47;48m▀[m [38;2;94;85;31m▀[m[38;2;94;85;31m▀[m[38;2;59;57;50m▀[m[38;2;59;57;50m▀[m              [38;2;131;109;19m▄[m[38;2;78;60;43;48;2;155;126;27m▀[m[38;2;78;60;43;48;2;155;126;27m▀[m[38;2;50;49;51;48;2;111;96;40m▀[m[38;2;186;159;21;48;2;248;203;11m▀[m[38;2;224;181;13;48;2;248;203;11m▀[m[38;2;186;159;21;48;2;48;45;40m▀[m[38;2;48;45;40;48;2;48;45;40m▀[m [38;2;188;130;12m▀[m[38;2;248;203;11;48;2;186;159;21m▀[m[38;2;186;159;21;48;2;186;159;21m▀[m[38;2;155;126;27;48;2;248;203;11m▀[m[38;2;131;109;19;48;2;248;203;11m▀[m [38;2;131;109;19m▀[m[38;2;172;150;18m▀[m[38;2;172;150;18m▀[m
          [38;2;92;71;34m▄[m[38;2;67;55;35m▄[m[38;2;92;71;34;48;2;146;109;51m▀[m[38;2;87;67;41;48;2;87;67;41m▀[m[38;2;67;55;35m▀[m[38;2;67;55;35m▀[m[38;2;67;55;35m▀[m[38;2;92;71;34m▀[m[38;2;112;86;52;48;2;87;67;41m▀[m[38;2;112;86;52;48;2;146;109;51m▀[m[38;2;92;71;34m▀[m                 [38;2;198;170;18;48;2;221;182;11m▀[m[38;2;221;182;11;48;2;59;57;50m▀[m[38;2;198;170;18;48;2;221;182;11m▀[m[38;2;198;170;18;48;2;199;169;15m▀[m[38;2;47;47;48;48;2;94;85;31m▀[m    [38;2;94;85;31;48;2;198;170;18m▀[m[38;2;232;222;40;48;2;247;204;11m▀[m[38;2;221;182;11;48;2;59;57;50m▀[m   [38;2;94;85;31m▀[m[38;2;49;49;50;48;2;59;57;50m▀[m[38;2;49;49;50;48;2;62;62;68m▀[m[38;2;94;85;31m▄[m                [38;2;57;52;44m▄[m[38;2;57;52;44m▄[m[38;2;155;126;27;48;2;48;45;40m▀[m[38;2;155;126;27;48;2;57;52;44m▀[m[38;2;78;60;43;48;2;48;45;40m▀[m[38;2;186;159;21;48;2;63;62;66m▀[m[38;2;224;181;13;48;2;111;96;40m▀[m[38;2;155;126;27;48;2;48;45;40m▀[m[38;2;48;45;40;48;2;48;45;40m▀[m[38;2;48;45;40;48;2;57;52;44m▀[m[38;2;57;52;44m▄[m  [38;2;57;52;44;48;2;131;109;19m▀[m[38;2;248;203;11;48;2;186;159;21m▀[m[38;2;155;126;27;48;2;155;126;27m▀[m
         [38;2;67;55;35;48;2;67;55;35m▀[m[38;2;146;109;51;48;2;67;55;35m▀[m[38;2;146;109;51;48;2;112;86;52m▀[m[38;2;146;109;51;48;2;92;71;34m▀[m[38;2;110;89;52m▀[m[38;2;92;71;34m▀[m[38;2;92;71;34m▄[m[38;2;185;146;55m▄[m[38;2;146;109;51m▄[m[38;2;146;109;51;48;2;185;146;55m▀[m[38;2;146;109;51;48;2;167;123;50m▀[m[38;2;167;123;50m▄[m[38;2;92;71;34m▄[m                [38;2;94;85;31m▀[m[38;2;94;85;31m▀[m[38;2;198;170;18m▀[m  [38;2;94;85;31m▄[m[38;2;94;85;31;48;2;247;204;11m▀[m[38;2;94;85;31;48;2;198;170;18m▀[m[38;2;59;57;50;48;2;247;204;11m▀[m[38;2;49;49;50;48;2;117;101;36m▀[m[38;2;49;49;50;48;2;47;47;48m▀[m[38;2;65;80;34m▄[m  [38;2;199;169;15m▄[m[38;2;49;49;50m▄[m[38;2;49;49;50;48;2;198;170;18m▀[m[38;2;62;62;68;48;2;82;76;52m▀[m[38;2;59;57;50;48;2;47;47;48m▀[m[38;2;94;85;31m▄[m              [38;2;172;150;18;48;2;131;109;19m▀[m[38;2;186;159;21;48;2;186;159;21m▀[m[38;2;248;203;11;48;2;175;148;7m▀[m[38;2;78;60;43;48;2;172;150;18m▀[m[38;2;224;181;13;48;2;186;159;21m▀[m[38;2;78;60;43;48;2;131;109;19m▀[m[38;2;50;49;51m▀[m[38;2;57;52;44m▀[m[38;2;57;52;44m▀[m  [38;2;188;130;12m▄[m[38;2;131;109;19;48;2;224;181;13m▀[m[38;2;131;109;19;48;2;186;159;21m▀[m[38;2;48;45;40;48;2;111;96;40m▀[m[38;2;50;49;51;48;2;63;62;66m▀[m[38;2;78;60;43;48;2;50;49;51m▀[m[38;2;111;96;40m▄[m
               [38;2;87;67;41m▀[m[38;2;106;87;49m▀[m[38;2;87;67;41m▀[m[38;2;185;146;55m▀[m[38;2;67;55;35m▀[m[38;2;67;55;35m▀[m[38;2;92;71;34m▀[m                     [38;2;59;57;50m▀[m[38;2;180;160;13m▀[m[38;2;199;169;15;48;2;94;85;31m▀[m[38;2;199;169;15m▀[m     [38;2;94;85;31m▀[m [38;2;59;57;50m▀[m                    [38;2;131;109;19m▀[m[38;2;131;109;19m▀[m      [38;2;186;159;21m▀[m[38;2;131;109;19m▀[m[38;2;186;159;21;48;2;131;109;19m▀[m[38;2;57;52;44m▀[m[38;2;57;52;44m▀[m [38;2;57;52;44m▀[m

[1mzaplet[m                            [1mvoltalon[m                          [1mstormkernel[m
                                                                                [38;2;183;161;32m▄[m[38;2;93;83;30m▄[m        [38;2;59;55;45m▄[m[38;2;93;83;30;48;2;113;96;36m▀[m[38;2;59;55;45;48;2;153;123;24m▀[m[38;2;59;55;45;48;2;183;161;32m▀[m[38;2;59;55;45m▄[m
                                      [38;2;167;147;30m▄[m[38;2;187;160;18m▄[m[38;2;53;51;46m▄[m  [38;2;106;95;36m▄[m[38;2;187;160;18m▄[m[38;2;167;147;30;48;2;211;170;18m▀[m[38;2;106;95;36;48;2;152;118;19m▀[m     [38;2;106;95;36m▄[m[38;2;167;147;30m▄[m      [38;2;106;95;36m▄[m[38;2;106;95;36m▄[m[38;2;106;95;36m▄[m                [38;2;236;223;44;48;2;183;161;32m▀[m[38;2;183;161;32;48;2;236;223;44m▀[m         [38;2;88;86;85;48;2;51;50;51m▀[m[38;2;63;63;67;48;2;63;63;67m▀[m[38;2;51;50;51;48;2;51;50;51m▀[m[38;2;79;73;52;48;2;79;73;52m▀[m[38;2;183;161;32;48;2;85;84;63m▀[m
         [38;2;113;105;55m▄[m[38;2;113;105;55;48;2;243;209;36m▀[m[38;2;113;105;55;48;2;250;209;38m▀[m       [38;2;113;105;55;48;2;196;175;42m▀[m[38;2;70;70;68m▄[m [38;2;180;160;36m▄[m[38;2;70;70;68;48;2;196;175;42m▀[m[38;2;113;105;55m▄[m            [38;2;53;51;46m▄[m[38;2;187;160;18;48;2;187;160;18m▀[m[38;2;211;170;18;48;2;152;118;19m▀[m[38;2;53;51;46;48;2;53;51;46m▀[m [38;2;106;95;36;48;2;187;160;18m▀[m[38;2;247;203;11;48;2;211;170;18m▀[m[38;2;211;170;18;48;2;216;186;80m▀[m[38;2;216;186;80;48;2;216;186;80m▀[m[38;2;152;118;19;48;2;167;147;30m▀[m   [38;2;187;160;18m▄[m[38;2;211;170;18;48;2;233;221;31m▀[m[38;2;233;221;31;48;2;187;160;18m▀[m[38;2;106;95;36m▀[m    [38;2;106;95;36;48;2;247;203;11m▀[m[38;2;211;170;18;48;2;247;203;11m▀[m[38;2;247;203;11;48;2;247;203;11m▀[m[38;2;211;170;18;48;2;101;86;39m▀[m[38;2;211;170;18;48;2;70;69;70m▀[m[38;2;53;51;46;48;2;70;69;70m▀[m[38;2;53;51;46m▄[m          [38;2;186;153;19m▄[m[38;2;216;174;16m▄[m[38;2;93;83;30m▄[m[38;2;59;55;45;48;2;178;153;21m▀[m[38;2;183;161;32;48;2;93;83;30m▀[m[38;2;93;83;30;48;2;208;152;37m▀[m[38;2;178;153;21m▄[m        [38;2;59;55;45;48;2;113;96;36m▀[m[38;2;51;50;51;48;2;59;55;45m▀[m[38;2;51;50;51;48;2;93;83;30m▀[m[38;2;63;63;67m▀[m[38;2;93;83;30m▀[m
[38;2;70;70;68m▄[m[38;2;196;175;42m▄[m[38;2;113;105;55m▄[m    [38;2;180;160;36m▄[m[38;2;180;160;36;48;2;250;209;38m▀[m[38;2;250;209;38;48;2;250;209;38m▀[m[38;2;250;209;38;48;2;250;209;38m▀[m[38;2;250;209;38;48;2;250;209;38m▀[m      [38;2;219;173;30m▀[m[38;2;196;175;42m▀[m[38;2;243;209;36m▀[m[38;2;250;209;38;48;2;196;175;42m▀[m[38;2;230;227;76;48;2;196;175;42m▀[m[38;2;70;70;68m▀[m            [38;2;78;81;41m▄[m[38;2;53;51;46;48;2;216;186;80m▀[m[38;2;49;48;48;48;2;70;69;70m▀[m[38;2;49;48;48;48;2;49;48;48m▀[m[38;2;40;39;37;48;2;40;39;37m▀[m[38;2;40;39;37;48;2;40;39;37m▀[m[38;2;101;86;39;48;2;49;48;48m▀[m[38;2;199;135;59;48;2;49;48;48m▀[m[38;2;216;186;80;48;2;78;81;41m▀[m[38;2;216;186;80;48;2;199;135;59m▀[m[38;2;53;51;46;48;2;101;86;39m▀[m[38;2;106;95;36m▄[m  [38;2;187;160;18;48;2;106;95;36m▀[m[38;2;233;221;31;48;2;233;221;31m▀[m[38;2;233;221;31;48;2;233;221;31m▀[m[38;2;187;160;18;48;2;167;147;30m▀[m    [38;2;247;203;11;48;2;167;147;30m▀[m[38;2;247;203;11;48;2;167;147;30m▀[m[38;2;53;51;46m▀[m[38;2;106;95;36m▀[m[38;2;53;51;46m▀[m[38;2;62;61;66;48;2;53;51;46m▀[m[38;2;62;61;66;48;2;152;118;19m▀[m[38;2;53;51;46;48;2;53;51;46m▀[m       [38;2;85;84;63m▄[m[38;2;178;153;21;48;2;153;123;24m▀[m[38;2;153;123;24;48;2;63;63;67m▀[m[38;2;113;96;36;48;2;51;50;51m▀[m[38;2;93;83;30;48;2;51;50;51m▀[m[38;2;59;55;45;48;2;153;123;24m▀[m[38;2;216;174;16;48;2;205;178;84m▀[m[38;2;205;178;84;48;2;205;178;84m▀[m[38;2;88;86;85;48;2;85;84;63m▀[m[38;2;183;161;32;48;2;153;123;24m▀[m[38;2;183;161;32;48;2;248;202;11m▀[m[38;2;93;83;30;48;2;248;202;11m▀[m[38;2;59;55;45m▄[m    [38;2;248;202;11;48;2;186;153;19m▀[m[38;2;178;153;21;48;2;113;96;36m▀[m
 [38;2;113;105;55m▀[m[38;2;196;175;42;48;2;70;70;68m▀[m[38;2;180;160;36;48;2;250;209;38m▀[m[38;2;113;105;55;48;2;196;175;42m▀[m  [38;2;180;160;36;48;2;180;160;36m▀[m[38;2;250;209;38;48;2;250;209;38m▀[m[38;2;250;209;38;48;2;196;175;42m▀[m[38;2;250;209;38;48;2;180;160;36m▀[m[38;2;196;175;42;48;2;70;70;68m▀[m[38;2;70;70;68m▄[m[38;2;113;105;55m▄[m[38;2;113;105;55m▄[m[38;2;113;105;55m▄[m[38;2;113;105;55m▄[m   [38;2;113;105;55m▄[m[38;2;196;175;42;48;2;243;209;36m▀[m[38;2;230;227;76;48;2;180;160;36m▀[m[38;2;219;173;30m▀[m[38;2;180;160;36m▀[m          [38;2;187;160;18;48;2;152;118;19m▀[m[38;2;70;69;70;48;2;49;48;48m▀[m[38;2;70;69;70;48;2;49;48;48m▀[m[38;2;70;69;70;48;2;78;81;41m▀[m[38;2;187;160;18;48;2;199;135;59m▀[m[38;2;187;160;18;48;2;77;146;86m▀[m[38;2;211;170;18;48;2;77;146;86m▀[m[38;2;101;86;39;48;2;108;106;99m▀[m[38;2;49;48;48;48;2;187;160;18m▀[m[38;2;187;160;18;48;2;247;203;11m▀[m[38;2;187;160;18;48;2;187;160;18m▀[m[38;2;211;170;18;48;2;187;160;18m▀[m[38;2;247;203;11;48;2;247;203;11m▀[m[38;2;106;95;36;48;2;187;160;18m▀[m[38;2;53;51;46m▄[m[38;2;187;160;18;48;2;187;160;18m▀[m[38;2;233;221;31m▀[m[38;2;167;147;30m▀[m           [38;2;247;203;11;48;2;247;203;11m▀[m[38;2;167;147;30;48;2;167;147;30m▀[m      [38;2;178;153;21;48;2;59;55;45m▀[m[38;2;63;63;67;48;2;59;55;45m▀[m[38;2;63;63;67;48;2;46;42;39m▀[m[38;2;113;96;36;48;2;85;84;63m▀[m[38;2;183;161;32;48;2;88;160;84m▀[m[38;2;153;123;24;48;2;88;160;84m▀[m[38;2;63;63;67;48;2;63;63;67m▀[m[38;2;200;198;188;48;2;88;86;85m▀[m[38;2;205;178;84;48;2;46;42;39m▀[m[38;2;46;42;39;48;2;51;50;51m▀[m[38;2;79;73;52;48;2;51;50;51m▀[m[38;2;216;174;16;48;2;153;123;24m▀[m[38;2;248;202;11;48;2;216;174;16m▀[m[38;2;248;202;11;48;2;248;202;11m▀[m    [38;2;93;83;30m▀[m[38;2;79;73;52;48;2;93;83;30m▀[m[38;2;183;161;32;48;2;248;202;11m▀[m[38;2;93;83;30;48;2;113;96;36m▀[m[38;2;46;42;39m▄[m
[38;2;70;70;68m▄[m[38;2;250;209;38m▄[m[38;2;180;160;36;48;2;250;209;38m▀[m[38;2;196;175;42;48;2;196;175;42m▀[m[38;2;181;169;74m▀[m  [38;2;70;70;68m▄[m[38;2;112;108;87;48;2;108;108;103m▀[m[38;2;154;123;35;48;2;167;153;100m▀[m[38;2;243;209;36;48;2;167;153;100m▀[m[38;2;250;209;38;48;2;108;108;103m▀[m[38;2;219;173;30;48;2;108;108;103m▀[m[38;2;167;153;100;48;2;108;108;103m▀[m[38;2;108;108;103;48;2;108;108;103m▀[m[38;2;108;108;103;48;2;108;108;103m▀[m[38;2;108;108;103;48;2;108;108;103m▀[m[38;2;70;70;68;48;2;83;84;84m▀[m[38;2;70;70;68m▄[m       [38;2;167;169;165m▄[m[38;2;113;105;55;48;2;211;205;179m▀[m[38;2;113;105;55;48;2;211;205;179m▀[m[38;2;113;105;55;48;2;232;228;211m▀[m[38;2;70;70;68m▄[m   [38;2;53;51;46m▄[m[38;2;53;51;46;48;2;101;86;39m▀[m[38;2;106;95;36;48;2;49;48;48m▀[m[38;2;179;175;167m▄[m[38;2;53;51;46;48;2;240;237;217m▀[m[38;2;78;81;41;48;2;179;175;167m▀[m[38;2;78;81;41;48;2;77;146;86m▀[m[38;2;77;146;86;48;2;77;146;86m▀[m[38;2;108;106;99;48;2;70;69;70m▀[m[38;2;211;170;18;48;2;211;170;18m▀[m[38;2;211;170;18;48;2;187;160;18m▀[m[38;2;240;237;217;48;2;247;203;11m▀[m[38;2;233;221;31;48;2;247;203;11m▀[m[38;2;211;170;18;48;2;187;160;18m▀[m[38;2;152;118;19;48;2;152;118;19m▀[m[38;2;53;51;46;48;2;49;48;48m▀[m[38;2;106;95;36;48;2;101;86;39m▀[m[38;2;53;51;46m▄[m [38;2;106;95;36m▄[m[38;2;78;81;41m▄[m[38;2;167;147;30m▄[m[38;2;53;51;46m▄[m[38;2;53;51;46m▄[m[38;2;106;95;36m▄[m   [38;2;106;95;36m▄[m[38;2;53;51;46;48;2;62;61;66m▀[m[38;2;101;86;39;48;2;62;61;66m▀[m[38;2;53;51;46;48;2;106;95;36m▀[m     [38;2;93;83;30;48;2;85;84;63m▀[m[38;2;85;84;63;48;2;88;160;84m▀[m[38;2;46;42;39;48;2;200;198;188m▀[m[38;2;200;198;188;48;2;200;198;188m▀[m[38;2;88;160;84;48;2;200;198;188m▀[m[38;2;85;84;63;48;2;200;198;188m▀[m[38;2;88;160;84;48;2;88;86;85m▀[m[38;2;63;63;67;48;2;63;63;67m▀[m[38;2;51;50;51;48;2;113;96;36m▀[m[38;2;85;84;63;48;2;248;202;11m▀[m[38;2;113;96;36;48;2;248;202;11m▀[m[38;2;113;96;36;48;2;248;202;11m▀[m[38;2;153;123;24;48;2;216;174;16m▀[m[38;2;248;202;11;48;2;248;202;11m▀[m[38;2;186;153;19;48;2;248;202;11m▀[m[38;2;93;83;30m▄[m[38;2;93;83;30m▄[m[38;2;93;83;30m▄[m [38;2;93;83;30m▄[m  [38;2;59;55;45m▀[m[38;2;216;174;16;48;2;186;153;19m▀[m[38;2;93;83;30;48;2;59;55;45m▀[m
 [38;2;113;105;55m▀[m[38;2;230;227;76;48;2;113;105;55m▀[m[38;2;70;70;68;48;2;70;70;68m▀[m  [38;2;70;70;68m▄[m[38;2;167;169;165;48;2;167;169;165m▀[m[38;2;108;108;103;48;2;108;108;103m▀[m[38;2;167;153;100;48;2;108;108;103m▀[m[38;2;167;153;100;48;2;108;108;103m▀[m[38;2;108;108;103;48;2;108;108;103m▀[m[38;2;134;135;138;48;2;112;108;87m▀[m[38;2;167;169;165;48;2;62;172;70m▀[m[38;2;167;169;165;48;2;62;172;70m▀[m[38;2;167;169;165;48;2;211;205;179m▀[m[38;2;108;108;103;48;2;83;84;84m▀[m[38;2;83;84;84;48;2;83;84;84m▀[m[38;2;83;84;84;48;2;154;123;35m▀[m[38;2;70;70;68;48;2;250;209;38m▀[m[38;2;113;105;55;48;2;250;209;38m▀[m[38;2;196;175;42m▄[m   [38;2;167;153;100;48;2;232;228;211m▀[m[38;2;167;169;165m▀[m  [38;2;113;105;55m▀[m[38;2;211;205;179;48;2;167;169;165m▀[m[38;2;70;70;68;48;2;70;70;68m▀[m  [38;2;167;147;30;48;2;106;95;36m▀[m[38;2;179;175;167;48;2;78;81;41m▀[m[38;2;179;175;167;48;2;108;106;99m▀[m[38;2;240;237;217;48;2;240;237;217m▀[m[38;2;240;237;217;48;2;240;237;217m▀[m[38;2;240;237;217;48;2;179;175;167m▀[m[38;2;240;237;217;48;2;240;237;217m▀[m[38;2;179;175;167;48;2;179;175;167m▀[m[38;2;62;61;66;48;2;101;86;39m▀[m[38;2;187;160;18;48;2;152;118;19m▀[m[38;2;247;203;11;48;2;152;118;19m▀[m[38;2;211;170;18;48;2;152;118;19m▀[m[38;2;187;160;18;48;2;152;118;19m▀[m[38;2;152;118;19;48;2;40;39;37m▀[m[38;2;40;39;37;48;2;49;48;48m▀[m[38;2;49;48;48;48;2;49;48;48m▀[m[38;2;101;86;39;48;2;78;81;41m▀[m[38;2;70;69;70;48;2;78;81;41m▀[m[38;2;49;48;48;48;2;49;48;48m▀[m[38;2;152;118;19;48;2;62;61;66m▀[m[38;2;49;48;48;48;2;62;61;66m▀[m[38;2;187;160;18;48;2;49;48;48m▀[m[38;2;187;160;18;48;2;211;170;18m▀[m[38;2;49;48;48;48;2;101;86;39m▀[m[38;2;62;61;66;48;2;70;69;70m▀[m[38;2;53;51;46;48;2;70;69;70m▀[m[38;2;106;95;36;48;2;49;48;48m▀[m[38;2;53;51;46;48;2;40;39;37m▀[m[38;2;101;86;39;48;2;49;48;48m▀[m[38;2;152;118;19;48;2;101;86;39m▀[m[38;2;40;39;37m▀[m      [38;2;93;83;30;48;2;178;153;21m▀[m[38;2;88;86;85;48;2;205;178;84m▀[m[38;2;200;198;188;48;2;200;198;188m▀[m[38;2;200;198;188;48;2;200;198;188m▀[m[38;2;200;198;188;48;2;205;178;84m▀[m[38;2;200;198;188;48;2;85;84;63m▀[m[38;2;88;86;85;48;2;46;42;39m▀[m[38;2;46;42;39;48;2;46;42;39m▀[m[38;2;183;161;32;48;2;183;161;32m▀[m[38;2;216;174;16;48;2;186;153;19m▀[m[38;2;205;178;84;48;2;236;223;44m▀[m[38;2;216;174;16;48;2;216;174;16m▀[m[38;2;248;202;11;48;2;248;202;11m▀[m[38;2;186;153;19;48;2;153;123;24m▀[m[38;2;216;174;16;48;2;113;96;36m▀[m[38;2;46;42;39;48;2;46;42;39m▀[m[38;2;63;63;67;48;2;63;63;67m▀[m[38;2;113;96;36;48;2;79;73;52m▀[m[38;2;153;123;24;48;2;186;153;19m▀[m[38;2;153;123;24;48;2;113;96;36m▀[m   [38;2;46;42;39;48;2;153;123;24m▀[m[38;2;59;55;45;48;2;178;153;21m▀[m
     [38;2;113;105;55;48;2;113;105;55m▀[m[38;2;108;108;103;48;2;70;70;68m▀[m[38;2;108;108;103;48;2;70;70;68m▀[m[38;2;108;108;103;48;2;167;169;165m▀[m[38;2;83;84;84;48;2;167;169;165m▀[m[38;2;83;84;84;48;2;83;84;84m▀[m[38;2;167;169;165;48;2;167;169;165m▀[m[38;2;134;135;138m▀[m[38;2;62;172;70;48;2;70;70;68m▀[m[38;2;62;172;70;48;2;62;172;70m▀[m[38;2;232;228;211;48;2;232;228;211m▀[m[38;2;108;108;103;48;2;83;84;84m▀[m[38;2;112;108;87;48;2;154;123;35m▀[m[38;2;250;209;38;48;2;250;209;38m▀[m[38;2;250;209;38;48;2;250;209;38m▀[m[38;2;250;209;38;48;2;250;209;38m▀[m[38;2;243;209;36;48;2;243;209;36m▀[m [38;2;113;105;55m▄[m[38;2;70;70;68m▄[m[38;2;232;228;211;48;2;167;153;100m▀[m[38;2;112;108;87m▄[m  [38;2;70;70;68m▄[m[38;2;167;169;165;48;2;211;205;179m▀[m[38;2;70;70;68;48;2;70;70;68m▀[m   [38;2;106;95;36m▀[m[38;2;240;237;217m▀[m[38;2;179;175;167m▀[m[38;2;179;175;167m▀[m[38;2;240;237;217;48;2;53;51;46m▀[m[38;2;179;175;167;48;2;53;51;46m▀[m[38;2;108;106;99;48;2;40;39;37m▀[m[38;2;101;86;39;48;2;49;48;48m▀[m[38;2;40;39;37;48;2;40;39;37m▀[m[38;2;40;39;37;48;2;49;48;48m▀[m[38;2;40;39;37;48;2;40;39;37m▀[m[38;2;40;39;37;48;2;49;48;48m▀[m[38;2;49;48;48;48;2;49;48;48m▀[m[38;2;49;48;48;48;2;40;39;37m▀[m[38;2;108;106;99;48;2;179;175;167m▀[m[38;2;179;175;167;48;2;152;118;19m▀[m[38;2;179;175;167;48;2;152;118;19m▀[m[38;2;70;69;70;48;2;179;175;167m▀[m[38;2;49;48;48;48;2;40;39;37m▀[m[38;2;49;48;48;48;2;49;48;48m▀[m[38;2;49;48;48;48;2;49;48;48m▀[m[38;2;101;86;39;48;2;40;39;37m▀[m[38;2;70;69;70;48;2;70;69;70m▀[m[38;2;62;61;66;48;2;70;69;70m▀[m[38;2;78;81;41;48;2;108;106;99m▀[m[38;2;108;106;99;48;2;216;186;80m▀[m[38;2;53;51;46;48;2;216;186;80m▀[m[38;2;53;51;46m▀[m         [38;2;183;161;32m▀[m[38;2;186;153;19;48;2;51;50;51m▀[m[38;2;79;73;52;48;2;51;50;51m▀[m[38;2;51;50;51;48;2;186;153;19m▀[m[38;2;51;50;51;48;2;113;96;36m▀[m[38;2;51;50;51;48;2;113;96;36m▀[m[38;2;51;50;51;48;2;79;73;52m▀[m[38;2;153;123;24;48;2;51;50;51m▀[m[38;2;248;202;11;48;2;113;96;36m▀[m[38;2;186;153;19;48;2;178;153;21m▀[m[38;2;216;174;16;48;2;153;123;24m▀[m[38;2;216;174;16;48;2;46;42;39m▀[m[38;2;46;42;39;48;2;51;50;51m▀[m[38;2;51;50;51;48;2;46;42;39m▀[m[38;2;51;50;51;48;2;46;42;39m▀[m[38;2;51;50;51;48;2;51;50;51m▀[m[38;2;51;50;51;48;2;113;96;36m▀[m[38;2;186;153;19;48;2;186;153;19m▀[m[38;2;113;96;36;48;2;79;73;52m▀[m[38;2;51;50;51;48;2;63;63;67m▀[m[38;2;46;42;39m▄[m[38;2;46;42;39m▄[m[38;2;186;153;19;48;2;51;50;51m▀[m[38;2;178;153;21m▀[m
    [38;2;113;105;55;48;2;113;105;55m▀[m[38;2;211;201;171;48;2;232;228;211m▀[m[38;2;51;51;53;48;2;232;228;211m▀[m[38;2;70;70;68;48;2;211;201;171m▀[m[38;2;232;228;211;48;2;232;228;211m▀[m[38;2;232;228;211;48;2;232;228;211m▀[m[38;2;232;228;211;48;2;232;228;211m▀[m[38;2;167;169;165;48;2;232;228;211m▀[m[38;2;70;70;68;48;2;167;169;165m▀[m[38;2;112;108;87;48;2;167;169;165m▀[m[38;2;108;108;103;48;2;134;135;138m▀[m[38;2;211;205;179;48;2;83;84;84m▀[m[38;2;83;84;84;48;2;154;123;35m▀[m[38;2;219;173;30;48;2;250;209;38m▀[m[38;2;250;209;38;48;2;250;209;38m▀[m[38;2;250;209;38;48;2;243;209;36m▀[m[38;2;250;209;38;48;2;154;123;35m▀[m[38;2;154;123;35;48;2;51;51;53m▀[m[38;2;83;84;84;48;2;83;84;84m▀[m[38;2;167;153;100;48;2;108;108;103m▀[m[38;2;108;108;103;48;2;83;84;84m▀[m[38;2;83;84;84;48;2;83;84;84m▀[m[38;2;113;105;55;48;2;70;70;68m▀[m[38;2;167;153;100m▀[m[38;2;167;153;100m▀[m[38;2;211;205;179m▀[m[38;2;113;105;55m▀[m        [38;2;101;86;39;48;2;187;160;18m▀[m[38;2;53;51;46;48;2;101;86;39m▀[m[38;2;49;48;48;48;2;49;48;48m▀[m[38;2;49;48;48;48;2;40;39;37m▀[m[38;2;40;39;37;48;2;49;48;48m▀[m[38;2;62;61;66;48;2;108;106;99m▀[m[38;2;40;39;37;48;2;40;39;37m▀[m[38;2;152;118;19;48;2;187;160;18m▀[m[38;2;152;118;19;48;2;152;118;19m▀[m[38;2;49;48;48;48;2;49;48;48m▀[m[38;2;179;175;167;48;2;78;81;41m▀[m[38;2;101;86;39;48;2;179;175;167m▀[m[38;2;101;86;39;48;2;179;175;167m▀[m[38;2;179;175;167;48;2;40;39;37m▀[m[38;2;40;39;37;48;2;40;39;37m▀[m[38;2;49;48;48;48;2;49;48;48m▀[m[38;2;49;48;48;48;2;49;48;48m▀[m[38;2;40;39;37;48;2;40;39;37m▀[m[38;2;70;69;70;48;2;70;69;70m▀[m[38;2;70;69;70;48;2;62;61;66m▀[m[38;2;108;106;99;48;2;70;69;70m▀[m[38;2;211;170;18;48;2;179;175;167m▀[m[38;2;216;186;80;48;2;108;106;99m▀[m           [38;2;113;96;36;48;2;216;174;16m▀[m[38;2;51;50;51;48;2;51;50;51m▀[m[38;2;186;153;19;48;2;153;123;24m▀[m[38;2;186;153;19;48;2;183;161;32m▀[m[38;2;183;161;32;48;2;186;153;19m▀[m[38;2;186;153;19;48;2;153;123;24m▀[m[38;2;79;73;52;48;2;113;96;36m▀[m[38;2;51;50;51;48;2;51;50;51m▀[m[38;2;46;42;39;48;2;51;50;51m▀[m[38;2;51;50;51;48;2;63;63;67m▀[m[38;2;63;63;67;48;2;51;50;51m▀[m[38;2;88;86;85;48;2;88;160;84m▀[m[38;2;200;198;188;48;2;183;161;32m▀[m[38;2;200;198;188;48;2;183;161;32m▀[m[38;2;63;63;67;48;2;88;86;85m▀[m[38;2;51;50;51;48;2;46;42;39m▀[m[38;2;51;50;51;48;2;63;63;67m▀[m[38;2;63;63;67;48;2;63;63;67m▀[m[38;2;88;86;85;48;2;88;86;85m▀[m[38;2;88;160;84;48;2;186;153;19m▀[m[38;2;46;42;39;48;2;59;55;45m▀[m[38;2;59;55;45m▀[m
    [38;2;113;105;55m▀[m[38;2;211;205;179;48;2;70;70;68m▀[m[38;2;167;169;165;48;2;211;205;179m▀[m[38;2;112;108;87;48;2;232;228;211m▀[m[38;2;211;201;171;48;2;167;169;165m▀[m[38;2;232;228;211;48;2;112;108;87m▀[m[38;2;211;205;179;48;2;211;205;179m▀[m[38;2;232;228;211;48;2;232;228;211m▀[m[38;2;108;108;103;48;2;108;108;103m▀[m[38;2;83;84;84;48;2;83;84;84m▀[m[38;2;83;84;84;48;2;108;108;103m▀[m[38;2;83;84;84;48;2;83;84;84m▀[m[38;2;180;160;36;48;2;70;70;68m▀[m[38;2;196;175;42;48;2;70;70;68m▀[m[38;2;196;175;42;48;2;70;70;68m▀[m[38;2;154;123;35;48;2;51;51;53m▀[m[38;2;83;84;84;48;2;51;51;53m▀[m[38;2;83;84;84;48;2;108;108;103m▀[m[38;2;83;84;84;48;2;108;108;103m▀[m[38;2;83;84;84;48;2;167;169;165m▀[m[38;2;167;169;165;48;2;232;228;211m▀[m[38;2;232;228;211;48;2;167;169;165m▀[m[38;2;211;205;179;48;2;167;169;165m▀[m[38;2;70;70;68;48;2;167;169;165m▀[m[38;2;113;105;55m▄[m          [38;2;78;81;41m▀[m[38;2;101;86;39;48;2;247;203;11m▀[m[38;2;49;48;48;48;2;187;160;18m▀[m[38;2;49;48;48;48;2;40;39;37m▀[m[38;2;53;51;46;48;2;49;48;48m▀[m[38;2;40;39;37;48;2;49;48;48m▀[m[38;2;49;48;48;48;2;49;48;48m▀[m[38;2;40;39;37;48;2;49;48;48m▀[m[38;2;49;48;48;48;2;247;203;11m▀[m[38;2;101;86;39;48;2;247;203;11m▀[m[38;2;49;48;48;48;2;152;118;19m▀[m[38;2;53;51;46;48;2;49;48;48m▀[m[38;2;40;39;37;48;2;49;48;48m▀[m[38;2;40;39;37;48;2;49;48;48m▀[m[38;2;49;48;48;48;2;49;48;48m▀[m[38;2;49;48;48;48;2;101;86;39m▀[m[38;2;49;48;48;48;2;40;39;37m▀[m[38;2;40;39;37m▀[m[38;2;49;48;48;48;2;106;95;36m▀[m[38;2;70;69;70;48;2;70;69;70m▀[m[38;2;49;48;48;48;2;70;69;70m▀[m[38;2;40;39;37;48;2;62;61;66m▀[m[38;2;40;39;37;48;2;62;61;66m▀[m[38;2;40;39;37;48;2;70;69;70m▀[m[38;2;53;51;46m▄[m         [38;2;113;96;36;48;2;178;153;21m▀[m[38;2;79;73;52;48;2;186;153;19m▀[m[38;2;153;123;24;48;2;51;50;51m▀[m[38;2;113;96;36;48;2;183;161;32m▀[m[38;2;113;96;36;48;2;186;153;19m▀[m[38;2;153;123;24;48;2;153;123;24m▀[m[38;2;113;96;36;48;2;186;153;19m▀[m[38;2;51;50;51;48;2;79;73;52m▀[m[38;2;113;96;36;48;2;85;84;63m▀[m[38;2;183;161;32;48;2;186;153;19m▀[m[38;2;79;73;52;48;2;79;73;52m▀[m[38;2;88;86;85;48;2;51;50;51m▀[m[38;2;205;178;84;48;2;85;84;63m▀[m[38;2;205;178;84;48;2;46;42;39m▀[m[38;2;85;84;63;48;2;46;42;39m▀[m[38;2;46;42;39;48;2;46;42;39m▀[m[38;2;63;63;67;48;2;63;63;67m▀[m[38;2;63;63;67;48;2;63;63;67m▀[m[38;2;85;84;63;48;2;63;63;67m▀[m[38;2;205;178;84;48;2;85;84;63m▀[m[38;2;59;55;45;48;2;93;83;30m▀[m
      [38;2;113;105;55m▀[m[38;2;211;201;171;48;2;70;70;68m▀[m[38;2;211;205;179;48;2;83;84;84m▀[m[38;2;211;205;179;48;2;51;51;53m▀[m[38;2;211;205;179;48;2;51;51;53m▀[m[38;2;108;108;103;48;2;196;175;42m▀[m[38;2;51;51;53;48;2;219;173;30m▀[m[38;2;51;51;53;48;2;219;173;30m▀[m[38;2;51;51;53;48;2;219;173;30m▀[m[38;2;154;123;35;48;2;219;173;30m▀[m[38;2;83;84;84;48;2;154;123;35m▀[m[38;2;51;51;53;48;2;83;84;84m▀[m[38;2;83;84;84;48;2;134;135;138m▀[m[38;2;83;84;84;48;2;108;108;103m▀[m[38;2;83;84;84;48;2;108;108;103m▀[m[38;2;51;51;53;48;2;51;51;53m▀[m[38;2;83;84;84;48;2;51;51;53m▀[m[38;2;167;169;165;48;2;167;169;165m▀[m[38;2;167;169;165;48;2;167;169;165m▀[m[38;2;70;70;68;48;2;70;70;68m▀[m[38;2;196;175;42;48;2;112;108;87m▀[m[38;2;211;205;179;48;2;167;169;165m▀[m[38;2;113;105;55;48;2;113;105;55m▀[m[38;2;113;105;55m▄[m         [38;2;106;95;36m▄[m[38;2;247;203;11;48;2;152;118;19m▀[m[38;2;247;203;11;48;2;101;86;39m▀[m[38;2;49;48;48;48;2;49;48;48m▀[m[38;2;49;48;48;48;2;49;48;48m▀[m[38;2;49;48;48m▀[m[38;2;49;48;48m▀[m[38;2;49;48;48m▀[m[38;2;152;118;19;48;2;106;95;36m▀[m[38;2;247;203;11;48;2;211;170;18m▀[m[38;2;247;203;11;48;2;211;170;18m▀[m[38;2;187;160;18;48;2;101;86;39m▀[m[38;2;247;203;11;48;2;211;170;18m▀[m[38;2;40;39;37;48;2;106;95;36m▀[m[38;2;49;48;48;48;2;53;51;46m▀[m[38;2;49;48;48;48;2;40;39;37m▀[m[38;2;53;51;46;48;2;40;39;37m▀[m[38;2;53;51;46m▄[m [38;2;106;95;36m▀[m[38;2;247;203;11m▀[m[38;2;247;203;11;48;2;211;170;18m▀[m[38;2;211;170;18;48;2;187;160;18m▀[m[38;2;101;86;39;48;2;62;61;66m▀[m[38;2;49;48;48;48;2;49;48;48m▀[m[38;2;106;95;36m▄[m         [38;2;85;84;63;48;2;93;83;30m▀[m[38;2;153;123;24;48;2;248;202;11m▀[m[38;2;51;50;51;48;2;186;153;19m▀[m[38;2;51;50;51;48;2;46;42;39m▀[m[38;2;63;63;67;48;2;51;50;51m▀[m[38;2;63;63;67;48;2;46;42;39m▀[m[38;2;186;153;19;48;2;113;96;36m▀[m[38;2;79;73;52;48;2;51;50;51m▀[m[38;2;51;50;51;48;2;113;96;36m▀[m[38;2;79;73;52;48;2;248;202;11m▀[m[38;2;79;73;52;48;2;248;202;11m▀[m[38;2;51;50;51;48;2;79;73;52m▀[m[38;2;51;50;51;48;2;153;123;24m▀[m[38;2;46;42;39;48;2;59;55;45m▀[m[38;2;93;83;30m▀[m[38;2;46;42;39;48;2;93;83;30m▀[m[38;2;63;63;67;48;2;186;153;19m▀[m[38;2;63;63;67;48;2;216;174;16m▀[m[38;2;51;50;51;48;2;153;123;24m▀[m[38;2;79;73;52;48;2;153;123;24m▀[m[38;2;93;83;30m▄[m
    [38;2;113;105;55m▄[m[38;2;70;70;68m▄[m[38;2;112;108;87;48;2;159;146;77m▀[m[38;2;232;228;211;48;2;211;205;179m▀[m[38;2;167;169;165;48;2;211;205;179m▀[m[38;2;83;84;84;48;2;167;169;165m▀[m[38;2;51;51;53;48;2;83;84;84m▀[m[38;2;154;123;35;48;2;70;70;68m▀[m[38;2;219;173;30;48;2;113;105;55m▀[m[38;2;219;173;30;48;2;196;175;42m▀[m[38;2;219;173;30;48;2;219;173;30m▀[m[38;2;219;173;30;48;2;219;173;30m▀[m[38;2;196;175;42;48;2;112;108;87m▀[m[38;2;112;108;87;48;2;167;169;165m▀[m[38;2;108;108;103;48;2;232;228;211m▀[m[38;2;108;108;103;48;2;232;228;211m▀[m[38;2;83;84;84;48;2;211;205;179m▀[m[38;2;51;51;53;48;2;51;51;53m▀[m[38;2;51;51;53;48;2;70;70;68m▀[m[38;2;112;108;87m▀[m[38;2;167;169;165;48;2;113;105;55m▀[m[38;2;211;205;179;48;2;70;70;68m▀[m[38;2;167;169;165;48;2;70;70;68m▀[m[38;2;108;108;103;48;2;70;70;68m▀[m[38;2;70;70;68;48;2;167;153;100m▀[m[38;2;219;173;30;48;2;243;209;36m▀[m[38;2;113;105;55;48;2;219;173;30m▀[m       [38;2;53;51;46m▄[m[38;2;211;170;18;48;2;62;61;66m▀[m[38;2;247;203;11;48;2;49;48;48m▀[m[38;2;101;86;39;48;2;49;48;48m▀[m[38;2;49;48;48;48;2;53;51;46m▀[m[38;2;106;95;36m▀[m   [38;2;53;51;46;48;2;233;221;31m▀[m[38;2;101;86;39;48;2;247;203;11m▀[m[38;2;49;48;48;48;2;49;48;48m▀[m[38;2;49;48;48;48;2;49;48;48m▀[m[38;2;40;39;37m▀[m [38;2;53;51;46;48;2;53;51;46m▀[m[38;2;40;39;37;48;2;40;39;37m▀[m[38;2;40;39;37;48;2;40;39;37m▀[m[38;2;53;51;46;48;2;40;39;37m▀[m    [38;2;53;51;46;48;2;53;51;46m▀[m[38;2;152;118;19;48;2;211;170;18m▀[m[38;2;101;86;39;48;2;101;86;39m▀[m[38;2;40;39;37;48;2;49;48;48m▀[m         [38;2;93;83;30;48;2;216;174;16m▀[m[38;2;79;73;52;48;2;186;153;19m▀[m[38;2;79;73;52;48;2;51;50;51m▀[m[38;2;51;50;51;48;2;51;50;51m▀[m[38;2;46;42;39;48;2;59;55;45m▀[m   [38;2;93;83;30;48;2;59;55;45m▀[m[38;2;216;174;16;48;2;63;63;67m▀[m[38;2;216;174;16;48;2;63;63;67m▀[m[38;2;79;73;52;48;2;51;50;51m▀[m[38;2;113;96;36;48;2;46;42;39m▀[m[38;2;59;55;45;48;2;46;42;39m▀[m  [38;2;93;83;30m▀[m[38;2;153;123;24m▀[m[38;2;79;73;52;48;2;51;50;51m▀[m[38;2;51;50;51;48;2;63;63;67m▀[m[38;2;46;42;39;48;2;51;50;51m▀[m
   [38;2;70;70;68m▄[m[38;2;154;123;35;48;2;250;209;38m▀[m[38;2;250;209;38;48;2;250;209;38m▀[m[38;2;243;209;36;48;2;250;209;38m▀[m[38;2;154;123;35;48;2;250;209;38m▀[m[38;2;167;169;165;48;2;51;51;53m▀[m[38;2;167;169;165;48;2;167;169;165m▀[m[38;2;51;51;53m▀[m[38;2;113;105;55m▀[m    [38;2;112;108;87;48;2;70;70;68m▀[m[38;2;232;228;211;48;2;154;123;35m▀[m[38;2;232;228;211;48;2;154;123;35m▀[m[38;2;232;228;211;48;2;196;175;42m▀[m[38;2;232;228;211;48;2;167;169;165m▀[m[38;2;167;169;165;48;2;167;169;165m▀[m    [38;2;113;105;55m▄[m[38;2;211;201;171;48;2;250;209;38m▀[m[38;2;243;209;36;48;2;250;209;38m▀[m[38;2;250;209;38;48;2;250;209;38m▀[m[38;2;219;173;30;48;2;219;173;30m▀[m     [38;2;187;160;18m▄[m[38;2;106;95;36;48;2;187;160;18m▀[m[38;2;78;81;41;48;2;247;203;11m▀[m[38;2;101;86;39;48;2;187;160;18m▀[m[38;2;49;48;48;48;2;187;160;18m▀[m[38;2;49;48;48;48;2;53;51;46m▀[m[38;2;106;95;36m▀[m   [38;2;53;51;46;48;2;40;39;37m▀[m[38;2;152;118;19;48;2;40;39;37m▀[m[38;2;152;118;19;48;2;49;48;48m▀[m[38;2;49;48;48;48;2;152;118;19m▀[m[38;2;40;39;37;48;2;106;95;36m▀[m [38;2;152;118;19;48;2;152;118;19m▀[m[38;2;152;118;19;48;2;101;86;39m▀[m[38;2;152;118;19;48;2;152;118;19m▀[m[38;2;101;86;39;48;2;78;81;41m▀[m[38;2;53;51;46m▀[m   [38;2;152;118;19m▄[m[38;2;53;51;46;48;2;187;160;18m▀[m[38;2;101;86;39;48;2;247;203;11m▀[m[38;2;78;81;41;48;2;187;160;18m▀[m[38;2;78;81;41;48;2;247;203;11m▀[m[38;2;106;95;36m▄[m       [38;2;59;55;45;48;2;46;42;39m▀[m[38;2;183;161;32;48;2;46;42;39m▀[m[38;2;153;123;24;48;2;51;50;51m▀[m[38;2;79;73;52;48;2;153;123;24m▀[m[38;2;113;96;36;48;2;186;153;19m▀[m    [38;2;183;161;32;48;2;113;96;36m▀[m[38;2;216;174;16;48;2;153;123;24m▀[m[38;2;79;73;52;48;2;79;73;52m▀[m[38;2;63;63;67;48;2;153;123;24m▀[m[38;2;46;42;39;48;2;79;73;52m▀[m[38;2;46;42;39;48;2;51;50;51m▀[m    [38;2;46;42;39;48;2;85;84;63m▀[m[38;2;63;63;67;48;2;113;96;36m▀[m[38;2;63;63;67;48;2;85;84;63m▀[m[38;2;59;55;45;48;2;93;83;30m▀[m
   [38;2;70;70;68;48;2;113;105;55m▀[m[38;2;250;209;38;48;2;180;160;36m▀[m[38;2;250;209;38;48;2;180;160;36m▀[m[38;2;250;209;38;48;2;180;160;36m▀[m[38;2;250;209;38;48;2;180;160;36m▀[m       [38;2;113;105;55;48;2;70;70;68m▀[m[38;2;196;175;42;48;2;250;209;38m▀[m[38;2;250;209;38;48;2;250;209;38m▀[m[38;2;250;209;38;48;2;250;209;38m▀[m[38;2;250;209;38;48;2;250;209;38m▀[m[38;2;196;175;42;48;2;243;209;36m▀[m[38;2;112;108;87m▀[m    [38;2;113;105;55m▀[m[38;2;219;173;30m▀[m[38;2;219;173;30m▀[m[38;2;219;173;30m▀[m[38;2;196;175;42m▀[m     [38;2;211;170;18m▀[m[38;2;187;160;18m▀[m[38;2;211;170;18m▀[m[38;2;152;118;19m▀[m[38;2;152;118;19m▀[m[38;2;53;51;46m▀[m  [38;2;167;147;30;48;2;247;203;11m▀[m[38;2;216;186;80;48;2;187;160;18m▀[m[38;2;216;186;80;48;2;247;203;11m▀[m[38;2;187;160;18;48;2;187;160;18m▀[m[38;2;152;118;19;48;2;247;203;11m▀[m[38;2;40;39;37;48;2;53;51;46m▀[m          [38;2;152;118;19m▀[m[38;2;187;160;18m▀[m[38;2;211;170;18m▀[m[38;2;187;160;18m▀[m[38;2;211;170;18m▀[m[38;2;106;95;36m▀[m     [38;2;93;83;30;48;2;178;153;21m▀[m[38;2;183;161;32;48;2;186;153;19m▀[m[38;2;248;202;11;48;2;248;202;11m▀[m[38;2;183;161;32;48;2;186;153;19m▀[m[38;2;186;153;19;48;2;186;153;19m▀[m[38;2;51;50;51;48;2;46;42;39m▀[m   [38;2;59;55;45m▄[m[38;2;46;42;39;48;2;178;153;21m▀[m[38;2;63;63;67;48;2;178;153;21m▀[m[38;2;63;63;67;48;2;113;96;36m▀[m[38;2;113;96;36;48;2;51;50;51m▀[m[38;2;186;153;19;48;2;93;83;30m▀[m[38;2;113;96;36m▀[m[38;2;46;42;39m▀[m   [38;2;178;153;21;48;2;93;83;30m▀[m[38;2;186;153;19;48;2;178;153;21m▀[m[38;2;216;174;16;48;2;178;153;21m▀[m[38;2;186;153;19;48;2;178;153;21m▀[m[38;2;59;55;45;48;2;93;83;30m▀[m
               [38;2;113;105;55m▀[m[38;2;219;173;30;48;2;113;105;55m▀[m[38;2;250;209;38;48;2;70;70;68m▀[m[38;2;250;209;38;48;2;181;169;74m▀[m[38;2;250;209;38;48;2;70;70;68m▀[m[38;2;243;209;36;48;2;70;70;68m▀[m                       [38;2;167;147;30m▀[m[38;2;106;95;36m▀[m[38;2;167;147;30m▀[m[38;2;106;95;36m▀[m[38;2;167;147;30m▀[m                              [38;2;59;55;45;48;2;93;83;30m▀[m[38;2;183;161;32;48;2;178;153;21m▀[m[38;2;248;202;11;48;2;178;153;21m▀[m[38;2;186;153;19;48;2;59;55;45m▀[m[38;2;248;202;11;48;2;178;153;21m▀[m[38;2;46;42;39;48;2;93;83;30m▀[m

[1mjoulepup[m                          [1mvoltweiler[m                        [1mampmastiff[m
                                             [38;2;192;176;33m▄[m[38;2;238;220;28m▄[m[38;2;85;65;71m▀[m                             [38;2;236;215;23m▄[m[38;2;165;138;19m▀[m    [38;2;96;55;157m▄[m[38;2;98;77;56;48;2;77;41;143m▀[m  [38;2;77;41;143m▄[m[38;2;96;55;157m▄[m
                                            [38;2;192;176;33;48;2;85;65;71m▀[m[38;2;238;220;28;48;2;192;176;33m▀[m[38;2;192;176;33;48;2;238;220;28m▀[m[38;2;85;65;71m▄[m [38;2;192;176;33m▄[m[38;2;192;176;33m▄[m[38;2;85;65;71;48;2;192;176;33m▀[m                        [38;2;165;138;19m▀[m[38;2;236;215;23;48;2;210;172;35m▀[m[38;2;165;138;19;48;2;98;77;56m▀[m[38;2;77;41;143m▄[m[38;2;96;55;157m▄[m[38;2;77;41;143;48;2;79;48;118m▀[m[38;2;115;75;147;48;2;79;48;118m▀[m[38;2;210;172;35;48;2;55;29;103m▀[m[38;2;98;77;56;48;2;55;29;103m▀[m[38;2;77;41;143;48;2;160;132;148m▀[m[38;2;115;75;147;48;2;236;215;23m▀[m[38;2;100;54;176;48;2;93;50;173m▀[m[38;2;77;41;143m▀[m
     [38;2;84;63;103m▄[m[38;2;134;115;100;48;2;214;189;55m▀[m                                   [38;2;57;35;74m▄[m[38;2;57;35;74m▄[m[38;2;99;72;74;48;2;85;65;71m▀[m[38;2;192;176;33;48;2;85;65;71m▀[m[38;2;85;65;71;48;2;85;65;71m▀[m[38;2;57;35;74m▄[m[38;2;85;65;71;48;2;85;65;71m▀[m[38;2;192;176;33m▀[m[38;2;192;176;33m▀[m                         [38;2;143;125;74;48;2;115;88;105m▀[m[38;2;144;111;102;48;2;96;55;157m▀[m[38;2;109;63;193;48;2;100;54;176m▀[m[38;2;93;50;173;48;2;144;111;102m▀[m[38;2;82;44;149;48;2;210;172;35m▀[m[38;2;100;54;176;48;2;115;88;105m▀[m[38;2;93;50;173;48;2;115;88;105m▀[m[38;2;144;111;102;48;2;236;215;23m▀[m[38;2;115;88;105;48;2;144;111;102m▀[m[38;2;170;104;42;48;2;55;29;103m▀[m[38;2;144;111;102;48;2;115;88;105m▀[m[38;2;55;29;103;48;2;236;215;23m▀[m[38;2;82;44;149;48;2;144;111;102m▀[m[38;2;77;41;143;48;2;93;50;173m▀[m[38;2;96;55;157m▄[m
[38;2;168;149;42m▀[m[38;2;168;149;42;48;2;214;189;55m▀[m[38;2;214;189;55m▄[m[38;2;84;63;103m▄[m [38;2;168;149;42m▀[m[38;2;192;103;54;48;2;168;149;42m▀[m[38;2;81;55;151m▄[m[38;2;84;63;103m▄[m[38;2;84;63;103m▄[m[38;2;81;55;151m▄[m[38;2;81;55;151m▄[m[38;2;81;55;151m▄[m[38;2;81;55;151m▄[m[38;2;81;55;151m▄[m                          [38;2;57;35;74m▄[m[38;2;114;74;144;48;2;81;43;146m▀[m[38;2;81;43;146;48;2;114;74;144m▀[m[38;2;120;82;193;48;2;171;152;107m▀[m[38;2;94;51;168;48;2;192;176;33m▀[m[38;2;94;51;168;48;2;81;43;146m▀[m[38;2;114;74;144;48;2;114;97;97m▀[m[38;2;78;49;105;48;2;211;188;43m▀[m[38;2;81;43;146;48;2;211;188;43m▀[m[38;2;57;35;74;48;2;54;29;95m▀[m[38;2;85;65;71;48;2;94;51;168m▀[m[38;2;81;43;146m▄[m[38;2;57;35;74m▄[m                     [38;2;94;59;62;48;2;109;63;193m▀[m[38;2;93;50;173;48;2;100;54;176m▀[m[38;2;100;54;176;48;2;100;54;176m▀[m[38;2;109;63;193;48;2;100;54;176m▀[m[38;2;170;104;42;48;2;82;44;149m▀[m[38;2;210;172;35;48;2;79;48;118m▀[m[38;2;115;88;105;48;2;93;50;173m▀[m[38;2;93;50;173;48;2;93;50;173m▀[m[38;2;144;111;102;48;2;82;44;149m▀[m[38;2;115;75;147;48;2;55;29;103m▀[m[38;2;55;29;103;48;2;37;22;53m▀[m[38;2;79;48;118;48;2;55;29;103m▀[m[38;2;210;172;35;48;2;79;48;118m▀[m[38;2;115;75;147;48;2;144;111;102m▀[m[38;2;93;50;173;48;2;167;141;102m▀[m[38;2;100;54;176;48;2;115;75;147m▀[m[38;2;77;41;143;48;2;93;50;173m▀[m
 [38;2;192;103;54;48;2;192;103;54m▀[m[38;2;168;149;42;48;2;134;115;100m▀[m [38;2;120;95;108m▄[m[38;2;84;63;103;48;2;210;174;98m▀[m[38;2;110;73;192;48;2;198;163;172m▀[m[38;2;146;105;227;48;2;198;163;172m▀[m[38;2;146;105;227;48;2;146;113;179m▀[m[38;2;146;105;227;48;2;142;104;153m▀[m[38;2;146;105;227;48;2;117;81;203m▀[m[38;2;146;105;227;48;2;117;81;203m▀[m[38;2;198;163;172;48;2;146;113;179m▀[m[38;2;146;113;179;48;2;146;113;179m▀[m[38;2;173;141;156;48;2;109;75;183m▀[m[38;2;168;149;42;48;2;146;113;179m▀[m[38;2;84;63;103;48;2;109;75;183m▀[m[38;2;110;71;145m▄[m                      [38;2;57;35;74;48;2;81;43;146m▀[m[38;2;120;82;193;48;2;94;51;168m▀[m[38;2;94;51;168;48;2;81;43;146m▀[m[38;2;94;51;168;48;2;78;49;105m▀[m[38;2;192;176;33;48;2;54;29;95m▀[m[38;2;211;188;43;48;2;54;29;95m▀[m[38;2;81;43;146;48;2;94;51;168m▀[m[38;2;114;74;144;48;2;94;51;168m▀[m[38;2;211;188;43;48;2;76;44;122m▀[m[38;2;144;118;110;48;2;76;44;122m▀[m[38;2;54;29;95;48;2;54;29;95m▀[m[38;2;94;51;168;48;2;114;97;97m▀[m[38;2;144;118;110;48;2;238;220;28m▀[m[38;2;114;74;144;48;2;144;118;110m▀[m[38;2;78;49;105;48;2;94;51;168m▀[m[38;2;57;35;74m▄[m                   [38;2;55;29;103;48;2;143;125;74m▀[m[38;2;77;41;143m▀[m[38;2;115;88;105;48;2;160;132;148m▀[m [38;2;98;77;56;48;2;94;59;62m▀[m[38;2;37;22;53;48;2;37;22;53m▀[m[38;2;115;88;105;48;2;167;141;102m▀[m[38;2;160;132;148;48;2;167;141;102m▀[m[38;2;144;111;102;48;2;98;77;56m▀[m[38;2;94;59;62;48;2;115;88;105m▀[m[38;2;115;88;105;48;2;115;88;105m▀[m[38;2;115;88;105;48;2;115;88;105m▀[m[38;2;79;48;118;48;2;79;48;118m▀[m[38;2;236;215;23;48;2;210;172;35m▀[m[38;2;236;215;23;48;2;236;215;23m▀[m[38;2;144;111;102;48;2;144;111;102m▀[m[38;2;100;54;176;48;2;93;50;173m▀[m
  [38;2;146;105;227m▄[m[38;2;146;113;179;48;2;146;105;227m▀[m[38;2;146;105;227;48;2;146;105;227m▀[m[38;2;198;163;172;48;2;146;105;227m▀[m[38;2;146;105;227;48;2;146;105;227m▀[m[38;2;116;84;155;48;2;109;75;183m▀[m[38;2;173;141;156;48;2;192;103;54m▀[m[38;2;192;103;54;48;2;192;103;54m▀[m[38;2;110;71;145;48;2;110;71;145m▀[m[38;2;146;105;227;48;2;146;105;227m▀[m[38;2;109;75;183;48;2;109;75;183m▀[m[38;2;142;104;153;48;2;151;113;106m▀[m[38;2;109;75;183;48;2;116;84;155m▀[m[38;2;142;104;153;48;2;142;104;153m▀[m[38;2;142;104;153;48;2;151;113;106m▀[m[38;2;109;75;183;48;2;109;75;183m▀[m[38;2;81;55;151;48;2;110;73;192m▀[m                      [38;2;180;169;143;48;2;180;169;143m▀[m[38;2;85;65;71m▄[m [38;2;85;65;71;48;2;164;99;17m▀[m[38;2;164;99;17;48;2;164;99;17m▀[m[38;2;134;102;156;48;2;134;102;156m▀[m[38;2;81;43;146;48;2;51;35;54m▀[m[38;2;51;35;54;48;2;114;97;97m▀[m[38;2;99;72;74;48;2;114;97;97m▀[m[38;2;54;29;95;48;2;114;97;97m▀[m[38;2;76;44;122;48;2;54;29;95m▀[m[38;2;114;97;97;48;2;81;43;146m▀[m[38;2;94;51;168;48;2;171;152;107m▀[m[38;2;94;51;168;48;2;211;188;43m▀[m[38;2;94;51;168;48;2;94;51;168m▀[m                      [38;2;98;77;56;48;2;94;59;62m▀[m[38;2;94;59;62;48;2;170;104;42m▀[m[38;2;94;59;62;48;2;167;141;102m▀[m[38;2;167;141;102;48;2;143;125;74m▀[m[38;2;98;77;56m▀[m [38;2;94;59;62;48;2;98;77;56m▀[m[38;2;144;111;102;48;2;144;111;102m▀[m[38;2;167;141;102;48;2;167;141;102m▀[m[38;2;79;48;118;48;2;79;48;118m▀[m[38;2;82;44;149;48;2;144;111;102m▀[m[38;2;82;44;149;48;2;236;215;23m▀[m[38;2;82;44;149;48;2;144;111;102m▀[m[38;2;82;44;149;48;2;77;41;143m▀[m
  [38;2;146;105;227;48;2;146;105;227m▀[m[38;2;110;73;192;48;2;81;55;151m▀[m[38;2;146;105;227;48;2;117;81;203m▀[m[38;2;110;73;192m▀[m [38;2;84;63;103m▀[m[38;2;81;55;151m▀[m[38;2;110;73;192;48;2;81;55;151m▀[m[38;2;146;105;227;48;2;146;105;227m▀[m[38;2;146;105;227;48;2;146;105;227m▀[m[38;2;109;75;183;48;2;110;73;192m▀[m[38;2;142;104;153;48;2;84;63;103m▀[m[38;2;86;56;161;48;2;84;63;103m▀[m[38;2;109;75;183;48;2;151;113;106m▀[m[38;2;86;56;161;48;2;116;84;155m▀[m[38;2;142;104;153;48;2;109;75;183m▀[m[38;2;173;141;156;48;2;109;75;183m▀[m[38;2;81;55;151;48;2;81;55;151m▀[m          [38;2;81;55;151m▄[m[38;2;84;63;103m▄[m          [38;2;85;65;71;48;2;85;65;71m▀[m[38;2;57;35;74;48;2;171;152;107m▀[m[38;2;238;220;28;48;2;171;152;107m▀[m[38;2;171;152;107;48;2;78;49;105m▀[m[38;2;78;49;105;48;2;51;35;54m▀[m[38;2;57;35;74;48;2;51;35;54m▀[m[38;2;114;97;97;48;2;114;97;97m▀[m[38;2;114;97;97;48;2;171;152;107m▀[m[38;2;144;118;110;48;2;171;152;107m▀[m[38;2;78;49;105;48;2;78;49;105m▀[m[38;2;94;51;168;48;2;94;51;168m▀[m[38;2;211;188;43;48;2;114;74;144m▀[m[38;2;238;220;28;48;2;114;74;144m▀[m[38;2;81;43;146;48;2;54;29;95m▀[m                   [38;2;210;172;35m▄[m[38;2;98;77;56;48;2;98;77;56m▀[m [38;2;144;111;102m▀[m[38;2;144;111;102m▀[m[38;2;94;59;62m▀[m  [38;2;94;59;62m▄[m[38;2;94;59;62;48;2;167;141;102m▀[m[38;2;144;111;102;48;2;167;141;102m▀[m[38;2;115;88;105;48;2;115;88;105m▀[m[38;2;79;48;118;48;2;82;44;149m▀[m[38;2;115;88;105;48;2;82;44;149m▀[m[38;2;205;183;58;48;2;82;44;149m▀[m[38;2;115;88;105;48;2;79;48;118m▀[m[38;2;77;41;143;48;2;98;77;56m▀[m
    [38;2;84;63;103m▀[m  [38;2;214;189;55m▄[m[38;2;168;149;42;48;2;245;217;87m▀[m[38;2;120;95;108;48;2;151;113;106m▀[m[38;2;146;105;227;48;2;146;113;179m▀[m[38;2;117;81;203;48;2;84;63;103m▀[m   [38;2;134;115;100;48;2;214;189;55m▀[m[38;2;151;113;106;48;2;210;174;98m▀[m[38;2;86;56;161;48;2;117;81;203m▀[m[38;2;109;75;183;48;2;146;113;179m▀[m[38;2;81;55;151;48;2;168;149;42m▀[m      [38;2;146;113;179m▄[m[38;2;110;73;192;48;2;123;96;199m▀[m[38;2;120;95;108;48;2;116;84;155m▀[m[38;2;120;95;108;48;2;173;141;156m▀[m[38;2;117;81;203;48;2;81;55;151m▀[m[38;2;81;55;151m▀[m           [38;2;85;65;71m▀[m[38;2;85;65;71m▀[m[38;2;85;65;71m▀[m[38;2;54;29;95;48;2;54;29;95m▀[m[38;2;78;49;105;48;2;114;97;97m▀[m[38;2;99;72;74;48;2;180;169;143m▀[m[38;2;171;152;107;48;2;180;169;143m▀[m[38;2;144;118;110;48;2;144;118;110m▀[m[38;2;78;49;105;48;2;81;43;146m▀[m[38;2;114;74;144;48;2;144;118;110m▀[m[38;2;134;102;156;48;2;144;118;110m▀[m[38;2;81;43;146;48;2;57;35;74m▀[m[38;2;85;65;71m▀[m  [38;2;211;188;43m▄[m[38;2;85;65;71;48;2;174;169;31m▀[m              [38;2;165;138;19m▀[m[38;2;236;215;23;48;2;98;77;56m▀[m[38;2;98;77;56;48;2;210;172;35m▀[m[38;2;98;77;56m▄[m [38;2;98;77;56m▄[m[38;2;77;41;143m▄[m[38;2;115;88;105m▄[m[38;2;115;88;105;48;2;167;141;102m▀[m[38;2;167;141;102;48;2;167;141;102m▀[m[38;2;167;141;102;48;2;144;111;102m▀[m[38;2;115;88;105;48;2;96;55;157m▀[m[38;2;115;88;105;48;2;144;111;102m▀[m[38;2;144;111;102;48;2;236;215;23m▀[m[38;2;115;75;147;48;2;144;111;102m▀[m[38;2;82;44;149;48;2;55;29;103m▀[m[38;2;37;22;53m▀[m[38;2;165;138;19m▄[m[38;2;210;172;35m▄[m
   [38;2;168;149;42;48;2;192;103;54m▀[m[38;2;168;149;42;48;2;245;217;87m▀[m[38;2;168;149;42m▄[m[38;2;168;149;42;48;2;245;217;87m▀[m[38;2;245;217;87;48;2;245;217;87m▀[m[38;2;245;217;87;48;2;168;149;42m▀[m[38;2;117;81;203;48;2;81;55;151m▀[m[38;2;81;55;151m▀[m  [38;2;168;149;42m▄[m[38;2;192;103;54;48;2;245;217;87m▀[m[38;2;214;189;55;48;2;245;217;87m▀[m[38;2;151;113;106;48;2;146;105;227m▀[m[38;2;109;75;183;48;2;117;81;203m▀[m[38;2;146;113;179;48;2;86;56;161m▀[m[38;2;81;55;151;48;2;84;63;103m▀[m    [38;2;84;63;103m▄[m[38;2;81;55;151;48;2;173;141;156m▀[m[38;2;173;141;156;48;2;110;73;192m▀[m[38;2;151;113;106;48;2;84;63;103m▀[m             [38;2;99;72;74m▄[m[38;2;85;65;71;48;2;192;176;33m▀[m[38;2;174;169;31m▀[m  [38;2;85;65;71m▄[m[38;2;99;72;74;48;2;180;169;143m▀[m[38;2;144;118;110;48;2;180;169;143m▀[m[38;2;144;118;110;48;2;171;152;107m▀[m[38;2;78;49;105;48;2;81;43;146m▀[m[38;2;94;51;168;48;2;81;43;146m▀[m[38;2;81;43;146;48;2;57;35;74m▀[m[38;2;51;35;54m▀[m   [38;2;211;188;43;48;2;85;65;71m▀[m[38;2;238;220;28;48;2;238;220;28m▀[m[38;2;85;65;71;48;2;192;176;33m▀[m                [38;2;94;59;62;48;2;77;41;143m▀[m[38;2;98;77;56;48;2;82;44;149m▀[m[38;2;170;104;42;48;2;160;132;148m▀[m[38;2;210;172;35;48;2;167;141;102m▀[m[38;2;115;75;147;48;2;100;54;176m▀[m[38;2;93;50;173;48;2;93;50;173m▀[m[38;2;79;48;118;48;2;93;50;173m▀[m[38;2;79;48;118;48;2;82;44;149m▀[m[38;2;82;44;149;48;2;115;88;105m▀[m[38;2;82;44;149;48;2;115;88;105m▀[m[38;2;115;75;147;48;2;55;29;103m▀[m[38;2;144;111;102;48;2;37;22;53m▀[m[38;2;94;59;62m▀[m [38;2;98;77;56m▀[m[38;2;236;215;23;48;2;205;183;58m▀[m[38;2;165;138;19;48;2;210;172;35m▀[m
    [38;2;168;149;42m▀[m[38;2;245;217;87m▀[m[38;2;245;217;87m▀[m[38;2;168;149;42m▀[m   [38;2;168;149;42m▄[m[38;2;168;149;42;48;2;245;217;87m▀[m[38;2;214;189;55;48;2;245;217;87m▀[m[38;2;245;217;87;48;2;146;113;179m▀[m[38;2;142;104;153;48;2;109;75;183m▀[m[38;2;146;113;179;48;2;117;81;203m▀[m[38;2;210;174;98;48;2;117;81;203m▀[m[38;2;192;103;54;48;2;84;63;103m▀[m     [38;2;84;63;103;48;2;84;63;103m▀[m[38;2;142;104;153;48;2;109;75;183m▀[m[38;2;168;149;42;48;2;81;55;151m▀[m              [38;2;211;188;43m▀[m[38;2;211;188;43;48;2;99;72;74m▀[m[38;2;85;65;71;48;2;238;220;28m▀[m [38;2;85;65;71m▄[m[38;2;171;152;107;48;2;171;152;107m▀[m[38;2;180;169;143;48;2;171;152;107m▀[m[38;2;180;169;143;48;2;78;49;105m▀[m[38;2;76;44;122;48;2;81;43;146m▀[m[38;2;81;43;146;48;2;57;35;74m▀[m[38;2;57;35;74m▀[m    [38;2;57;35;74m▄[m[38;2;192;176;33;48;2;85;65;71m▀[m[38;2;174;169;31m▀[m               [38;2;98;77;56m▄[m[38;2;79;48;118;48;2;100;54;176m▀[m[38;2;100;54;176;48;2;160;132;148m▀[m[38;2;100;54;176;48;2;236;215;23m▀[m[38;2;93;50;173;48;2;144;111;102m▀[m[38;2;93;50;173;48;2;82;44;149m▀[m[38;2;115;75;147;48;2;144;111;102m▀[m[38;2;167;141;102;48;2;236;215;23m▀[m[38;2;115;75;147;48;2;170;104;42m▀[m[38;2;82;44;149;48;2;77;41;143m▀[m[38;2;55;29;103m▀[m[38;2;55;29;103m▀[m    [38;2;98;77;56;48;2;165;138;19m▀[m[38;2;210;172;35m▀[m[38;2;165;138;19m▀[m
       [38;2;84;63;103m▄[m[38;2;116;84;155m▄[m[38;2;86;56;161m▄[m[38;2;134;115;100;48;2;168;149;42m▀[m[38;2;245;217;87;48;2;214;189;55m▀[m[38;2;245;217;87;48;2;214;189;55m▀[m[38;2;245;217;87;48;2;146;113;179m▀[m[38;2;198;163;172;48;2;146;113;179m▀[m[38;2;173;141;156;48;2;146;113;179m▀[m[38;2;109;75;183;48;2;116;84;155m▀[m[38;2;86;56;161;48;2;151;113;106m▀[m[38;2;84;63;103;48;2;86;56;161m▀[m[38;2;151;113;106m▄[m[38;2;142;104;153m▄[m[38;2;109;75;183m▄[m[38;2;146;113;179m▄[m[38;2;210;174;98m▄[m[38;2;134;115;100;48;2;210;174;98m▀[m[38;2;116;84;155;48;2;151;113;106m▀[m[38;2;81;55;151;48;2;81;55;151m▀[m              [38;2;85;65;71m▄[m[38;2;174;169;31;48;2;57;35;74m▀[m[38;2;192;176;33;48;2;54;29;95m▀[m[38;2;54;29;95m▄[m[38;2;171;152;107;48;2;171;152;107m▀[m[38;2;180;169;143;48;2;171;152;107m▀[m[38;2;180;169;143;48;2;99;72;74m▀[m[38;2;76;44;122;48;2;51;35;54m▀[m[38;2;76;44;122;48;2;51;35;54m▀[m[38;2;51;35;54;48;2;54;29;95m▀[m[38;2;51;35;54;48;2;54;29;95m▀[m[38;2;51;35;54;48;2;51;35;54m▀[m[38;2;78;49;105;48;2;51;35;54m▀[m[38;2;78;49;105;48;2;51;35;54m▀[m[38;2;76;44;122;48;2;76;44;122m▀[m[38;2;81;43;146;48;2;81;43;146m▀[m[38;2;78;49;105;48;2;94;51;168m▀[m[38;2;57;35;74;48;2;171;152;107m▀[m[38;2;78;49;105m▄[m              [38;2;82;44;149;48;2;115;75;147m▀[m[38;2;82;44;149;48;2;93;50;173m▀[m[38;2;115;88;105;48;2;93;50;173m▀[m[38;2;210;172;35;48;2;79;48;118m▀[m[38;2;144;111;102;48;2;55;29;103m▀[m[38;2;82;44;149;48;2;55;29;103m▀[m[38;2;55;29;103;48;2;37;22;53m▀[m[38;2;94;59;62;48;2;37;22;53m▀[m[38;2;98;77;56;48;2;55;29;103m▀[m[38;2;98;77;56;48;2;55;29;103m▀[m[38;2;37;22;53;48;2;55;29;103m▀[m[38;2;94;59;62;48;2;55;29;103m▀[m[38;2;94;59;62;48;2;55;29;103m▀[m[38;2;94;59;62;48;2;82;44;149m▀[m[38;2;94;59;62;48;2;82;44;149m▀[m[38;2;55;29;103;48;2;82;44;149m▀[m[38;2;55;29;103;48;2;93;50;173m▀[m[38;2;77;41;143;48;2;115;75;147m▀[m[38;2;96;55;157m▄[m
     [38;2;84;63;103m▄[m[38;2;84;63;103;48;2;210;174;98m▀[m[38;2;117;81;203;48;2;123;96;199m▀[m[38;2;142;104;153;48;2;210;174;98m▀[m[38;2;120;95;108;48;2;168;149;42m▀[m[38;2;245;217;87;48;2;245;217;87m▀[m[38;2;245;217;87;48;2;245;217;87m▀[m[38;2;210;174;98;48;2;173;141;156m▀[m[38;2;117;81;203;48;2;173;141;156m▀[m[38;2;109;75;183;48;2;173;141;156m▀[m[38;2;109;75;183;48;2;146;113;179m▀[m[38;2;86;56;161;48;2;151;113;106m▀[m[38;2;151;113;106;48;2;86;56;161m▀[m[38;2;86;56;161;48;2;86;56;161m▀[m[38;2;116;84;155;48;2;86;56;161m▀[m[38;2;142;104;153;48;2;86;56;161m▀[m[38;2;86;56;161;48;2;86;56;161m▀[m[38;2;116;84;155;48;2;116;84;155m▀[m[38;2;116;84;155;48;2;123;96;199m▀[m[38;2;142;104;153;48;2;117;81;203m▀[m[38;2;210;174;98;48;2;146;113;179m▀[m[38;2;146;113;179;48;2;146;105;227m▀[m[38;2;168;149;42;48;2;120;95;108m▀[m           [38;2;57;35;74m▄[m[38;2;57;35;74;48;2;171;152;107m▀[m[38;2;81;43;146;48;2;171;152;107m▀[m[38;2;81;43;146;48;2;81;43;146m▀[m[38;2;76;44;122;48;2;54;29;95m▀[m[38;2;99;72;74;48;2;51;35;54m▀[m[38;2;180;169;143;48;2;171;152;107m▀[m[38;2;180;169;143;48;2;171;152;107m▀[m[38;2;114;97;97;48;2;114;97;97m▀[m[38;2;76;44;122;48;2;54;29;95m▀[m[38;2;51;35;54;48;2;54;29;95m▀[m[38;2;51;35;54;48;2;57;35;74m▀[m[38;2;54;29;95;48;2;85;65;71m▀[m[38;2;51;35;54m▀[m[38;2;51;35;54m▀[m[38;2;51;35;54;48;2;57;35;74m▀[m[38;2;51;35;54;48;2;76;44;122m▀[m[38;2;76;44;122;48;2;171;152;107m▀[m[38;2;81;43;146;48;2;238;220;28m▀[m[38;2;144;118;110;48;2;114;74;144m▀[m[38;2;114;74;144;48;2;94;51;168m▀[m[38;2;57;35;74;48;2;57;35;74m▀[m            [38;2;77;41;143;48;2;77;41;143m▀[m[38;2;100;54;176;48;2;115;88;105m▀[m[38;2;167;141;102;48;2;236;215;23m▀[m[38;2;144;111;102;48;2;236;215;23m▀[m[38;2;100;54;176;48;2;96;55;157m▀[m[38;2;55;29;103;48;2;82;44;149m▀[m[38;2;55;29;103;48;2;37;22;53m▀[m[38;2;55;29;103;48;2;37;22;53m▀[m[38;2;37;22;53;48;2;37;22;53m▀[m[38;2;37;22;53;48;2;37;22;53m▀[m[38;2;37;22;53;48;2;37;22;53m▀[m[38;2;37;22;53;48;2;37;22;53m▀[m[38;2;170;104;42;48;2;37;22;53m▀[m[38;2;55;29;103;48;2;37;22;53m▀[m[38;2;55;29;103;48;2;55;29;103m▀[m[38;2;82;44;149;48;2;144;111;102m▀[m[38;2;93;50;173;48;2;236;215;23m▀[m[38;2;115;75;147;48;2;205;183;58m▀[m[38;2;236;215;23;48;2;93;50;173m▀[m[38;2;100;54;176;48;2;100;54;176m▀[m[38;2;77;41;143;48;2;77;41;143m▀[m
      [38;2;146;105;227;48;2;117;81;203m▀[m[38;2;117;81;203;48;2;173;141;156m▀[m[38;2;116;84;155;48;2;86;56;161m▀[m[38;2;120;95;108;48;2;86;56;161m▀[m[38;2;245;217;87;48;2;192;103;54m▀[m[38;2;245;217;87;48;2;214;189;55m▀[m[38;2;198;163;172;48;2;151;113;106m▀[m[38;2;146;105;227;48;2;109;75;183m▀[m[38;2;146;113;179;48;2;109;75;183m▀[m[38;2;117;81;203;48;2;117;81;203m▀[m[38;2;109;75;183;48;2;146;113;179m▀[m[38;2;109;75;183;48;2;173;141;156m▀[m[38;2;86;56;161;48;2;117;81;203m▀[m[38;2;173;141;156;48;2;173;141;156m▀[m[38;2;173;141;156;48;2;198;163;172m▀[m[38;2;109;75;183;48;2;146;105;227m▀[m[38;2;146;113;179;48;2;117;81;203m▀[m[38;2;245;217;87;48;2;173;141;156m▀[m[38;2;146;113;179;48;2;146;113;179m▀[m[38;2;117;81;203;48;2;86;56;161m▀[m[38;2;109;75;183;48;2;142;104;153m▀[m[38;2;120;95;108;48;2;120;95;108m▀[m           [38;2;57;35;74;48;2;57;35;74m▀[m[38;2;114;74;144;48;2;94;51;168m▀[m[38;2;94;51;168;48;2;94;51;168m▀[m[38;2;94;51;168;48;2;171;152;107m▀[m[38;2;81;43;146;48;2;211;188;43m▀[m[38;2;57;35;74;48;2;94;51;168m▀[m[38;2;57;35;74;48;2;81;43;146m▀[m[38;2;114;97;97;48;2;81;43;146m▀[m[38;2;114;97;97;48;2;78;49;105m▀[m[38;2;51;35;54;48;2;78;49;105m▀[m[38;2;54;29;95;48;2;76;44;122m▀[m[38;2;57;35;74;48;2;78;49;105m▀[m[38;2;81;43;146m▄[m[38;2;85;65;71;48;2;81;43;146m▀[m[38;2;85;65;71;48;2;114;74;144m▀[m[38;2;57;35;74;48;2;211;188;43m▀[m[38;2;81;43;146;48;2;171;152;107m▀[m[38;2;94;51;168;48;2;94;51;168m▀[m[38;2;211;188;43;48;2;81;43;146m▀[m[38;2;114;74;144;48;2;81;43;146m▀[m[38;2;76;44;122;48;2;54;29;95m▀[m[38;2;57;35;74;48;2;85;65;71m▀[m            [38;2;77;41;143;48;2;77;41;143m▀[m[38;2;115;75;147;48;2;115;75;147m▀[m[38;2;236;215;23;48;2;100;54;176m▀[m[38;2;210;172;35;48;2;100;54;176m▀[m[38;2;82;44;149;48;2;93;50;173m▀[m[38;2;82;44;149;48;2;100;54;176m▀[m[38;2;79;48;118;48;2;167;141;102m▀[m[38;2;79;48;118;48;2;236;215;23m▀[m[38;2;55;29;103;48;2;210;172;35m▀[m[38;2;77;41;143;48;2;93;50;173m▀[m[38;2;77;41;143;48;2;109;63;193m▀[m[38;2;77;41;143;48;2;160;132;148m▀[m[38;2;82;44;149;48;2;236;215;23m▀[m[38;2;100;54;176;48;2;236;215;23m▀[m[38;2;93;50;173;48;2;100;54;176m▀[m[38;2;115;75;147;48;2;100;54;176m▀[m[38;2;210;172;35;48;2;93;50;173m▀[m[38;2;167;141;102;48;2;100;54;176m▀[m[38;2;93;50;173;48;2;82;44;149m▀[m[38;2;79;48;118;48;2;115;88;105m▀[m[38;2;94;59;62;48;2;94;59;62m▀[m
      [38;2;81;55;151m▀[m[38;2;109;75;183;48;2;81;55;151m▀[m[38;2;86;56;161;48;2;81;55;151m▀[m[38;2;86;56;161;48;2;81;55;151m▀[m[38;2;120;95;108;48;2;84;63;103m▀[m[38;2;214;189;55;48;2;168;149;42m▀[m[38;2;245;217;87;48;2;168;149;42m▀[m[38;2;210;174;98;48;2;214;189;55m▀[m[38;2;117;81;203;48;2;116;84;155m▀[m[38;2;146;113;179;48;2;146;113;179m▀[m[38;2;245;217;87;48;2;245;217;87m▀[m[38;2;146;113;179;48;2;117;81;203m▀[m[38;2;117;81;203;48;2;117;81;203m▀[m[38;2;146;113;179;48;2;146;113;179m▀[m[38;2;210;174;98;48;2;109;75;183m▀[m[38;2;146;113;179;48;2;109;75;183m▀[m[38;2;86;56;161;48;2;86;56;161m▀[m[38;2;86;56;161;48;2;151;113;106m▀[m[38;2;142;104;153;48;2;214;189;55m▀[m[38;2;109;75;183;48;2;81;55;151m▀[m[38;2;86;56;161;48;2;81;55;151m▀[m[38;2;81;55;151m▀[m            [38;2;54;29;95;48;2;85;65;71m▀[m[38;2;81;43;146;48;2;54;29;95m▀[m[38;2;211;188;43;48;2;78;49;105m▀[m[38;2;211;188;43;48;2;76;44;122m▀[m[38;2;94;51;168;48;2;81;43;146m▀[m[38;2;81;43;146;48;2;76;44;122m▀[m[38;2;94;51;168;48;2;94;51;168m▀[m[38;2;171;152;107;48;2;114;74;144m▀[m[38;2;238;220;28;48;2;144;118;110m▀[m[38;2;238;220;28;48;2;144;118;110m▀[m[38;2;134;102;156;48;2;81;43;146m▀[m[38;2;94;51;168;48;2;81;43;146m▀[m[38;2;81;43;146;48;2;54;29;95m▀[m[38;2;114;74;144;48;2;76;44;122m▀[m[38;2;238;220;28;48;2;78;49;105m▀[m[38;2;211;188;43;48;2;54;29;95m▀[m[38;2;81;43;146;48;2;54;29;95m▀[m[38;2;54;29;95;48;2;54;29;95m▀[m[38;2;54;29;95;48;2;57;35;74m▀[m[38;2;57;35;74m▀[m              [38;2;210;172;35m▀[m[38;2;144;111;102;48;2;170;104;42m▀[m[38;2;82;44;149;48;2;55;29;103m▀[m[38;2;82;44;149;48;2;82;44;149m▀[m[38;2;100;54;176;48;2;82;44;149m▀[m[38;2;144;111;102;48;2;115;88;105m▀[m[38;2;167;141;102;48;2;144;111;102m▀[m[38;2;167;141;102;48;2;144;111;102m▀[m[38;2;100;54;176;48;2;82;44;149m▀[m[38;2;100;54;176;48;2;82;44;149m▀[m[38;2;144;111;102;48;2;96;55;157m▀[m[38;2;236;215;23;48;2;115;88;105m▀[m[38;2;236;215;23;48;2;115;88;105m▀[m[38;2;100;54;176;48;2;82;44;149m▀[m[38;2;93;50;173;48;2;55;29;103m▀[m[38;2;79;48;118;48;2;55;29;103m▀[m[38;2;115;88;105;48;2;170;104;42m▀[m[38;2;115;88;105;48;2;94;59;62m▀[m[38;2;115;88;105;48;2;98;77;56m▀[m
             [38;2;84;63;103m▀[m[38;2;84;63;103m▀[m[38;2;84;63;103m▀[m[38;2;84;63;103m▀[m[38;2;81;55;151m▀[m[38;2;84;63;103m▀[m[38;2;84;63;103m▀[m[38;2;81;55;151m▀[m[38;2;81;55;151m▀[m[38;2;84;63;103m▀[m[38;2;84;63;103m▀[m[38;2;84;63;103m▀[m                 [38;2;99;72;74m▀[m[38;2;164;99;17m▀[m[38;2;78;49;105m▀[m[38;2;54;29;95;48;2;85;65;71m▀[m[38;2;54;29;95;48;2;57;35;74m▀[m[38;2;78;49;105;48;2;57;35;74m▀[m[38;2;164;99;17;48;2;99;72;74m▀[m[38;2;164;99;17;48;2;99;72;74m▀[m[38;2;78;49;105;48;2;57;35;74m▀[m[38;2;54;29;95;48;2;57;35;74m▀[m[38;2;51;35;54;48;2;57;35;74m▀[m[38;2;164;99;17m▀[m[38;2;164;99;17m▀[m[38;2;164;99;17m▀[m[38;2;85;65;71m▀[m                   [38;2;77;41;143m▀[m[38;2;37;22;53m▀[m[38;2;55;29;103;48;2;77;41;143m▀[m[38;2;170;104;42;48;2;94;59;62m▀[m[38;2;210;172;35;48;2;94;59;62m▀[m[38;2;210;172;35;48;2;94;59;62m▀[m[38;2;55;29;103;48;2;94;59;62m▀[m[38;2;55;29;103;48;2;94;59;62m▀[m[38;2;115;88;105;48;2;94;59;62m▀[m[38;2;205;183;58;48;2;165;138;19m▀[m[38;2;205;183;58;48;2;94;59;62m▀[m[38;2;55;29;103;48;2;94;59;62m▀[m[38;2;55;29;103;48;2;98;77;56m▀[m[38;2;37;22;53m▀[m[38;2;143;125;74m▀[m

[1mampcoil[m                           [1mcoilobra[m                          [1mgridaconda[m
                                                                       [38;2;102;95;76m▄[m         [38;2;127;137;152m▄[m[38;2;102;95;76;48;2;210;208;204m▀[m[38;2;127;137;152;48;2;210;208;204m▀[m[38;2;123;121;104;48;2;210;208;204m▀[m[38;2;102;95;76m▄[m
                                                                     [38;2;102;95;76m▄[m[38;2;124;134;152;48;2;111;116;117m▀[m[38;2;123;121;104;48;2;61;73;94m▀[m      [38;2;123;121;104m▄[m[38;2;156;161;169;48;2;210;208;204m▀[m[38;2;210;208;204;48;2;207;197;169m▀[m[38;2;156;161;169;48;2;210;208;204m▀[m[38;2;210;208;204;48;2;210;208;204m▀[m[38;2;156;161;169;48;2;156;161;169m▀[m[38;2;156;161;169;48;2;156;161;169m▀[m[38;2;124;134;152;48;2;156;161;169m▀[m[38;2;156;161;169;48;2;156;161;169m▀[m[38;2;123;121;104;48;2;102;95;76m▀[m          [38;2;154;148;123m▄[m[38;2;123;121;104m▄[m
                                                                    [38;2;123;121;104m▄[m[38;2;112;136;164;48;2;112;136;164m▀[m[38;2;92;95;96;48;2;61;73;94m▀[m[38;2;102;128;161;48;2;124;134;152m▀[m[38;2;123;121;104;48;2;111;116;117m▀[m   [38;2;127;137;152m▄[m[38;2;156;161;169;48;2;210;208;204m▀[m[38;2;156;161;169;48;2;156;161;169m▀[m[38;2;156;161;169;48;2;156;161;169m▀[m[38;2;156;161;169;48;2;210;208;204m▀[m[38;2;210;208;204;48;2;156;161;169m▀[m[38;2;210;208;204;48;2;156;161;169m▀[m[38;2;156;161;169;48;2;156;161;169m▀[m[38;2;156;161;169;48;2;210;208;204m▀[m[38;2;210;208;204;48;2;210;208;204m▀[m[38;2;210;208;204;48;2;156;161;169m▀[m[38;2;109;122;142;48;2;156;161;169m▀[m[38;2;123;121;104m▄[m[38;2;165;150;97m▄[m      [38;2;154;148;123m▄[m[38;2;102;95;76;48;2;165;150;97m▀[m[38;2;209;174;81;48;2;102;95;76m▀[m
                                            [38;2;211;209;206m▄[m[38;2;151;151;148;48;2;211;209;206m▀[m[38;2;124;110;77;48;2;211;209;206m▀[m[38;2;151;158;172m▄[m          [38;2;165;147;97m▄[m[38;2;188;158;76m▄[m        [38;2;102;95;76;48;2;102;95;76m▀[m[38;2;112;136;164;48;2;102;128;161m▀[m[38;2;102;95;76;48;2;111;116;117m▀[m[38;2;124;134;152;48;2;92;104;122m▀[m[38;2;76;88;111;48;2;88;111;142m▀[m[38;2;102;95;76;48;2;111;116;117m▀[m[38;2;102;95;76m▄[m[38;2;207;197;169;48;2;156;161;169m▀[m[38;2;210;208;204;48;2;156;161;169m▀[m[38;2;210;208;204;48;2;156;161;169m▀[m[38;2;156;161;169;48;2;109;122;142m▀[m[38;2;210;208;204;48;2;210;208;204m▀[m[38;2;210;208;204;48;2;156;161;169m▀[m[38;2;210;208;204;48;2;156;161;169m▀[m[38;2;124;134;152;48;2;124;134;152m▀[m[38;2;156;161;169;48;2;156;161;169m▀[m[38;2;156;161;169;48;2;92;104;122m▀[m[38;2;156;161;169;48;2;109;122;142m▀[m[38;2;156;161;169;48;2;76;88;111m▀[m[38;2;109;122;142;48;2;92;95;96m▀[m[38;2;102;95;76;48;2;102;95;76m▀[m[38;2;123;121;104m▀[m    [38;2;102;95;76m▄[m [38;2;209;174;81;48;2;209;174;81m▀[m[38;2;207;197;169;48;2;102;95;76m▀[m[38;2;209;174;81;48;2;209;174;81m▀[m[38;2;123;121;104m▀[m
         [38;2;76;79;85m▄[m[38;2;198;195;179m▄[m[38;2;214;212;206m▄[m[38;2;198;195;179m▄[m[38;2;126;130;129m▄[m           [38;2;76;79;85m▄[m[38;2;170;157;104m▄[m[38;2;211;183;95m▄[m[38;2;114;108;82;48;2;166;143;63m▀[m[38;2;114;108;82m▀[m           [38;2;124;110;77m▄[m[38;2;119;119;108;48;2;211;209;206m▀[m[38;2;151;158;172;48;2;190;189;185m▀[m[38;2;211;209;206;48;2;190;189;185m▀[m[38;2;211;209;206;48;2;151;158;172m▀[m[38;2;190;189;185;48;2;190;189;185m▀[m[38;2;151;158;172;48;2;190;189;185m▀[m[38;2;98;99;97;48;2;190;189;185m▀[m[38;2;119;119;108;48;2;190;189;185m▀[m[38;2;119;119;108m▄[m    [38;2;165;147;97m▄[m[38;2;124;110;77;48;2;216;176;79m▀[m[38;2;216;176;79;48;2;216;176;79m▀[m[38;2;208;166;63m▀[m         [38;2;102;95;76m▀[m[38;2;88;111;142;48;2;112;136;164m▀[m[38;2;165;150;97;48;2;88;111;142m▀[m[38;2;76;88;111;48;2;165;150;97m▀[m[38;2;111;116;117;48;2;111;116;117m▀[m[38;2;92;104;122;48;2;61;73;94m▀[m[38;2;51;58;76;48;2;76;88;111m▀[m[38;2;123;121;104;48;2;156;161;169m▀[m[38;2;92;95;96;48;2;156;161;169m▀[m[38;2;156;161;169;48;2;61;73;94m▀[m[38;2;61;73;94;48;2;51;58;76m▀[m[38;2;92;104;122;48;2;51;58;76m▀[m[38;2;92;104;122;48;2;51;58;76m▀[m[38;2;92;95;96;48;2;165;150;97m▀[m[38;2;92;95;96;48;2;92;95;96m▀[m[38;2;92;104;122;48;2;61;73;94m▀[m[38;2;210;208;204;48;2;156;161;169m▀[m[38;2;210;208;204;48;2;156;161;169m▀[m[38;2;109;122;142;48;2;109;122;142m▀[m[38;2;156;161;169;48;2;124;134;152m▀[m[38;2;210;208;204;48;2;124;134;152m▀[m[38;2;102;95;76;48;2;102;95;76m▀[m[38;2;123;121;104m▄[m[38;2;109;122;142m▄[m[38;2;102;95;76;48;2;109;122;142m▀[m[38;2;109;122;142;48;2;124;134;152m▀[m[38;2;123;121;104m▀[m [38;2;154;148;123m▀[m[38;2;102;95;76m▄[m[38;2;162;138;77;48;2;209;174;81m▀[m[38;2;123;121;104m▀[m
    [38;2;76;79;85;48;2;76;79;85m▀[m  [38;2;126;130;129m▄[m[38;2;114;108;82;48;2;198;195;179m▀[m[38;2;214;212;206;48;2;198;195;179m▀[m[38;2;214;212;206;48;2;214;212;206m▀[m[38;2;214;212;206;48;2;214;212;206m▀[m[38;2;214;212;206;48;2;214;212;206m▀[m[38;2;214;212;206;48;2;160;165;175m▀[m[38;2;102;107;116;48;2;160;165;175m▀[m[38;2;160;165;175;48;2;214;212;206m▀[m[38;2;160;165;175;48;2;214;212;206m▀[m[38;2;160;165;175m▄[m[38;2;76;79;85m▄[m[38;2;160;165;175m▄[m   [38;2;114;108;82m▄[m [38;2;211;183;95;48;2;114;108;82m▀[m[38;2;170;157;104;48;2;211;183;95m▀[m[38;2;114;108;82m▀[m            [38;2;151;158;172m▄[m[38;2;151;158;172;48;2;151;158;172m▀[m[38;2;211;209;206;48;2;151;158;172m▀[m[38;2;211;209;206;48;2;211;209;206m▀[m[38;2;211;209;206;48;2;151;158;172m▀[m[38;2;151;158;172;48;2;151;158;172m▀[m[38;2;211;209;206;48;2;151;158;172m▀[m[38;2;211;209;206;48;2;151;158;172m▀[m[38;2;151;158;172;48;2;114;134;163m▀[m[38;2;151;158;172;48;2;114;134;163m▀[m[38;2;119;119;108;48;2;106;121;147m▀[m[38;2;151;158;172m▄[m [38;2;124;110;77m▄[m[38;2;151;158;172;48;2;92;101;118m▀[m[38;2;165;147;97;48;2;137;124;91m▀[m[38;2;216;176;79;48;2;208;166;63m▀[m[38;2;124;110;77;48;2;216;176;79m▀[m[38;2;188;158;76m▄[m          [38;2;124;134;152;48;2;123;121;104m▀[m[38;2;102;128;161;48;2;112;136;164m▀[m[38;2;111;116;117;48;2;88;111;142m▀[m[38;2;165;150;97;48;2;76;88;111m▀[m[38;2;61;73;94;48;2;61;73;94m▀[m[38;2;51;58;76;48;2;92;95;96m▀[m[38;2;156;161;169;48;2;61;73;94m▀[m[38;2;61;73;94;48;2;51;58;76m▀[m[38;2;51;58;76;48;2;51;58;76m▀[m[38;2;51;58;76;48;2;61;73;94m▀[m[38;2;51;58;76;48;2;61;73;94m▀[m[38;2;51;58;76;48;2;92;95;96m▀[m[38;2;165;150;97;48;2;51;58;76m▀[m[38;2;51;58;76;48;2;51;58;76m▀[m[38;2;51;58;76;48;2;51;58;76m▀[m[38;2;51;58;76;48;2;92;95;96m▀[m[38;2;102;95;76;48;2;88;111;142m▀[m[38;2;102;95;76;48;2;111;116;117m▀[m[38;2;51;58;76;48;2;111;116;117m▀[m[38;2;92;95;96;48;2;124;134;152m▀[m[38;2;109;122;142;48;2;109;122;142m▀[m[38;2;124;134;152;48;2;88;111;142m▀[m[38;2;88;111;142;48;2;88;111;142m▀[m[38;2;109;122;142;48;2;112;136;164m▀[m[38;2;102;95;76m▀[m  [38;2;123;121;104;48;2;165;150;97m▀[m[38;2;165;150;97;48;2;154;148;123m▀[m
  [38;2;76;79;85m▄[m[38;2;170;157;104;48;2;166;143;63m▀[m[38;2;211;183;95m▀[m [38;2;126;130;129;48;2;76;79;85m▀[m[38;2;214;212;206;48;2;198;195;179m▀[m[38;2;214;212;206;48;2;160;165;175m▀[m[38;2;214;212;206;48;2;198;195;179m▀[m[38;2;214;212;206;48;2;198;195;179m▀[m[38;2;198;195;179;48;2;160;165;175m▀[m[38;2;160;165;175;48;2;198;195;179m▀[m[38;2;198;195;179;48;2;198;195;179m▀[m[38;2;198;195;179;48;2;160;165;175m▀[m[38;2;198;195;179;48;2;160;165;175m▀[m[38;2;214;212;206;48;2;198;195;179m▀[m[38;2;214;212;206;48;2;160;165;175m▀[m[38;2;198;195;179;48;2;160;165;175m▀[m[38;2;214;212;206;48;2;160;165;175m▀[m[38;2;160;165;175;48;2;198;195;179m▀[m[38;2;102;107;116m▄[m[38;2;114;108;82;48;2;76;79;85m▀[m[38;2;170;157;104m▀[m[38;2;170;157;104m▀[m[38;2;170;157;104;48;2;211;183;95m▀[m[38;2;198;195;179;48;2;76;79;85m▀[m[38;2;167;150;82m▀[m           [38;2;151;151;148;48;2;119;119;108m▀[m[38;2;211;209;206;48;2;151;158;172m▀[m[38;2;190;189;185;48;2;114;134;163m▀[m[38;2;211;209;206;48;2;151;158;172m▀[m[38;2;151;158;172;48;2;114;134;163m▀[m[38;2;114;134;163;48;2;114;134;163m▀[m[38;2;114;134;163;48;2;151;158;172m▀[m[38;2;114;134;163;48;2;92;101;118m▀[m[38;2;106;121;147;48;2;106;121;147m▀[m[38;2;151;158;172;48;2;114;134;163m▀[m[38;2;211;209;206;48;2;151;158;172m▀[m[38;2;151;158;172;48;2;106;121;147m▀[m[38;2;151;158;172;48;2;114;134;163m▀[m[38;2;54;63;85;48;2;54;63;85m▀[m[38;2;92;101;118;48;2;59;71;98m▀[m[38;2;98;99;97;48;2;76;88;113m▀[m[38;2;98;99;97;48;2;98;99;97m▀[m[38;2;208;166;63;48;2;137;124;91m▀[m[38;2;188;158;76;48;2;124;110;77m▀[m   [38;2;124;110;77m▄[m[38;2;216;176;79m▄[m[38;2;119;119;108;48;2;216;176;79m▀[m[38;2;124;110;77;48;2;124;110;77m▀[m[38;2;119;119;108m▀[m    [38;2;124;134;152;48;2;102;95;76m▀[m[38;2;88;111;142;48;2;88;111;142m▀[m[38;2;76;88;111;48;2;109;122;142m▀[m[38;2;92;104;122;48;2;61;73;94m▀[m[38;2;51;58;76;48;2;76;88;111m▀[m[38;2;61;73;94;48;2;88;111;142m▀[m[38;2;111;116;117;48;2;88;111;142m▀[m[38;2;88;111;142;48;2;111;116;117m▀[m[38;2;61;73;94;48;2;92;104;122m▀[m[38;2;61;73;94;48;2;111;116;117m▀[m[38;2;92;95;96;48;2;61;73;94m▀[m[38;2;61;73;94;48;2;111;116;117m▀[m[38;2;76;88;111;48;2;92;104;122m▀[m[38;2;111;116;117;48;2;165;150;97m▀[m[38;2;88;111;142;48;2;88;111;142m▀[m[38;2;111;116;117;48;2;156;161;169m▀[m[38;2;109;122;142;48;2;109;122;142m▀[m[38;2;156;161;169;48;2;76;88;111m▀[m[38;2;92;104;122;48;2;76;88;111m▀[m[38;2;88;111;142;48;2;92;104;122m▀[m[38;2;88;111;142;48;2;112;136;164m▀[m[38;2;156;161;169;48;2;92;95;96m▀[m[38;2;102;95;76m▀[m   [38;2;92;95;96;48;2;165;150;97m▀[m[38;2;123;121;104;48;2;102;95;76m▀[m
  [38;2;76;79;85m▀[m[38;2;114;108;82;48;2;114;108;82m▀[m  [38;2;76;79;85m▄[m[38;2;78;91;113;48;2;74;86;112m▀[m[38;2;56;64;86;48;2;74;86;112m▀[m[38;2;62;72;98;48;2;74;86;112m▀[m[38;2;74;86;112;48;2;62;72;98m▀[m[38;2;74;86;112;48;2;62;72;98m▀[m[38;2;106;120;144;48;2;62;72;98m▀[m[38;2;62;72;98;48;2;56;64;86m▀[m[38;2;56;64;86;48;2;170;157;104m▀[m[38;2;62;72;98;48;2;56;64;86m▀[m[38;2;102;107;116;48;2;56;64;86m▀[m[38;2;102;107;116;48;2;56;64;86m▀[m[38;2;56;64;86;48;2;62;72;98m▀[m[38;2;102;107;116;48;2;76;79;85m▀[m[38;2;76;79;85m▀[m [38;2;114;108;82m▄[m[38;2;114;108;82;48;2;166;143;63m▀[m[38;2;170;157;104;48;2;167;150;82m▀[m[38;2;114;108;82m▀[m             [38;2;124;110;77m▄[m[38;2;124;110;77;48;2;151;158;172m▀[m[38;2;151;158;172;48;2;85;108;142m▀[m[38;2;54;63;85;48;2;76;88;113m▀[m[38;2;54;63;85;48;2;59;71;98m▀[m[38;2;151;158;172;48;2;114;134;163m▀[m[38;2;190;189;185;48;2;190;189;185m▀[m[38;2;151;158;172;48;2;165;147;97m▀[m[38;2;54;63;85;48;2;54;63;85m▀[m[38;2;54;63;85;48;2;76;88;113m▀[m[38;2;54;63;85;48;2;76;88;113m▀[m[38;2;54;63;85;48;2;76;88;113m▀[m[38;2;54;63;85;48;2;76;88;113m▀[m[38;2;59;71;98;48;2;98;99;97m▀[m[38;2;59;71;98;48;2;98;99;97m▀[m[38;2;54;63;85;48;2;76;88;113m▀[m[38;2;59;71;98;48;2;54;63;85m▀[m[38;2;98;99;97m▀[m[38;2;124;110;77m▀[m[38;2;124;110;77m▄[m[38;2;119;119;108;48;2;106;121;147m▀[m[38;2;165;147;97;48;2;165;147;97m▀[m[38;2;208;166;63;48;2;216;176;79m▀[m[38;2;216;176;79;48;2;165;147;97m▀[m[38;2;124;110;77m▀[m      [38;2;102;95;76;48;2;102;128;161m▀[m[38;2;88;111;142;48;2;156;161;169m▀[m[38;2;124;134;152;48;2;76;88;111m▀[m[38;2;92;104;122;48;2;88;111;142m▀[m[38;2;102;128;161;48;2;92;104;122m▀[m[38;2;76;88;111;48;2;111;116;117m▀[m[38;2;111;116;117;48;2;61;73;94m▀[m[38;2;92;104;122;48;2;76;88;111m▀[m[38;2;61;73;94;48;2;88;111;142m▀[m[38;2;76;88;111;48;2;88;111;142m▀[m[38;2;88;111;142;48;2;156;161;169m▀[m[38;2;92;104;122;48;2;156;161;169m▀[m[38;2;112;136;164;48;2;124;134;152m▀[m[38;2;156;161;169;48;2;51;58;76m▀[m[38;2;124;134;152;48;2;61;73;94m▀[m[38;2;61;73;94;48;2;76;88;111m▀[m[38;2;76;88;111;48;2;88;111;142m▀[m[38;2;88;111;142;48;2;92;104;122m▀[m[38;2;109;122;142;48;2;88;111;142m▀[m[38;2;124;134;152;48;2;154;148;123m▀[m[38;2;102;95;76m▀[m     [38;2;165;150;97;48;2;88;111;142m▀[m[38;2;209;174;81;48;2;209;174;81m▀[m
 [38;2;166;143;63m▀[m[38;2;211;183;95m▀[m[38;2;166;143;63;48;2;114;108;82m▀[m[38;2;56;64;86m▄[m[38;2;76;79;85;48;2;119;138;167m▀[m[38;2;90;107;139;48;2;160;165;175m▀[m[38;2;90;107;139;48;2;90;107;139m▀[m[38;2;90;107;139;48;2;90;107;139m▀[m[38;2;74;86;112;48;2;106;120;144m▀[m[38;2;90;107;139;48;2;90;107;139m▀[m[38;2;74;86;112;48;2;90;107;139m▀[m[38;2;74;86;112;48;2;90;107;139m▀[m[38;2;167;150;82;48;2;62;72;98m▀[m[38;2;211;183;95;48;2;167;150;82m▀[m[38;2;102;107;116;48;2;102;107;116m▀[m[38;2;56;64;86;48;2;62;72;98m▀[m[38;2;74;86;112;48;2;90;107;139m▀[m[38;2;74;86;112;48;2;56;64;86m▀[m[38;2;74;86;112;48;2;90;107;139m▀[m[38;2;56;64;86;48;2;62;72;98m▀[m[38;2;56;64;86m▄[m  [38;2;114;108;82m▀[m[38;2;167;150;82m▀[m   [38;2;76;79;85m▄[m[38;2;78;91;113m▄[m[38;2;114;108;82m▄[m   [38;2;124;110;77;48;2;156;147;117m▀[m[38;2;119;119;108;48;2;124;110;77m▀[m[38;2;54;63;85m▄[m[38;2;151;151;148;48;2;106;121;147m▀[m[38;2;151;158;172;48;2;85;108;142m▀[m[38;2;76;88;113;48;2;85;108;142m▀[m[38;2;85;108;142;48;2;76;88;113m▀[m[38;2;76;88;113;48;2;92;101;118m▀[m[38;2;92;101;118;48;2;98;99;97m▀[m[38;2;76;88;113;48;2;98;99;97m▀[m[38;2;137;124;91;48;2;59;71;98m▀[m[38;2;98;99;97;48;2;76;88;113m▀[m[38;2;59;71;98;48;2;76;88;113m▀[m[38;2;85;108;142;48;2;98;99;97m▀[m[38;2;76;88;113;48;2;54;63;85m▀[m[38;2;92;101;118;48;2;85;108;142m▀[m[38;2;59;71;98;48;2;76;88;113m▀[m[38;2;76;88;113;48;2;59;71;98m▀[m[38;2;76;88;113;48;2;92;101;118m▀[m[38;2;98;99;97;48;2;76;88;113m▀[m[38;2;59;71;98;48;2;137;124;91m▀[m[38;2;119;119;108;48;2;76;88;113m▀[m[38;2;119;119;108;48;2;92;101;118m▀[m[38;2;106;121;147;48;2;59;71;98m▀[m[38;2;92;101;118;48;2;92;101;118m▀[m[38;2;165;147;97;48;2;208;166;63m▀[m[38;2;216;176;79;48;2;216;176;79m▀[m[38;2;119;119;108;48;2;188;158;76m▀[m      [38;2;102;95;76;48;2;127;137;152m▀[m[38;2;88;111;142;48;2;88;111;142m▀[m[38;2;111;116;117;48;2;102;128;161m▀[m[38;2;102;128;161;48;2;112;136;164m▀[m[38;2;88;111;142;48;2;76;88;111m▀[m[38;2;111;116;117;48;2;88;111;142m▀[m[38;2;76;88;111;48;2;102;128;161m▀[m[38;2;88;111;142;48;2;156;161;169m▀[m[38;2;109;122;142;48;2;92;95;96m▀[m[38;2;76;88;111;48;2;51;58;76m▀[m[38;2;124;134;152;48;2;51;58;76m▀[m[38;2;109;122;142;48;2;51;58;76m▀[m[38;2;51;58;76;48;2;51;58;76m▀[m[38;2;51;58;76;48;2;51;58;76m▀[m[38;2;61;73;94;48;2;51;58;76m▀[m[38;2;61;73;94;48;2;51;58;76m▀[m[38;2;76;88;111;48;2;51;58;76m▀[m[38;2;92;95;96;48;2;102;95;76m▀[m[38;2;102;95;76m▀[m      [38;2;111;116;117m▄[m[38;2;102;95;76;48;2;165;150;97m▀[m[38;2;165;150;97;48;2;165;150;97m▀[m[38;2;162;138;77;48;2;102;95;76m▀[m
   [38;2;76;79;85m▄[m[38;2;119;138;167;48;2;160;165;175m▀[m[38;2;160;165;175;48;2;119;138;167m▀[m[38;2;119;138;167;48;2;106;120;144m▀[m[38;2;119;138;167;48;2;90;107;139m▀[m[38;2;90;107;139;48;2;119;138;167m▀[m[38;2;90;107;139;48;2;119;138;167m▀[m[38;2;119;138;167;48;2;102;107;116m▀[m[38;2;119;138;167;48;2;102;107;116m▀[m[38;2;119;138;167;48;2;119;138;167m▀[m[38;2;106;120;144;48;2;119;138;167m▀[m[38;2;62;72;98;48;2;106;120;144m▀[m[38;2;74;86;112;48;2;74;86;112m▀[m[38;2;106;120;144;48;2;62;72;98m▀[m[38;2;74;86;112;48;2;74;86;112m▀[m[38;2;56;64;86;48;2;74;86;112m▀[m[38;2;106;120;144;48;2;74;86;112m▀[m[38;2;74;86;112;48;2;62;72;98m▀[m[38;2;74;86;112;48;2;74;86;112m▀[m[38;2;56;64;86;48;2;74;86;112m▀[m[38;2;114;108;82m▄[m  [38;2;56;64;86m▄[m[38;2;76;79;85;48;2;106;120;144m▀[m[38;2;106;120;144;48;2;211;183;95m▀[m[38;2;170;157;104;48;2;198;195;179m▀[m[38;2;211;183;95;48;2;76;79;85m▀[m   [38;2;119;119;108m▄[m[38;2;119;119;108;48;2;188;158;76m▀[m[38;2;137;124;91;48;2;106;121;147m▀[m[38;2;114;134;163;48;2;114;134;163m▀[m[38;2;101;125;158;48;2;101;125;158m▀[m[38;2;85;108;142;48;2;85;108;142m▀[m[38;2;85;108;142;48;2;101;125;158m▀[m[38;2;85;108;142;48;2;101;125;158m▀[m[38;2;76;88;113;48;2;114;134;163m▀[m[38;2;76;88;113;48;2;85;108;142m▀[m[38;2;76;88;113;48;2;76;88;113m▀[m[38;2;76;88;113;48;2;165;147;97m▀[m[38;2;98;99;97;48;2;92;101;118m▀[m[38;2;165;147;97;48;2;165;147;97m▀[m[38;2;216;176;79;48;2;98;99;97m▀[m[38;2;59;71;98;48;2;59;71;98m▀[m[38;2;76;88;113;48;2;98;99;97m▀[m[38;2;59;71;98;48;2;137;124;91m▀[m[38;2;59;71;98;48;2;98;99;97m▀[m[38;2;54;63;85;48;2;54;63;85m▀[m[38;2;98;99;97;48;2;98;99;97m▀[m[38;2;98;99;97;48;2;59;71;98m▀[m[38;2;98;99;97;48;2;54;63;85m▀[m[38;2;98;99;97;48;2;59;71;98m▀[m[38;2;76;88;113;48;2;59;71;98m▀[m[38;2;98;99;97;48;2;98;99;97m▀[m[38;2;208;166;63;48;2;188;158;76m▀[m[38;2;124;110;77m▀[m       [38;2;112;136;164;48;2;112;136;164m▀[m[38;2;112;136;164;48;2;112;136;164m▀[m[38;2;102;128;161;48;2;102;128;161m▀[m[38;2;88;111;142;48;2;112;136;164m▀[m[38;2;112;136;164;48;2;92;104;122m▀[m[38;2;102;128;161;48;2;102;95;76m▀[m[38;2;88;111;142;48;2;102;128;161m▀[m[38;2;92;95;96;48;2;61;73;94m▀[m[38;2;92;95;96;48;2;51;58;76m▀[m[38;2;51;58;76;48;2;51;58;76m▀[m[38;2;51;58;76;48;2;76;88;111m▀[m[38;2;76;88;111;48;2;76;88;111m▀[m[38;2;76;88;111;48;2;76;88;111m▀[m[38;2;61;73;94;48;2;92;95;96m▀[m[38;2;61;73;94;48;2;76;88;111m▀[m[38;2;61;73;94;48;2;76;88;111m▀[m[38;2;165;150;97;48;2;76;88;111m▀[m[38;2;111;116;117;48;2;111;116;117m▀[m[38;2;92;95;96;48;2;165;150;97m▀[m[38;2;123;121;104;48;2;88;111;142m▀[m[38;2;123;121;104;48;2;165;150;97m▀[m[38;2;92;95;96;48;2;88;111;142m▀[m[38;2;88;111;142m▄[m[38;2;123;121;104;48;2;124;134;152m▀[m[38;2;61;73;94;48;2;156;161;169m▀[m[38;2;124;134;152;48;2;156;161;169m▀[m[38;2;165;150;97;48;2;165;150;97m▀[m[38;2;165;150;97;48;2;61;73;94m▀[m[38;2;123;121;104m▄[m
   [38;2;78;91;113;48;2;160;165;175m▀[m[38;2;119;138;167;48;2;119;138;167m▀[m[38;2;119;138;167;48;2;119;138;167m▀[m[38;2;119;138;167;48;2;119;138;167m▀[m[38;2;119;138;167;48;2;119;138;167m▀[m[38;2;119;138;167;48;2;119;138;167m▀[m[38;2;102;107;116;48;2;76;79;85m▀[m[38;2;211;183;95;48;2;211;183;95m▀[m[38;2;211;183;95;48;2;211;183;95m▀[m[38;2;102;107;116;48;2;126;130;129m▀[m[38;2;119;138;167;48;2;102;107;116m▀[m[38;2;90;107;139;48;2;102;107;116m▀[m[38;2;56;64;86;48;2;102;107;116m▀[m[38;2;74;86;112;48;2;102;107;116m▀[m[38;2;90;107;139;48;2;62;72;98m▀[m[38;2;76;92;128;48;2;62;72;98m▀[m[38;2;62;72;98;48;2;102;107;116m▀[m[38;2;74;86;112;48;2;102;107;116m▀[m[38;2;74;86;112;48;2;74;86;112m▀[m[38;2;102;107;116;48;2;74;86;112m▀[m[38;2;56;64;86;48;2;62;72;98m▀[m[38;2;62;72;98m▄[m[38;2;76;79;85;48;2;62;72;98m▀[m[38;2;90;107;139;48;2;102;107;116m▀[m[38;2;170;157;104;48;2;170;157;104m▀[m[38;2;170;157;104;48;2;211;183;95m▀[m[38;2;211;183;95;48;2;76;79;85m▀[m     [38;2;124;110;77;48;2;85;108;142m▀[m[38;2;114;134;163;48;2;114;134;163m▀[m[38;2;114;134;163;48;2;101;125;158m▀[m[38;2;85;108;142;48;2;101;125;158m▀[m[38;2;101;125;158;48;2;98;99;97m▀[m[38;2;85;108;142;48;2;216;176;79m▀[m[38;2;101;125;158;48;2;98;99;97m▀[m[38;2;114;134;163;48;2;114;134;163m▀[m[38;2;114;134;163;48;2;106;121;147m▀[m[38;2;98;99;97;48;2;54;63;85m▀[m[38;2;59;71;98;48;2;98;99;97m▀[m[38;2;92;101;118;48;2;98;99;97m▀[m[38;2;98;99;97;48;2;165;147;97m▀[m[38;2;54;63;85;48;2;165;147;97m▀[m[38;2;59;71;98;48;2;54;63;85m▀[m[38;2;76;88;113;48;2;92;101;118m▀[m[38;2;76;88;113;48;2;98;99;97m▀[m[38;2;98;99;97;48;2;54;63;85m▀[m[38;2;59;71;98;48;2;59;71;98m▀[m[38;2;98;99;97;48;2;59;71;98m▀[m[38;2;59;71;98;48;2;54;63;85m▀[m[38;2;54;63;85m▀[m[38;2;59;71;98;48;2;119;119;108m▀[m[38;2;59;71;98;48;2;106;121;147m▀[m[38;2;98;99;97;48;2;92;101;118m▀[m[38;2;208;166;63;48;2;165;147;97m▀[m[38;2;216;176;79;48;2;188;158;76m▀[m[38;2;119;119;108m▀[m      [38;2;88;111;142;48;2;123;121;104m▀[m[38;2;102;128;161;48;2;88;111;142m▀[m[38;2;88;111;142;48;2;92;104;122m▀[m[38;2;102;128;161;48;2;109;122;142m▀[m[38;2;102;95;76;48;2;156;161;169m▀[m[38;2;156;161;169;48;2;92;104;122m▀[m[38;2;156;161;169;48;2;51;58;76m▀[m[38;2;92;104;122;48;2;123;121;104m▀[m[38;2;51;58;76;48;2;51;58;76m▀[m[38;2;61;73;94;48;2;76;88;111m▀[m[38;2;61;73;94;48;2;109;122;142m▀[m[38;2;88;111;142;48;2;76;88;111m▀[m[38;2;92;104;122;48;2;61;73;94m▀[m[38;2;88;111;142;48;2;76;88;111m▀[m[38;2;165;150;97;48;2;111;116;117m▀[m[38;2;92;95;96;48;2;162;138;77m▀[m[38;2;88;111;142;48;2;92;104;122m▀[m[38;2;88;111;142;48;2;156;161;169m▀[m[38;2;92;104;122;48;2;165;150;97m▀[m[38;2;209;174;81;48;2;209;174;81m▀[m[38;2;109;122;142;48;2;156;161;169m▀[m[38;2;156;161;169;48;2;156;161;169m▀[m[38;2;156;161;169;48;2;209;174;81m▀[m[38;2;165;150;97;48;2;209;174;81m▀[m[38;2;165;150;97;48;2;111;116;117m▀[m[38;2;209;174;81;48;2;51;58;76m▀[m[38;2;156;161;169m▀[m[38;2;127;137;152m▀[m
 [38;2;160;165;175;48;2;76;79;85m▀[m[38;2;78;91;113;48;2;106;120;144m▀[m[38;2;160;165;175;48;2;56;64;86m▀[m[38;2;198;195;179;48;2;121;133;152m▀[m[38;2;160;165;175;48;2;119;138;167m▀[m[38;2;106;120;144;48;2;160;165;175m▀[m[38;2;160;165;175;48;2;160;165;175m▀[m[38;2;160;165;175;48;2;160;165;175m▀[m[38;2;121;133;152;48;2;119;138;167m▀[m[38;2;126;130;129;48;2;119;138;167m▀[m[38;2;126;130;129;48;2;119;138;167m▀[m[38;2;106;120;144;48;2;74;86;112m▀[m[38;2;56;64;86;48;2;74;86;112m▀[m[38;2;160;165;175;48;2;76;79;85m▀[m[38;2;160;165;175;48;2;56;64;86m▀[m[38;2;170;157;104;48;2;76;79;85m▀[m[38;2;160;165;175;48;2;56;64;86m▀[m[38;2;74;86;112;48;2;74;86;112m▀[m[38;2;102;107;116;48;2;90;107;139m▀[m[38;2;106;120;144;48;2;74;86;112m▀[m[38;2;102;107;116;48;2;102;107;116m▀[m[38;2;62;72;98;48;2;74;86;112m▀[m[38;2;62;72;98;48;2;74;86;112m▀[m[38;2;62;72;98;48;2;74;86;112m▀[m[38;2;62;72;98;48;2;56;64;86m▀[m[38;2;90;107;139;48;2;74;86;112m▀[m[38;2;102;107;116;48;2;102;107;116m▀[m[38;2;102;107;116;48;2;211;183;95m▀[m[38;2;114;108;82;48;2;211;183;95m▀[m     [38;2;151;158;172;48;2;151;158;172m▀[m[38;2;114;134;163;48;2;114;134;163m▀[m[38;2;101;125;158;48;2;101;125;158m▀[m[38;2;114;134;163;48;2;114;134;163m▀[m[38;2;98;99;97;48;2;114;134;163m▀[m[38;2;216;176;79;48;2;92;101;118m▀[m[38;2;165;147;97;48;2;101;125;158m▀[m[38;2;101;125;158;48;2;92;101;118m▀[m[38;2;76;88;113;48;2;76;88;113m▀[m[38;2;151;158;172;48;2;76;88;113m▀[m[38;2;76;88;113;48;2;98;99;97m▀[m[38;2;59;71;98;48;2;98;99;97m▀[m[38;2;137;124;91;48;2;54;63;85m▀[m[38;2;59;71;98;48;2;54;63;85m▀[m[38;2;54;63;85;48;2;92;101;118m▀[m[38;2;59;71;98;48;2;92;101;118m▀[m[38;2;76;88;113;48;2;54;63;85m▀[m[38;2;76;88;113;48;2;92;101;118m▀[m[38;2;59;71;98;48;2;76;88;113m▀[m[38;2;54;63;85;48;2;76;88;113m▀[m[38;2;124;110;77;48;2;137;124;91m▀[m[38;2;216;176;79m▄[m [38;2;124;110;77m▀[m[38;2;106;121;147;48;2;119;119;108m▀[m[38;2;165;147;97;48;2;151;158;172m▀[m[38;2;216;176;79;48;2;216;176;79m▀[m[38;2;188;158;76m▄[m        [38;2;102;95;76m▀[m[38;2;123;121;104m▀[m      [38;2;102;95;76m▀[m[38;2;111;116;117;48;2;156;161;169m▀[m[38;2;76;88;111;48;2;165;150;97m▀[m[38;2;92;104;122;48;2;165;150;97m▀[m[38;2;165;150;97;48;2;92;95;96m▀[m[38;2;162;138;77;48;2;162;138;77m▀[m[38;2;92;95;96;48;2;209;174;81m▀[m[38;2;51;58;76;48;2;92;95;96m▀[m[38;2;92;95;96;48;2;76;88;111m▀[m[38;2;92;104;122;48;2;92;95;96m▀[m[38;2;111;116;117;48;2;165;150;97m▀[m[38;2;92;95;96;48;2;92;95;96m▀[m[38;2;92;95;96;48;2;102;95;76m▀[m[38;2;162;138;77m▀[m[38;2;102;95;76m▀[m
  [38;2;114;108;82m▄[m[38;2;160;165;175m▄[m[38;2;76;79;85;48;2;121;133;152m▀[m[38;2;62;72;98;48;2;76;79;85m▀[m[38;2;78;91;113;48;2;76;79;85m▀[m[38;2;74;86;112;48;2;76;79;85m▀[m[38;2;106;120;144;48;2;56;64;86m▀[m[38;2;102;107;116;48;2;102;107;116m▀[m[38;2;90;107;139;48;2;160;165;175m▀[m[38;2;90;107;139;48;2;102;107;116m▀[m[38;2;90;107;139;48;2;160;165;175m▀[m[38;2;74;86;112;48;2;119;138;167m▀[m[38;2;74;86;112;48;2;90;107;139m▀[m[38;2;56;64;86;48;2;90;107;139m▀[m[38;2;56;64;86;48;2;90;107;139m▀[m[38;2;106;120;144;48;2;74;86;112m▀[m[38;2;160;165;175;48;2;106;120;144m▀[m[38;2;121;133;152;48;2;102;107;116m▀[m[38;2;106;120;144;48;2;76;79;85m▀[m[38;2;102;107;116;48;2;160;165;175m▀[m[38;2;56;64;86;48;2;102;107;116m▀[m[38;2;114;108;82m▀[m[38;2;114;108;82m▀[m[38;2;74;86;112;48;2;76;79;85m▀[m[38;2;102;107;116;48;2;102;107;116m▀[m[38;2;160;165;175;48;2;211;183;95m▀[m[38;2;211;183;95;48;2;166;143;63m▀[m[38;2;76;79;85m▀[m     [38;2;119;119;108m▀[m[38;2;85;108;142m▀[m[38;2;106;121;147;48;2;119;119;108m▀[m[38;2;106;121;147;48;2;54;63;85m▀[m[38;2;106;121;147;48;2;92;101;118m▀[m[38;2;101;125;158;48;2;106;121;147m▀[m[38;2;106;121;147;48;2;92;101;118m▀[m[38;2;106;121;147;48;2;92;101;118m▀[m[38;2;92;101;118;48;2;92;101;118m▀[m[38;2;76;88;113;48;2;76;88;113m▀[m[38;2;76;88;113;48;2;151;158;172m▀[m[38;2;76;88;113;48;2;85;108;142m▀[m[38;2;76;88;113;48;2;92;101;118m▀[m[38;2;165;147;97;48;2;165;147;97m▀[m[38;2;98;99;97;48;2;165;147;97m▀[m[38;2;119;119;108m▀[m [38;2;119;119;108m▀[m[38;2;151;158;172;48;2;124;110;77m▀[m[38;2;92;101;118;48;2;151;158;172m▀[m[38;2;165;147;97;48;2;216;176;79m▀[m[38;2;119;119;108;48;2;119;119;108m▀[m    [38;2;119;119;108m▀[m[38;2;124;110;77m▀[m[38;2;124;110;77m▀[m                [38;2;102;95;76m▀[m[38;2;92;95;96;48;2;156;161;169m▀[m[38;2;61;73;94;48;2;76;88;111m▀[m[38;2;61;73;94;48;2;92;95;96m▀[m[38;2;92;95;96;48;2;165;150;97m▀[m[38;2;102;95;76;48;2;209;174;81m▀[m[38;2;102;95;76m▄[m
    [38;2;114;108;82m▀[m   [38;2;76;79;85m▀[m[38;2;102;107;116m▀[m[38;2;106;120;144m▀[m[38;2;160;165;175m▀[m[38;2;102;107;116m▀[m[38;2;198;195;179;48;2;76;79;85m▀[m[38;2;119;138;167;48;2;198;195;179m▀[m[38;2;106;120;144;48;2;160;165;175m▀[m[38;2;119;138;167;48;2;106;120;144m▀[m[38;2;90;107;139;48;2;121;133;152m▀[m[38;2;76;79;85;48;2;106;120;144m▀[m   [38;2;114;108;82m▀[m   [38;2;76;79;85m▀[m[38;2;102;107;116m▀[m[38;2;166;143;63;48;2;114;108;82m▀[m         [38;2;119;119;108m▀[m[38;2;54;63;85m▀[m     [38;2;124;110;77m▀[m[38;2;151;158;172;48;2;119;119;108m▀[m[38;2;85;108;142;48;2;151;158;172m▀[m[38;2;165;147;97;48;2;151;158;172m▀[m[38;2;165;147;97;48;2;165;147;97m▀[m[38;2;165;147;97m▄[m    [38;2;124;110;77m▀[m[38;2;124;110;77m▀[m                         [38;2;165;150;97m▀[m[38;2;92;95;96;48;2;102;95;76m▀[m[38;2;61;73;94;48;2;165;150;97m▀[m[38;2;165;150;97;48;2;92;95;96m▀[m[38;2;102;95;76;48;2;209;174;81m▀[m
              [38;2;76;79;85m▀[m[38;2;160;165;175m▀[m[38;2;198;195;179;48;2;114;108;82m▀[m[38;2;160;165;175;48;2;114;108;82m▀[m[38;2;198;195;179;48;2;114;108;82m▀[m[38;2;126;130;129m▀[m                            [38;2;119;119;108m▀[m[38;2;124;110;77m▀[m[38;2;151;151;148m▀[m[38;2;119;119;108m▀[m                                 [38;2;102;95;76m▀[m[38;2;209;174;81m▀[m[38;2;209;174;81;48;2;123;121;104m▀[m[38;2;102;95;76m▄[m

[1msurgetail[m                         [1mstormfin[m                          [1mtempestray[m
                                                                                [38;2;80;64;69m▄[m[38;2;100;95;99m▄[m[38;2;70;59;61;48;2;117;111;109m▀[m[38;2;70;59;61m▄[m
                                            [38;2;84;70;75m▄[m[38;2;67;60;62;48;2;104;83;86m▀[m[38;2;83;70;72m▄[m                                [38;2;80;64;69m▄[m[38;2;58;45;47;48;2;70;59;61m▀[m[38;2;103;94;90;48;2;80;64;69m▀[m[38;2;65;62;86m▀[m
      [38;2;77;65;69m▄[m[38;2;137;132;127m▄[m[38;2;78;69;69;48;2;176;163;164m▀[m[38;2;78;69;69;48;2;176;163;164m▀[m[38;2;77;65;69m▄[m    [38;2;78;69;69m▄[m[38;2;78;69;69;48;2;200;172;156m▀[m[38;2;159;149;123m▄[m      [38;2;161;111;76m▄[m[38;2;147;111;101m▄[m[38;2;77;65;69m▄[m                [38;2;83;70;72m▄[m[38;2;83;79;83;48;2;56;43;43m▀[m[38;2;58;48;50;48;2;58;48;50m▀[m[38;2;83;79;83;48;2;112;107;108m▀[m[38;2;56;43;43;48;2;56;43;43m▀[m[38;2;83;70;72m▀[m                              [38;2;106;90;86;48;2;85;80;83m▀[m[38;2;150;145;143m▄[m[38;2;106;90;86;48;2;201;192;174m▀[m[38;2;201;192;174;48;2;178;168;156m▀[m[38;2;150;145;143m▄[m  [38;2;80;64;69m▄[m   [38;2;80;64;69;48;2;105;55;50m▀[m[38;2;70;59;61;48;2;105;55;50m▀[m
      [38;2;77;65;69m▀[m[38;2;176;163;164;48;2;114;109;138m▀[m[38;2;176;163;164;48;2;114;109;138m▀[m[38;2;134;118;148;48;2;103;95;107m▀[m[38;2;103;95;107;48;2;81;68;73m▀[m[38;2;78;69;69m▄[m  [38;2;78;69;69;48;2;176;163;164m▀[m[38;2;200;172;156;48;2;159;149;123m▀[m[38;2;200;172;156;48;2;147;111;101m▀[m[38;2;200;172;156;48;2;159;149;123m▀[m[38;2;159;149;123;48;2;176;163;164m▀[m[38;2;81;68;73m▄[m    [38;2;159;149;123;48;2;147;111;101m▀[m[38;2;161;111;76;48;2;161;111;76m▀[m[38;2;161;111;76;48;2;81;68;73m▀[m[38;2;77;65;69m▀[m              [38;2;83;70;72m▄[m[38;2;84;70;75;48;2;67;60;62m▀[m  [38;2;67;60;62m▀[m       [38;2;83;70;72;48;2;99;58;52m▀[m[38;2;142;116;114;48;2;76;53;52m▀[m[38;2;67;60;62;48;2;67;60;62m▀[m                     [38;2;70;59;61;48;2;150;145;143m▀[m[38;2;150;145;143;48;2;178;168;156m▀[m[38;2;161;148;124;48;2;201;192;174m▀[m[38;2;150;145;143;48;2;201;192;174m▀[m[38;2;150;145;143;48;2;201;192;174m▀[m[38;2;150;145;143;48;2;150;145;143m▀[m[38;2;178;168;156;48;2;117;111;109m▀[m[38;2;161;148;124;48;2;117;111;109m▀[m[38;2;117;111;109;48;2;103;94;90m▀[m [38;2;80;64;69m▄[m[38;2;80;64;69;48;2;65;62;86m▀[m[38;2;82;52;50m▀[m[38;2;82;52;50;48;2;57;41;41m▀[m[38;2;105;55;50;48;2;57;41;41m▀[m[38;2;80;64;69m▀[m
       [38;2;99;53;52;48;2;81;68;73m▀[m[38;2;103;95;107;48;2;176;163;164m▀[m[38;2;211;203;185;48;2;211;203;185m▀[m[38;2;219;213;197;48;2;219;213;197m▀[m[38;2;211;203;185;48;2;219;213;197m▀[m[38;2;143;140;140;48;2;211;203;185m▀[m[38;2;103;95;107;48;2;211;203;185m▀[m[38;2;81;68;73;48;2;219;213;197m▀[m[38;2;81;68;73;48;2;211;203;185m▀[m[38;2;116;111;115;48;2;137;132;127m▀[m[38;2;116;111;115;48;2;137;132;127m▀[m[38;2;116;111;115;48;2;137;132;127m▀[m[38;2;116;111;115;48;2;77;65;69m▀[m[38;2;77;65;69;48;2;137;132;127m▀[m[38;2;77;65;69m▄[m[38;2;77;65;69m▄[m[38;2;137;132;127;48;2;200;172;156m▀[m[38;2;176;163;164;48;2;176;163;164m▀[m[38;2;99;53;52;48;2;77;65;69m▀[m              [38;2;83;70;72m▄[m[38;2;67;60;62;48;2;178;170;157m▀[m[38;2;145;138;125;48;2;145;138;125m▀[m[38;2;98;95;101m▄[m [38;2;83;70;72m▄[m[38;2;137;131;123m▄[m[38;2;152;145;140m▄[m    [38;2;83;70;72m▄[m[38;2;67;60;62;48;2;56;43;43m▀[m[38;2;56;43;43;48;2;83;70;72m▀[m[38;2;76;53;52;48;2;104;83;86m▀[m[38;2;104;83;86;48;2;104;83;86m▀[m[38;2;83;70;72;48;2;99;58;52m▀[m[38;2;56;43;43m▄[m             [38;2;80;64;69;48;2;155;114;98m▀[m[38;2;70;59;61;48;2;105;55;50m▀[m[38;2;80;64;69m▄[m [38;2;70;59;61m▄[m[38;2;80;64;69;48;2;106;90;86m▀[m[38;2;178;168;156;48;2;150;145;143m▀[m[38;2;134;117;135;48;2;150;145;143m▀[m[38;2;178;168;156;48;2;103;94;90m▀[m[38;2;161;148;124;48;2;105;55;50m▀[m[38;2;100;95;99;48;2;85;80;83m▀[m[38;2;150;145;143;48;2;117;111;109m▀[m[38;2;117;111;109;48;2;117;111;109m▀[m[38;2;117;111;109;48;2;85;80;83m▀[m[38;2;117;111;109;48;2;100;95;99m▀[m[38;2;57;41;41;48;2;58;45;47m▀[m[38;2;85;80;83m▀[m[38;2;65;62;86m▀[m    [38;2;70;59;61m▄[m[38;2;80;64;69m▄[m
     [38;2;103;95;107m▄[m[38;2;137;132;127;48;2;143;140;140m▀[m[38;2;147;111;101;48;2;200;172;156m▀[m[38;2;200;172;156;48;2;176;163;164m▀[m[38;2;134;118;148;48;2;114;109;138m▀[m[38;2;211;203;185;48;2;219;213;197m▀[m[38;2;219;213;197;48;2;219;213;197m▀[m[38;2;211;203;185;48;2;211;203;185m▀[m[38;2;211;203;185;48;2;211;203;185m▀[m[38;2;211;203;185;48;2;211;203;185m▀[m[38;2;211;203;185;48;2;211;203;185m▀[m[38;2;219;213;197;48;2;211;203;185m▀[m[38;2;219;213;197;48;2;176;163;164m▀[m[38;2;211;203;185;48;2;103;95;107m▀[m[38;2;176;163;164;48;2;103;95;107m▀[m[38;2;159;149;123;48;2;116;111;115m▀[m[38;2;81;68;73;48;2;81;68;73m▀[m[38;2;81;68;73;48;2;116;111;115m▀[m[38;2;147;111;101;48;2;116;111;115m▀[m[38;2;147;111;101;48;2;81;68;73m▀[m              [38;2;152;145;140m▄[m[38;2;145;138;125;48;2;203;193;173m▀[m[38;2;145;138;125;48;2;203;193;173m▀[m[38;2;112;107;108;48;2;203;193;173m▀[m[38;2;84;70;75;48;2;152;145;140m▀[m[38;2;152;145;140;48;2;145;138;125m▀[m[38;2;178;170;157;48;2;142;116;114m▀[m[38;2;178;170;157;48;2;98;95;101m▀[m[38;2;178;170;157;48;2;98;95;101m▀[m[38;2;67;60;62;48;2;98;95;101m▀[m[38;2;152;145;140m▄[m[38;2;152;145;140m▄[m[38;2;142;116;114m▄[m[38;2;56;43;43m▀[m  [38;2;67;60;62m▀[m[38;2;104;83;86;48;2;83;70;72m▀[m[38;2;56;43;43m▀[m             [38;2;70;59;61m▀[m[38;2;105;55;50m▀[m[38;2;57;41;41m▀[m[38;2;70;59;61;48;2;70;59;61m▀[m[38;2;70;59;61;48;2;139;121;110m▀[m[38;2;201;192;174;48;2;201;192;174m▀[m[38;2;178;168;156;48;2;201;192;174m▀[m[38;2;178;168;156;48;2;201;192;174m▀[m[38;2;155;114;98;48;2;201;192;174m▀[m[38;2;103;94;90;48;2;178;168;156m▀[m[38;2;58;45;47;48;2;150;145;143m▀[m[38;2;85;80;83;48;2;106;90;86m▀[m[38;2;117;111;109;48;2;201;192;174m▀[m[38;2;150;145;143;48;2;178;168;156m▀[m[38;2;150;145;143;48;2;178;168;156m▀[m[38;2;178;168;156;48;2;150;145;143m▀[m[38;2;161;148;124;48;2;150;145;143m▀[m[38;2;80;64;69;48;2;70;59;61m▀[m   [38;2;70;59;61m▄[m[38;2;100;95;99;48;2;70;59;61m▀[m[38;2;70;59;61m▀[m[38;2;70;59;61m▀[m[38;2;85;80;83;48;2;70;59;61m▀[m[38;2;80;64;69m▄[m
    [38;2;78;69;69;48;2;143;140;140m▀[m[38;2;219;213;197;48;2;211;203;185m▀[m[38;2;116;111;115;48;2;211;203;185m▀[m[38;2;134;118;148;48;2;176;163;164m▀[m[38;2;134;118;148;48;2;143;140;140m▀[m[38;2;219;213;197;48;2;103;95;107m▀[m[38;2;219;213;197;48;2;147;111;101m▀[m[38;2;200;172;156;48;2;147;111;101m▀[m[38;2;147;111;101;48;2;143;140;140m▀[m[38;2;200;172;156;48;2;211;203;185m▀[m[38;2;219;213;197;48;2;81;68;73m▀[m[38;2;176;163;164;48;2;103;95;107m▀[m[38;2;81;68;73;48;2;116;111;115m▀[m[38;2;77;65;69;48;2;116;111;115m▀[m[38;2;116;111;115;48;2;116;111;115m▀[m[38;2;116;111;115;48;2;103;95;107m▀[m[38;2;81;68;73;48;2;81;68;73m▀[m[38;2;103;95;107;48;2;116;111;115m▀[m[38;2;116;111;115;48;2;81;68;73m▀[m[38;2;103;95;107;48;2;103;95;107m▀[m[38;2;81;68;73;48;2;200;172;156m▀[m[38;2;103;95;107;48;2;103;95;107m▀[m[38;2;77;65;69;48;2;103;95;107m▀[m[38;2;103;95;107;48;2;77;65;69m▀[m  [38;2;78;69;69m▄[m     [38;2;83;70;72m▄[m[38;2;67;60;62;48;2;142;116;114m▀[m[38;2;98;95;101;48;2;142;116;114m▀[m[38;2;142;116;114;48;2;140;125;132m▀[m[38;2;203;193;173;48;2;112;107;108m▀[m[38;2;203;193;173;48;2;203;193;173m▀[m[38;2;203;193;173;48;2;203;193;173m▀[m[38;2;203;193;173;48;2;178;170;157m▀[m[38;2;178;170;157;48;2;178;170;157m▀[m[38;2;178;170;157;48;2;178;170;157m▀[m[38;2;178;170;157;48;2;203;193;173m▀[m[38;2;178;170;157;48;2;145;138;125m▀[m[38;2;145;138;125;48;2;84;70;75m▀[m[38;2;152;145;140;48;2;142;116;114m▀[m[38;2;112;107;108;48;2;112;107;108m▀[m[38;2;84;70;75;48;2;84;70;75m▀[m[38;2;67;60;62m▄[m[38;2;84;70;75m▄[m[38;2;67;60;62m▄[m      [38;2;83;70;72m▄[m[38;2;98;95;101m▄[m[38;2;84;70;75m▄[m         [38;2;80;64;69m▄[m[38;2;117;111;109;48;2;201;192;174m▀[m[38;2;150;145;143;48;2;178;168;156m▀[m[38;2;178;168;156;48;2;150;145;143m▀[m[38;2;201;192;174;48;2;150;145;143m▀[m[38;2;150;145;143;48;2;178;168;156m▀[m[38;2;139;121;110;48;2;134;117;135m▀[m[38;2;201;192;174;48;2;150;145;143m▀[m[38;2;201;192;174;48;2;85;80;83m▀[m[38;2;65;62;86;48;2;106;90;86m▀[m[38;2;150;145;143;48;2;117;111;109m▀[m[38;2;150;145;143;48;2;100;95;99m▀[m[38;2;150;145;143;48;2;85;80;83m▀[m[38;2;85;80;83;48;2;103;94;90m▀[m[38;2;85;80;83;48;2;103;94;90m▀[m[38;2;85;80;83m▄[m[38;2;70;59;61m▄[m  [38;2;80;64;69m▀[m[38;2;70;59;61;48;2;65;62;86m▀[m[38;2;70;59;61m▄[m [38;2;70;59;61m▀[m
   [38;2;81;68;73m▄[m[38;2;211;203;185;48;2;176;163;164m▀[m[38;2;114;109;138;48;2;103;95;107m▀[m[38;2;200;172;156;48;2;143;140;140m▀[m[38;2;176;163;164;48;2;89;91;129m▀[m[38;2;211;203;185;48;2;114;109;138m▀[m[38;2;211;203;185;48;2;200;172;156m▀[m[38;2;200;172;156;48;2;219;213;197m▀[m[38;2;176;163;164;48;2;143;140;140m▀[m[38;2;143;140;140;48;2;103;95;107m▀[m[38;2;81;68;73;48;2;103;95;107m▀[m[38;2;103;95;107;48;2;116;111;115m▀[m[38;2;116;111;115;48;2;116;111;115m▀[m[38;2;116;111;115;48;2;116;111;115m▀[m[38;2;114;109;138;48;2;116;111;115m▀[m[38;2;134;118;148;48;2;116;111;115m▀[m[38;2;77;65;69;48;2;77;65;69m▀[m[38;2;81;68;73;48;2;103;95;107m▀[m[38;2;81;68;73;48;2;143;140;140m▀[m[38;2;176;163;164;48;2;143;140;140m▀[m[38;2;143;140;140;48;2;143;140;140m▀[m[38;2;143;140;140;48;2;114;109;138m▀[m[38;2;147;111;101;48;2;143;140;140m▀[m[38;2;103;95;107;48;2;77;65;69m▀[m[38;2;159;149;123m▄[m[38;2;77;65;69;48;2;143;140;140m▀[m[38;2;176;163;164;48;2;159;149;123m▀[m[38;2;81;68;73m▀[m     [38;2;83;70;72m▄[m[38;2;104;83;86;48;2;178;170;157m▀[m[38;2;152;145;140;48;2;112;107;108m▀[m[38;2;98;95;101;48;2;112;107;108m▀[m[38;2;178;170;157;48;2;140;125;132m▀[m[38;2;203;193;173;48;2;112;107;108m▀[m[38;2;142;116;114;48;2;142;116;114m▀[m[38;2;142;116;114;48;2;142;116;114m▀[m[38;2;178;170;157;48;2;178;170;157m▀[m[38;2;178;170;157;48;2;84;70;75m▀[m[38;2;98;95;101;48;2;145;138;125m▀[m[38;2;98;95;101;48;2;112;107;108m▀[m[38;2;112;107;108;48;2;112;107;108m▀[m[38;2;112;107;108;48;2;104;83;86m▀[m[38;2;112;107;108;48;2;112;107;108m▀[m[38;2;98;95;101;48;2;84;70;75m▀[m[38;2;83;79;83;48;2;83;79;83m▀[m[38;2;83;79;83;48;2;84;70;75m▀[m[38;2;67;60;62;48;2;67;60;62m▀[m[38;2;83;70;72m▄[m    [38;2;83;70;72;48;2;112;107;108m▀[m[38;2;98;95;101;48;2;83;70;72m▀[m[38;2;67;60;62m▀[m[38;2;67;60;62m▀[m[38;2;83;79;83;48;2;67;60;62m▀[m[38;2;67;60;62m▄[m   [38;2;80;64;69m▄[m[38;2;57;41;41;48;2;65;62;86m▀[m[38;2;65;62;86;48;2;65;62;86m▀[m[38;2;80;64;69;48;2;70;59;61m▀[m[38;2;161;148;124;48;2;178;168;156m▀[m[38;2;201;192;174;48;2;134;117;135m▀[m[38;2;201;192;174;48;2;178;168;156m▀[m[38;2;201;192;174;48;2;150;145;143m▀[m[38;2;150;145;143;48;2;201;192;174m▀[m[38;2;150;145;143;48;2;201;192;174m▀[m[38;2;178;168;156;48;2;103;94;90m▀[m[38;2;103;94;90;48;2;103;94;90m▀[m[38;2;103;94;90;48;2;103;94;90m▀[m[38;2;117;111;109;48;2;117;111;109m▀[m[38;2;57;41;41;48;2;82;52;50m▀[m[38;2;105;55;50;48;2;82;52;50m▀[m[38;2;117;111;109;48;2;117;111;109m▀[m[38;2;85;80;83;48;2;103;94;90m▀[m[38;2;103;94;90;48;2;85;80;83m▀[m[38;2;85;80;83;48;2;117;111;109m▀[m[38;2;103;94;90;48;2;85;80;83m▀[m[38;2;103;94;90;48;2;103;94;90m▀[m[38;2;70;59;61;48;2;70;59;61m▀[m  [38;2;80;64;69m▀[m[38;2;65;62;86;48;2;70;59;61m▀[m[38;2;80;64;69;48;2;85;80;83m▀[m
   [38;2;143;140;140;48;2;143;140;140m▀[m[38;2;143;140;140;48;2;219;213;197m▀[m[38;2;211;203;185;48;2;211;203;185m▀[m[38;2;143;140;140;48;2;143;140;140m▀[m[38;2;176;163;164;48;2;176;163;164m▀[m[38;2;200;172;156;48;2;211;203;185m▀[m[38;2;211;203;185;48;2;103;95;107m▀[m[38;2;147;111;101;48;2;161;111;76m▀[m[38;2;77;65;69;48;2;210;168;105m▀[m[38;2;81;68;73;48;2;161;111;76m▀[m[38;2;114;109;138;48;2;81;68;73m▀[m[38;2;114;109;138;48;2;114;109;138m▀[m[38;2;114;109;138;48;2;114;109;138m▀[m[38;2;114;109;138;48;2;103;95;107m▀[m[38;2;116;111;115;48;2;81;68;73m▀[m[38;2;81;68;73;48;2;143;140;140m▀[m[38;2;116;111;115;48;2;143;140;140m▀[m[38;2;143;140;140;48;2;114;109;138m▀[m[38;2;159;149;123;48;2;147;111;101m▀[m[38;2;147;111;101;48;2;147;111;101m▀[m[38;2;147;111;101;48;2;147;111;101m▀[m[38;2;143;140;140;48;2;147;111;101m▀[m[38;2;143;140;140;48;2;143;140;140m▀[m[38;2;77;65;69;48;2;103;95;107m▀[m[38;2;159;149;123;48;2;81;68;73m▀[m[38;2;143;140;140;48;2;103;95;107m▀[m[38;2;77;65;69m▀[m      [38;2;137;131;123;48;2;152;145;140m▀[m[38;2;203;193;173;48;2;178;170;157m▀[m[38;2;178;170;157;48;2;178;170;157m▀[m[38;2;178;170;157;48;2;178;170;157m▀[m[38;2;178;170;157;48;2;178;170;157m▀[m[38;2;178;170;157;48;2;203;193;173m▀[m[38;2;152;145;140;48;2;145;138;125m▀[m[38;2;178;170;157;48;2;76;53;52m▀[m[38;2;83;79;83;48;2;56;43;43m▀[m[38;2;178;170;157;48;2;84;70;75m▀[m[38;2;112;107;108;48;2;145;138;125m▀[m[38;2;104;83;86;48;2;83;79;83m▀[m[38;2;104;83;86;48;2;104;83;86m▀[m[38;2;112;107;108;48;2;112;107;108m▀[m[38;2;104;83;86;48;2;83;79;83m▀[m[38;2;84;70;75;48;2;84;70;75m▀[m[38;2;104;83;86;48;2;83;79;83m▀[m[38;2;112;107;108;48;2;140;125;132m▀[m[38;2;152;145;140;48;2;145;138;125m▀[m[38;2;152;145;140;48;2;145;138;125m▀[m[38;2;152;145;140;48;2;152;145;140m▀[m[38;2;178;170;157;48;2;84;70;75m▀[m[38;2;83;70;72m▀[m [38;2;84;70;75;48;2;83;70;72m▀[m[38;2;83;70;72;48;2;83;79;83m▀[m[38;2;67;60;62m▄[m [38;2;67;60;62m▀[m     [38;2;80;64;69m▀[m [38;2;106;90;86;48;2;150;145;143m▀[m[38;2;150;145;143;48;2;150;145;143m▀[m[38;2;178;168;156;48;2;150;145;143m▀[m[38;2;201;192;174;48;2;201;192;174m▀[m[38;2;201;192;174;48;2;150;145;143m▀[m[38;2;178;168;156;48;2;82;52;50m▀[m[38;2;85;80;83m▀[m[38;2;117;111;109;48;2;80;64;69m▀[m[38;2;103;94;90;48;2;103;94;90m▀[m[38;2;117;111;109;48;2;139;121;110m▀[m[38;2;117;111;109;48;2;85;80;83m▀[m[38;2;57;41;41;48;2;65;62;86m▀[m[38;2;85;80;83;48;2;117;111;109m▀[m[38;2;117;111;109;48;2;85;80;83m▀[m[38;2;117;111;109;48;2;103;94;90m▀[m[38;2;117;111;109;48;2;139;121;110m▀[m[38;2;85;80;83;48;2;85;80;83m▀[m[38;2;85;80;83;48;2;57;41;41m▀[m[38;2;57;41;41;48;2;85;80;83m▀[m[38;2;70;59;61;48;2;58;45;47m▀[m[38;2;70;59;61;48;2;57;41;41m▀[m   [38;2;105;55;50;48;2;105;55;50m▀[m[38;2;80;64;69;48;2;70;59;61m▀[m
  [38;2;77;65;69m▄[m[38;2;77;65;69;48;2;210;168;105m▀[m[38;2;103;95;107;48;2;161;111;76m▀[m[38;2;211;203;185;48;2;103;95;107m▀[m[38;2;219;213;197;48;2;211;203;185m▀[m[38;2;219;213;197;48;2;176;163;164m▀[m[38;2;143;140;140;48;2;81;68;73m▀[m[38;2;78;69;69;48;2;81;68;73m▀[m[38;2;159;149;123;48;2;137;132;127m▀[m[38;2;246;231;163;48;2;246;231;163m▀[m[38;2;159;149;123;48;2;81;68;73m▀[m[38;2;81;68;73;48;2;89;91;129m▀[m[38;2;114;109;138;48;2;81;68;73m▀[m[38;2;103;95;107;48;2;143;140;140m▀[m[38;2;116;111;115;48;2;143;140;140m▀[m[38;2;143;140;140;48;2;143;140;140m▀[m[38;2;143;140;140;48;2;143;140;140m▀[m[38;2;114;109;138;48;2;114;109;138m▀[m[38;2;116;111;115;48;2;89;91;129m▀[m[38;2;147;111;101;48;2;89;91;129m▀[m[38;2;116;111;115;48;2;114;109;138m▀[m[38;2;116;111;115;48;2;103;95;107m▀[m[38;2;114;109;138;48;2;103;95;107m▀[m[38;2;143;140;140;48;2;103;95;107m▀[m[38;2;176;163;164;48;2;114;109;138m▀[m[38;2;81;68;73;48;2;103;95;107m▀[m[38;2;77;65;69m▄[m[38;2;77;65;69m▄[m[38;2;77;65;69m▄[m    [38;2;67;60;62m▄[m[38;2;178;170;157;48;2;178;170;157m▀[m[38;2;117;111;141;48;2;178;170;157m▀[m[38;2;117;111;141;48;2;178;170;157m▀[m[38;2;152;145;140;48;2;152;145;140m▀[m[38;2;178;170;157;48;2;84;70;75m▀[m[38;2;112;107;108;48;2;56;43;43m▀[m[38;2;58;48;50;48;2;99;58;52m▀[m[38;2;67;60;62;48;2;189;156;67m▀[m[38;2;67;60;62;48;2;67;60;62m▀[m[38;2;56;43;43;48;2;56;43;43m▀[m[38;2;98;95;101;48;2;67;60;62m▀[m[38;2;112;107;108;48;2;104;83;86m▀[m[38;2;112;107;108;48;2;112;107;108m▀[m[38;2;83;79;83;48;2;104;83;86m▀[m[38;2;83;79;83;48;2;83;79;83m▀[m[38;2;56;43;43;48;2;83;79;83m▀[m[38;2;104;83;86;48;2;112;107;108m▀[m[38;2;142;116;114;48;2;112;107;108m▀[m[38;2;112;107;108;48;2;112;107;108m▀[m[38;2;152;145;140;48;2;112;107;108m▀[m[38;2;145;138;125;48;2;84;70;75m▀[m[38;2;58;48;50m▄[m[38;2;67;60;62m▄[m  [38;2;83;70;72m▀[m[38;2;67;60;62m▀[m[38;2;58;48;50;48;2;67;60;62m▀[m[38;2;76;53;52m▄[m       [38;2;150;145;143;48;2;117;111;109m▀[m[38;2;201;192;174;48;2;85;80;83m▀[m[38;2;150;145;143;48;2;70;59;61m▀[m[38;2;106;90;86;48;2;70;59;61m▀[m[38;2;70;59;61;48;2;174;143;49m▀[m[38;2;174;143;49;48;2;174;143;49m▀[m[38;2;70;59;61;48;2;57;41;41m▀[m[38;2;70;59;61;48;2;85;80;83m▀[m[38;2;161;148;124;48;2;103;94;90m▀[m[38;2;117;111;109;48;2;139;121;110m▀[m[38;2;117;111;109;48;2;85;80;83m▀[m[38;2;85;80;83;48;2;85;80;83m▀[m[38;2;161;148;124;48;2;161;148;124m▀[m[38;2;100;95;99;48;2;150;145;143m▀[m[38;2;85;80;83;48;2;117;111;109m▀[m[38;2;85;80;83;48;2;117;111;109m▀[m[38;2;85;80;83;48;2;85;80;83m▀[m[38;2;85;80;83;48;2;82;52;50m▀[m[38;2;85;80;83;48;2;103;94;90m▀[m[38;2;85;80;83;48;2;85;80;83m▀[m[38;2;106;90;86;48;2;103;94;90m▀[m[38;2;103;94;90m▄[m[38;2;70;59;61m▄[m[38;2;80;64;69;48;2;105;55;50m▀[m[38;2;105;55;50;48;2;82;52;50m▀[m[38;2;70;59;61m▀[m
[38;2;78;69;69m▀[m[38;2;159;149;123;48;2;77;65;69m▀[m[38;2;210;168;105;48;2;77;65;69m▀[m[38;2;210;168;105;48;2;77;65;69m▀[m[38;2;161;111;76;48;2;77;65;69m▀[m[38;2;161;111;76;48;2;78;69;69m▀[m[38;2;81;68;73;48;2;77;65;69m▀[m[38;2;103;95;107;48;2;77;65;69m▀[m[38;2;81;68;73;48;2;99;53;52m▀[m[38;2;114;109;138;48;2;134;118;148m▀[m[38;2;103;95;107;48;2;134;118;148m▀[m[38;2;103;95;107;48;2;134;118;148m▀[m[38;2;114;109;138;48;2;103;95;107m▀[m[38;2;116;111;115;48;2;81;68;73m▀[m[38;2;81;68;73;48;2;99;53;52m▀[m[38;2;143;140;140;48;2;99;53;52m▀[m[38;2;116;111;115;48;2;143;140;140m▀[m[38;2;134;118;148;48;2;143;140;140m▀[m[38;2;134;118;148;48;2;143;140;140m▀[m[38;2;143;140;140;48;2;143;140;140m▀[m[38;2;143;140;140;48;2;143;140;140m▀[m[38;2;114;109;138;48;2;143;140;140m▀[m[38;2;89;91;129;48;2;114;109;138m▀[m[38;2;103;95;107;48;2;116;111;115m▀[m[38;2;114;109;138;48;2;114;109;138m▀[m[38;2;114;109;138;48;2;89;91;129m▀[m[38;2;143;140;140;48;2;116;111;115m▀[m[38;2;116;111;115;48;2;143;140;140m▀[m[38;2;143;140;140;48;2;103;95;107m▀[m[38;2;143;140;140m▀[m[38;2;77;65;69m▀[m    [38;2;67;60;62m▀[m[38;2;178;170;157;48;2;67;60;62m▀[m[38;2;145;138;125;48;2;56;43;43m▀[m[38;2;56;43;43;48;2;58;48;50m▀[m[38;2;67;60;62;48;2;56;43;43m▀[m[38;2;83;70;72;48;2;58;48;50m▀[m[38;2;152;127;57;48;2;83;70;72m▀[m[38;2;189;156;67;48;2;83;70;72m▀[m[38;2;152;127;57;48;2;58;48;50m▀[m[38;2;58;48;50;48;2;76;53;52m▀[m[38;2;56;43;43;48;2;56;43;43m▀[m[38;2;84;70;75;48;2;152;145;140m▀[m[38;2;83;79;83;48;2;83;79;83m▀[m[38;2;112;107;108;48;2;76;53;52m▀[m[38;2;76;53;52;48;2;84;70;75m▀[m[38;2;104;83;86;48;2;84;70;75m▀[m[38;2;112;107;108;48;2;145;138;125m▀[m[38;2;83;79;83;48;2;152;145;140m▀[m[38;2;112;107;108;48;2;152;145;140m▀[m[38;2;140;125;132;48;2;152;145;140m▀[m[38;2;152;145;140;48;2;98;95;101m▀[m[38;2;83;79;83;48;2;83;79;83m▀[m[38;2;83;79;83;48;2;83;79;83m▀[m[38;2;67;60;62;48;2;104;83;86m▀[m[38;2;98;95;101m▄[m[38;2;83;70;72m▄[m  [38;2;83;70;72;48;2;67;60;62m▀[m[38;2;76;53;52;48;2;76;53;52m▀[m      [38;2;70;59;61m▄[m[38;2;117;111;109;48;2;150;145;143m▀[m[38;2;117;111;109;48;2;103;94;90m▀[m[38;2;85;80;83;48;2;70;59;61m▀[m[38;2;58;45;47;48;2;70;59;61m▀[m[38;2;57;41;41;48;2;58;45;47m▀[m[38;2;57;41;41;48;2;58;45;47m▀[m[38;2;57;41;41;48;2;85;80;83m▀[m[38;2;139;121;110;48;2;85;80;83m▀[m[38;2;139;121;110;48;2;82;52;50m▀[m[38;2;103;94;90;48;2;85;80;83m▀[m[38;2;103;94;90;48;2;82;52;50m▀[m[38;2;70;59;61;48;2;82;52;50m▀[m[38;2;82;52;50;48;2;58;45;47m▀[m[38;2;100;95;99;48;2;57;41;41m▀[m[38;2;139;121;110;48;2;85;80;83m▀[m[38;2;117;111;109;48;2;117;111;109m▀[m[38;2;85;80;83;48;2;82;52;50m▀[m[38;2;85;80;83;48;2;85;80;83m▀[m[38;2;85;80;83;48;2;103;94;90m▀[m[38;2;103;94;90;48;2;85;80;83m▀[m[38;2;103;94;90;48;2;85;80;83m▀[m[38;2;57;41;41;48;2;85;80;83m▀[m[38;2;82;52;50;48;2;57;41;41m▀[m[38;2;82;52;50;48;2;58;45;47m▀[m[38;2;57;41;41m▀[m
    [38;2;78;69;69m▀[m[38;2;77;65;69m▀[m[38;2;99;53;52;48;2;77;65;69m▀[m[38;2;99;53;52;48;2;99;53;52m▀[m[38;2;81;68;73;48;2;99;53;52m▀[m[38;2;81;68;73;48;2;99;53;52m▀[m[38;2;134;118;148;48;2;77;65;69m▀[m[38;2;134;118;148;48;2;77;65;69m▀[m[38;2;99;53;52;48;2;99;53;52m▀[m[38;2;99;53;52;48;2;99;53;52m▀[m[38;2;99;53;52;48;2;99;53;52m▀[m[38;2;99;53;52;48;2;99;53;52m▀[m[38;2;81;68;73;48;2;99;53;52m▀[m[38;2;159;149;123;48;2;81;68;73m▀[m[38;2;143;140;140;48;2;159;149;123m▀[m[38;2;143;140;140;48;2;143;140;140m▀[m[38;2;143;140;140;48;2;143;140;140m▀[m[38;2;143;140;140;48;2;143;140;140m▀[m[38;2;143;140;140;48;2;143;140;140m▀[m[38;2;143;140;140;48;2;143;140;140m▀[m[38;2;143;140;140;48;2;143;140;140m▀[m[38;2;114;109;138;48;2;77;65;69m▀[m[38;2;103;95;107;48;2;81;68;73m▀[m[38;2;103;95;107;48;2;103;95;107m▀[m[38;2;81;68;73m▄[m      [38;2;83;70;72;48;2;117;111;141m▀[m[38;2;117;111;141;48;2;117;111;141m▀[m[38;2;104;83;86;48;2;83;79;83m▀[m[38;2;83;79;83;48;2;58;48;50m▀[m[38;2;76;53;52;48;2;56;43;43m▀[m[38;2;56;43;43;48;2;56;43;43m▀[m[38;2;104;83;86;48;2;56;43;43m▀[m[38;2;104;83;86;48;2;58;48;50m▀[m[38;2;76;53;52;48;2;58;48;50m▀[m[38;2;56;43;43;48;2;112;107;108m▀[m[38;2;145;138;125;48;2;145;138;125m▀[m[38;2;84;70;75;48;2;112;107;108m▀[m[38;2;76;53;52;48;2;142;116;114m▀[m[38;2;104;83;86;48;2;142;116;114m▀[m[38;2;112;107;108;48;2;117;111;141m▀[m[38;2;112;107;108;48;2;152;145;140m▀[m[38;2;98;95;101;48;2;84;70;75m▀[m[38;2;67;60;62;48;2;104;83;86m▀[m[38;2;84;70;75;48;2;104;83;86m▀[m[38;2;84;70;75;48;2;83;79;83m▀[m[38;2;56;43;43;48;2;104;83;86m▀[m[38;2;104;83;86;48;2;104;83;86m▀[m[38;2;112;107;108;48;2;83;79;83m▀[m[38;2;83;79;83;48;2;83;79;83m▀[m[38;2;104;83;86;48;2;83;79;83m▀[m[38;2;112;107;108;48;2;104;83;86m▀[m[38;2;98;95;101;48;2;58;48;50m▀[m[38;2;67;60;62;48;2;76;53;52m▀[m[38;2;76;53;52;48;2;56;43;43m▀[m[38;2;56;43;43m▀[m      [38;2;80;64;69m▀[m[38;2;80;64;69m▀[m[38;2;85;80;83;48;2;106;90;86m▀[m[38;2;70;59;61;48;2;85;80;83m▀[m[38;2;70;59;61;48;2;103;94;90m▀[m[38;2;57;41;41;48;2;117;111;109m▀[m[38;2;100;95;99;48;2;103;94;90m▀[m[38;2;139;121;110;48;2;103;94;90m▀[m[38;2;85;80;83;48;2;85;80;83m▀[m[38;2;103;94;90;48;2;85;80;83m▀[m[38;2;85;80;83;48;2;57;41;41m▀[m[38;2;58;45;47;48;2;105;55;50m▀[m[38;2;105;55;50;48;2;65;62;86m▀[m[38;2;58;45;47;48;2;85;80;83m▀[m[38;2;57;41;41;48;2;58;45;47m▀[m[38;2;103;94;90;48;2;57;41;41m▀[m[38;2;85;80;83;48;2;85;80;83m▀[m[38;2;85;80;83;48;2;103;94;90m▀[m[38;2;103;94;90;48;2;85;80;83m▀[m[38;2;85;80;83;48;2;85;80;83m▀[m[38;2;117;111;109;48;2;58;45;47m▀[m[38;2;85;80;83;48;2;85;80;83m▀[m[38;2;85;80;83;48;2;65;62;86m▀[m[38;2;103;94;90m▀[m[38;2;80;64;69m▀[m
   [38;2;78;69;69;48;2;81;68;73m▀[m[38;2;116;111;115;48;2;116;111;115m▀[m[38;2;81;68;73;48;2;116;111;115m▀[m[38;2;116;111;115m▄[m[38;2;81;68;73;48;2;116;111;115m▀[m[38;2;99;53;52;48;2;81;68;73m▀[m[38;2;99;53;52;48;2;77;65;69m▀[m[38;2;99;53;52;48;2;99;53;52m▀[m[38;2;161;111;76;48;2;99;53;52m▀[m[38;2;99;53;52;48;2;81;68;73m▀[m[38;2;99;53;52;48;2;99;53;52m▀[m[38;2;99;53;52;48;2;99;53;52m▀[m[38;2;99;53;52;48;2;99;53;52m▀[m[38;2;99;53;52;48;2;99;53;52m▀[m[38;2;99;53;52;48;2;99;53;52m▀[m[38;2;81;68;73;48;2;99;53;52m▀[m[38;2;81;68;73;48;2;81;68;73m▀[m[38;2;116;111;115;48;2;78;69;69m▀[m[38;2;143;140;140;48;2;77;65;69m▀[m[38;2;81;68;73;48;2;114;109;138m▀[m[38;2;81;68;73;48;2;103;95;107m▀[m  [38;2;81;68;73;48;2;103;95;107m▀[m[38;2;89;91;129;48;2;114;109;138m▀[m[38;2;114;109;138;48;2;114;109;138m▀[m[38;2;81;68;73;48;2;77;65;69m▀[m    [38;2;83;70;72m▀[m[38;2;84;70;75m▀[m[38;2;56;43;43m▀[m [38;2;67;60;62;48;2;104;83;86m▀[m[38;2;58;48;50;48;2;58;48;50m▀[m[38;2;76;53;52;48;2;56;43;43m▀[m[38;2;99;58;52;48;2;58;48;50m▀[m[38;2;99;58;52;48;2;58;48;50m▀[m[38;2;76;53;52;48;2;56;43;43m▀[m[38;2;58;48;50;48;2;83;79;83m▀[m[38;2;58;48;50;48;2;56;43;43m▀[m[38;2;145;138;125;48;2;56;43;43m▀[m[38;2;178;170;157;48;2;83;79;83m▀[m[38;2;152;145;140;48;2;152;145;140m▀[m[38;2;152;145;140;48;2;112;107;108m▀[m[38;2;84;70;75;48;2;56;43;43m▀[m[38;2;84;70;75;48;2;56;43;43m▀[m[38;2;104;83;86;48;2;112;107;108m▀[m[38;2;83;79;83;48;2;83;79;83m▀[m[38;2;104;83;86;48;2;112;107;108m▀[m[38;2;83;79;83;48;2;83;79;83m▀[m[38;2;83;79;83;48;2;83;79;83m▀[m[38;2;83;79;83;48;2;83;79;83m▀[m[38;2;104;83;86;48;2;56;43;43m▀[m[38;2;104;83;86;48;2;56;43;43m▀[m[38;2;67;60;62;48;2;67;60;62m▀[m[38;2;56;43;43m▀[m[38;2;67;60;62m▀[m          [38;2;57;41;41;48;2;57;41;41m▀[m[38;2;70;59;61;48;2;58;45;47m▀[m[38;2;82;52;50;48;2;57;41;41m▀[m[38;2;57;41;41;48;2;58;45;47m▀[m[38;2;57;41;41;48;2;85;80;83m▀[m[38;2;85;80;83;48;2;58;45;47m▀[m[38;2;85;80;83;48;2;85;80;83m▀[m[38;2;82;52;50;48;2;57;41;41m▀[m[38;2;58;45;47;48;2;105;55;50m▀[m[38;2;105;55;50;48;2;82;52;50m▀[m[38;2;58;45;47;48;2;82;52;50m▀[m[38;2;85;80;83;48;2;57;41;41m▀[m[38;2;65;62;86;48;2;57;41;41m▀[m[38;2;57;41;41;48;2;58;45;47m▀[m[38;2;117;111;109;48;2;57;41;41m▀[m[38;2;117;111;109;48;2;100;95;99m▀[m[38;2;117;111;109;48;2;117;111;109m▀[m[38;2;100;95;99;48;2;57;41;41m▀[m[38;2;57;41;41;48;2;58;45;47m▀[m[38;2;57;41;41;48;2;58;45;47m▀[m[38;2;57;41;41;48;2;58;45;47m▀[m[38;2;70;59;61m▄[m
  [38;2;77;65;69;48;2;81;68;73m▀[m[38;2;114;109;138;48;2;116;111;115m▀[m[38;2;116;111;115;48;2;116;111;115m▀[m[38;2;114;109;138;48;2;77;65;69m▀[m[38;2;103;95;107;48;2;78;69;69m▀[m[38;2;77;65;69m▀[m  [38;2;77;65;69m▄[m[38;2;81;68;73;48;2;116;111;115m▀[m[38;2;116;111;115;48;2;116;111;115m▀[m[38;2;81;68;73;48;2;116;111;115m▀[m[38;2;81;68;73;48;2;116;111;115m▀[m[38;2;81;68;73;48;2;78;69;69m▀[m[38;2;77;65;69m▀[m[38;2;77;65;69m▀[m  [38;2;77;65;69m▄[m[38;2;81;68;73;48;2;143;140;140m▀[m[38;2;176;163;164;48;2;114;109;138m▀[m[38;2;134;118;148;48;2;114;109;138m▀[m[38;2;77;65;69;48;2;77;65;69m▀[m  [38;2;77;65;69m▀[m[38;2;77;65;69m▀[m        [38;2;67;60;62m▄[m[38;2;112;107;108;48;2;56;43;43m▀[m[38;2;104;83;86;48;2;56;43;43m▀[m[38;2;76;53;52;48;2;56;43;43m▀[m[38;2;67;60;62m▀[m[38;2;84;70;75;48;2;67;60;62m▀[m[38;2;104;83;86;48;2;56;43;43m▀[m[38;2;83;79;83;48;2;67;60;62m▀[m[38;2;56;43;43;48;2;67;60;62m▀[m[38;2;56;43;43;48;2;67;60;62m▀[m[38;2;58;48;50;48;2;76;53;52m▀[m[38;2;56;43;43;48;2;58;48;50m▀[m[38;2;84;70;75;48;2;56;43;43m▀[m[38;2;58;48;50;48;2;76;53;52m▀[m[38;2;56;43;43;48;2;83;79;83m▀[m[38;2;112;107;108;48;2;56;43;43m▀[m[38;2;83;79;83;48;2;58;48;50m▀[m[38;2;83;79;83;48;2;67;60;62m▀[m[38;2;104;83;86;48;2;98;95;101m▀[m[38;2;112;107;108;48;2;112;107;108m▀[m[38;2;104;83;86;48;2;67;60;62m▀[m[38;2;56;43;43;48;2;67;60;62m▀[m[38;2;56;43;43;48;2;56;43;43m▀[m[38;2;58;48;50;48;2;83;79;83m▀[m[38;2;67;60;62m▄[m         [38;2;70;59;61m▄[m[38;2;70;59;61;48;2;85;80;83m▀[m[38;2;65;62;86;48;2;82;52;50m▀[m[38;2;82;52;50;48;2;58;45;47m▀[m[38;2;58;45;47;48;2;57;41;41m▀[m[38;2;57;41;41m▀[m[38;2;106;90;86m▄[m[38;2;57;41;41;48;2;85;80;83m▀[m[38;2;82;52;50;48;2;65;62;86m▀[m[38;2;82;52;50;48;2;57;41;41m▀[m[38;2;105;55;50;48;2;82;52;50m▀[m[38;2;82;52;50;48;2;58;45;47m▀[m[38;2;58;45;47;48;2;80;64;69m▀[m[38;2;57;41;41;48;2;80;64;69m▀[m[38;2;58;45;47;48;2;70;59;61m▀[m[38;2;57;41;41;48;2;57;41;41m▀[m[38;2;57;41;41;48;2;57;41;41m▀[m[38;2;80;64;69m▀[m[38;2;80;64;69m▀[m[38;2;70;59;61m▀[m[38;2;57;41;41;48;2;70;59;61m▀[m[38;2;57;41;41;48;2;57;41;41m▀[m[38;2;82;52;50;48;2;82;52;50m▀[m[38;2;57;41;41;48;2;58;45;47m▀[m
                    [38;2;78;69;69m▀[m[38;2;77;65;69m▀[m[38;2;77;65;69m▀[m[38;2;77;65;69m▀[m[38;2;78;69;69m▀[m            [38;2;104;83;86m▀[m[38;2;84;70;75m▀[m[38;2;58;48;50m▀[m    [38;2;67;60;62;48;2;83;70;72m▀[m[38;2;83;79;83;48;2;67;60;62m▀[m[38;2;112;107;108;48;2;67;60;62m▀[m[38;2;58;48;50;48;2;83;70;72m▀[m[38;2;67;60;62m▀[m [38;2;56;43;43m▀[m[38;2;67;60;62m▀[m[38;2;83;79;83m▀[m[38;2;67;60;62m▀[m  [38;2;84;70;75m▀[m             [38;2;80;64;69;48;2;80;64;69m▀[m[38;2;85;80;83;48;2;80;64;69m▀[m[38;2;65;62;86;48;2;70;59;61m▀[m[38;2;58;45;47m▀[m[38;2;57;41;41m▀[m  [38;2;70;59;61;48;2;80;64;69m▀[m[38;2;117;111;109;48;2;70;59;61m▀[m[38;2;65;62;86;48;2;70;59;61m▀[m[38;2;103;94;90;48;2;70;59;61m▀[m[38;2;57;41;41m▀[m[38;2;70;59;61m▀[m [38;2;57;41;41m▀[m[38;2;57;41;41m▀[m[38;2;57;41;41m▀[m[38;2;80;64;69m▀[m   [38;2;58;45;47;48;2;70;59;61m▀[m[38;2;58;45;47;48;2;80;64;69m▀[m[38;2;58;45;47;48;2;80;64;69m▀[m[38;2;70;59;61m▀[m

[1mspamlet[m                           [1mmailgnant[m                         [1mphishmonger[m
                                                                            [38;2;104;126;65m▄[m[38;2;143;143;139;48;2;154;153;149m▀[m[38;2;74;106;65;48;2;107;110;104m▀[m  [38;2;104;126;65;48;2;154;153;149m▀[m[38;2;143;143;139;48;2;74;106;65m▀[m[38;2;143;143;139;48;2;56;83;28m▀[m[38;2;143;143;139;48;2;107;110;104m▀[m[38;2;104;126;65;48;2;154;153;149m▀[m
                                        [38;2;77;98;43;48;2;95;136;28m▀[m[38;2;95;136;28;48;2;150;208;26m▀[m[38;2;60;73;48;48;2;113;160;36m▀[m[38;2;77;98;43;48;2;77;98;43m▀[m [38;2;77;98;43m▄[m [38;2;142;140;134m▄[m[38;2;142;140;134m▄[m[38;2;142;140;134m▄[m[38;2;142;140;134m▄[m                       [38;2;104;126;65;48;2;147;197;35m▀[m[38;2;104;126;65;48;2;122;170;38m▀[m [38;2;74;106;65;48;2;104;126;65m▀[m[38;2;56;83;28;48;2;106;149;40m▀[m[38;2;104;126;65;48;2;79;112;37m▀[m[38;2;104;126;65;48;2;107;110;104m▀[m[38;2;107;110;104;48;2;154;153;149m▀[m[38;2;154;153;149;48;2;107;110;104m▀[m[38;2;154;153;149;48;2;74;106;65m▀[m[38;2;154;153;149;48;2;74;106;65m▀[m[38;2;107;110;104;48;2;107;110;104m▀[m[38;2;74;106;65m▄[m[38;2;104;126;65m▄[m[38;2;154;153;149;48;2;154;153;149m▀[m[38;2;154;153;149;48;2;107;110;104m▀[m
                                        [38;2;95;136;28m▀[m[38;2;136;184;40;48;2;77;98;43m▀[m[38;2;113;160;36;48;2;77;98;43m▀[m[38;2;60;73;48m▀[m [38;2;60;73;48;48;2;60;73;48m▀[m[38;2;117;116;115;48;2;154;153;150m▀[m[38;2;142;140;134m▄[m[38;2;102;104;97m▄[m[38;2;60;73;48;48;2;142;140;134m▀[m[38;2;154;153;150;48;2;117;116;115m▀[m[38;2;142;140;134;48;2;63;87;35m▀[m[38;2;113;149;60m▄[m[38;2;113;160;36m▄[m[38;2;77;98;43m▄[m                   [38;2;117;158;42m▀[m[38;2;79;112;37;48;2;74;106;65m▀[m[38;2;74;106;65;48;2;122;170;38m▀[m[38;2;98;141;34;48;2;136;183;41m▀[m[38;2;106;149;40;48;2;136;183;41m▀[m[38;2;122;170;38;48;2;171;204;27m▀[m[38;2;122;152;67;48;2;136;183;41m▀[m[38;2;107;110;104;48;2;136;183;41m▀[m[38;2;107;110;104;48;2;98;141;34m▀[m[38;2;154;153;149;48;2;79;112;37m▀[m[38;2;107;110;104;48;2;56;83;28m▀[m[38;2;107;110;104;48;2;98;141;34m▀[m[38;2;79;112;37;48;2;106;149;40m▀[m[38;2;106;149;40;48;2;79;112;37m▀[m[38;2;74;106;65;48;2;56;83;28m▀[m [38;2;104;126;65m▄[m[38;2;154;153;149m▄[m[38;2;104;126;65m▄[m
           [38;2;96;173;31m▄[m[38;2;68;131;36;48;2;153;223;36m▀[m[38;2;68;131;36;48;2;111;199;35m▀[m[38;2;86;163;36m▄[m                      [38;2;150;208;26m▄[m[38;2;77;98;43;48;2;113;160;36m▀[m[38;2;77;98;43m▄[m     [38;2;102;104;97;48;2;154;153;150m▀[m[38;2;117;116;115;48;2;60;73;48m▀[m[38;2;154;153;150m▀[m[38;2;117;116;115m▀[m[38;2;117;116;115m▀[m[38;2;102;104;97;48;2;60;73;48m▀[m[38;2;63;87;35;48;2;102;104;97m▀[m[38;2;113;160;36;48;2;77;98;43m▀[m[38;2;113;160;36;48;2;77;98;43m▀[m[38;2;77;98;43m▀[m                  [38;2;104;126;65m▄[m[38;2;74;106;65m▄[m[38;2;136;183;41;48;2;253;251;3m▀[m[38;2;136;183;41;48;2;253;251;3m▀[m[38;2;171;204;27;48;2;253;251;3m▀[m[38;2;147;197;35;48;2;253;251;3m▀[m[38;2;147;197;35;48;2;217;228;12m▀[m[38;2;147;197;35;48;2;136;183;41m▀[m[38;2;147;197;35;48;2;147;197;35m▀[m[38;2;147;197;35;48;2;253;251;3m▀[m[38;2;147;197;35;48;2;253;251;3m▀[m[38;2;147;197;35;48;2;253;251;3m▀[m[38;2;136;183;41;48;2;253;251;3m▀[m[38;2;154;153;149;48;2;176;178;104m▀[m[38;2;74;106;65;48;2;74;106;65m▀[m[38;2;74;106;65;48;2;58;171;176m▀[m[38;2;74;106;65;48;2;74;106;65m▀[m[38;2;79;112;37;48;2;74;106;65m▀[m[38;2;74;106;65m▀[m
     [38;2;68;131;36m▄[m[38;2;146;150;149m▄[m[38;2;68;131;36m▄[m   [38;2;153;223;36;48;2;88;169;38m▀[m[38;2;153;223;36;48;2;102;186;36m▀[m[38;2;111;199;35;48;2;88;169;38m▀[m[38;2;88;169;38;48;2;73;149;40m▀[m[38;2;86;163;36m▄[m[38;2;86;163;36m▄[m[38;2;101;133;44m▄[m[38;2;86;163;36m▄[m   [38;2;97;122;80m▄[m[38;2;146;150;149m▄[m[38;2;146;150;149m▄[m           [38;2;77;98;43m▀[m[38;2;144;196;38;48;2;106;150;39m▀[m[38;2;136;184;40;48;2;85;116;34m▀[m[38;2;60;73;48;48;2;77;98;43m▀[m   [38;2;77;98;43;48;2;106;150;39m▀[m[38;2;122;152;26;48;2;113;160;36m▀[m[38;2;154;153;150;48;2;102;104;97m▀[m[38;2;154;153;150;48;2;102;104;97m▀[m[38;2;154;153;150;48;2;117;116;115m▀[m[38;2;154;153;150;48;2;117;116;115m▀[m[38;2;154;153;150;48;2;117;116;115m▀[m[38;2;102;104;97;48;2;63;87;35m▀[m[38;2;102;104;97;48;2;63;87;35m▀[m[38;2;77;98;43;48;2;113;160;36m▀[m[38;2;85;116;34m▄[m[38;2;60;73;48m▄[m[38;2;154;153;150;48;2;154;153;150m▀[m[38;2;154;153;150m▀[m[38;2;154;153;150m▀[m[38;2;154;153;150;48;2;154;153;150m▀[m             [38;2;117;158;42;48;2;74;106;65m▀[m[38;2;147;197;35;48;2;122;170;38m▀[m[38;2;98;141;34;48;2;122;170;38m▀[m[38;2;253;251;3;48;2;253;251;3m▀[m[38;2;217;228;12;48;2;217;228;12m▀[m[38;2;163;188;23;48;2;117;158;42m▀[m[38;2;253;251;3;48;2;253;251;3m▀[m[38;2;217;228;12;48;2;217;228;12m▀[m[38;2;122;170;38;48;2;136;183;41m▀[m[38;2;163;188;23;48;2;163;188;23m▀[m[38;2;253;251;3;48;2;253;251;3m▀[m[38;2;163;188;23;48;2;163;188;23m▀[m[38;2;163;188;23;48;2;117;158;42m▀[m[38;2;253;251;3;48;2;253;251;3m▀[m[38;2;176;178;104;48;2;163;188;23m▀[m[38;2;154;153;149;48;2;154;153;149m▀[m[38;2;74;106;65;48;2;74;106;65m▀[m[38;2;58;171;176;48;2;143;143;139m▀[m[38;2;143;143;139;48;2;107;110;104m▀[m[38;2;79;112;37m▄[m[38;2;104;126;65;48;2;136;183;41m▀[m[38;2;104;126;65m▄[m
    [38;2;68;131;36;48;2;68;131;36m▀[m[38;2;163;169;164;48;2;112;118;117m▀[m[38;2;89;98;93;48;2;89;98;93m▀[m[38;2;112;118;117;48;2;89;98;93m▀[m[38;2;97;122;80;48;2;206;209;44m▀[m[38;2;59;116;40;48;2;206;209;44m▀[m[38;2;96;173;31;48;2;86;163;36m▀[m[38;2;111;199;35;48;2;111;199;35m▀[m[38;2;111;199;35;48;2;111;199;35m▀[m[38;2;111;199;35;48;2;111;199;35m▀[m[38;2;111;199;35;48;2;111;199;35m▀[m[38;2;111;199;35;48;2;86;163;36m▀[m[38;2;88;169;38;48;2;206;209;44m▀[m[38;2;96;173;31;48;2;206;209;44m▀[m[38;2;102;186;36;48;2;68;131;36m▀[m[38;2;86;163;36;48;2;111;199;35m▀[m[38;2;97;122;80;48;2;102;186;36m▀[m[38;2;89;98;93m▄[m[38;2;163;169;164;48;2;163;169;164m▀[m[38;2;163;169;164;48;2;112;118;117m▀[m[38;2;89;98;93;48;2;89;98;93m▀[m[38;2;89;98;93;48;2;89;98;93m▀[m           [38;2;77;98;43m▄[m[38;2;154;153;150m▄[m[38;2;77;98;43;48;2;102;104;97m▀[m[38;2;117;116;115m▄[m[38;2;85;116;34m▄[m[38;2;77;98;43;48;2;113;160;36m▀[m[38;2;136;184;40;48;2;136;184;40m▀[m[38;2;136;184;40;48;2;136;184;40m▀[m[38;2;136;184;40;48;2;136;184;40m▀[m[38;2;106;150;39;48;2;144;196;38m▀[m[38;2;85;116;34;48;2;136;184;40m▀[m[38;2;63;87;35;48;2;136;184;40m▀[m[38;2;85;116;34;48;2;136;184;40m▀[m[38;2;113;160;36;48;2;106;150;39m▀[m[38;2;113;160;36;48;2;113;160;36m▀[m[38;2;113;160;36;48;2;136;184;40m▀[m[38;2;113;160;36;48;2;113;160;36m▀[m[38;2;85;116;34;48;2;106;150;39m▀[m[38;2;117;116;115;48;2;85;116;34m▀[m[38;2;154;153;150;48;2;102;104;97m▀[m[38;2;154;153;150;48;2;102;104;97m▀[m[38;2;117;116;115;48;2;60;73;48m▀[m              [38;2;74;106;65;48;2;117;158;42m▀[m[38;2;147;197;35;48;2;136;183;41m▀[m[38;2;253;251;3;48;2;171;204;27m▀[m[38;2;253;251;3;48;2;171;204;27m▀[m[38;2;253;251;3;48;2;171;204;27m▀[m[38;2;253;251;3;48;2;171;204;27m▀[m[38;2;217;228;12;48;2;147;197;35m▀[m[38;2;136;183;41;48;2;136;183;41m▀[m[38;2;171;204;27;48;2;136;183;41m▀[m[38;2;253;251;3;48;2;171;204;27m▀[m[38;2;253;251;3;48;2;171;204;27m▀[m[38;2;253;251;3;48;2;171;204;27m▀[m[38;2;253;251;3;48;2;171;204;27m▀[m[38;2;171;204;27;48;2;136;183;41m▀[m[38;2;107;110;104;48;2;106;149;40m▀[m[38;2;107;110;104;48;2;56;83;28m▀[m[38;2;107;110;104;48;2;79;112;37m▀[m[38;2;79;112;37;48;2;98;141;34m▀[m[38;2;79;112;37;48;2;122;170;38m▀[m[38;2;56;83;28;48;2;104;126;65m▀[m
    [38;2;97;122;80;48;2;97;122;80m▀[m[38;2;89;98;93;48;2;89;98;93m▀[m[38;2;112;118;117;48;2;89;98;93m▀[m[38;2;101;133;44;48;2;101;133;44m▀[m[38;2;206;209;44;48;2;206;209;44m▀[m[38;2;206;209;44;48;2;96;173;31m▀[m[38;2;86;163;36;48;2;96;173;31m▀[m[38;2;111;199;35;48;2;111;199;35m▀[m[38;2;111;199;35;48;2;111;199;35m▀[m[38;2;111;199;35;48;2;111;199;35m▀[m[38;2;111;199;35;48;2;111;199;35m▀[m[38;2;86;163;36;48;2;86;163;36m▀[m[38;2;224;231;222;48;2;206;209;44m▀[m[38;2;206;209;44;48;2;206;209;44m▀[m[38;2;68;131;36;48;2;101;133;44m▀[m[38;2;111;199;35;48;2;102;186;36m▀[m[38;2;102;186;36;48;2;111;199;35m▀[m[38;2;89;98;93;48;2;88;169;38m▀[m[38;2;123;136;122;48;2;89;98;93m▀[m[38;2;112;118;117;48;2;89;98;93m▀[m[38;2;112;118;117;48;2;89;98;93m▀[m[38;2;68;131;36m▀[m           [38;2;60;73;48m▀[m[38;2;142;140;134;48;2;154;153;150m▀[m[38;2;154;153;150m▄[m[38;2;60;73;48;48;2;117;116;115m▀[m[38;2;85;116;34;48;2;194;191;55m▀[m[38;2;194;191;55;48;2;180;189;15m▀[m[38;2;194;191;55;48;2;122;152;26m▀[m[38;2;194;191;55;48;2;243;240;26m▀[m[38;2;113;149;60;48;2;122;152;26m▀[m[38;2;144;196;38;48;2;144;196;38m▀[m[38;2;136;184;40;48;2;136;184;40m▀[m[38;2;113;160;36;48;2;122;152;26m▀[m[38;2;180;189;15;48;2;243;240;26m▀[m[38;2;194;191;55;48;2;180;189;15m▀[m[38;2;194;191;55;48;2;180;189;15m▀[m[38;2;180;189;15;48;2;243;240;26m▀[m[38;2;106;150;39;48;2;142;140;134m▀[m[38;2;106;150;39;48;2;216;212;190m▀[m[38;2;106;150;39;48;2;154;153;150m▀[m[38;2;102;104;97;48;2;63;87;35m▀[m[38;2;102;104;97;48;2;63;87;35m▀[m[38;2;63;87;35;48;2;106;150;39m▀[m[38;2;63;87;35;48;2;106;150;39m▀[m[38;2;63;87;35m▄[m           [38;2;143;143;139m▄[m[38;2;98;141;34;48;2;122;152;67m▀[m[38;2;147;197;35;48;2;98;141;34m▀[m[38;2;106;149;40m▀[m[38;2;106;149;40;48;2;74;106;65m▀[m[38;2;147;197;35;48;2;236;227;177m▀[m[38;2;136;183;41;48;2;143;143;139m▀[m[38;2;98;141;34m▀[m[38;2;106;149;40m▀[m[38;2;98;141;34m▀[m[38;2;136;183;41;48;2;143;143;139m▀[m[38;2;147;197;35;48;2;236;227;177m▀[m[38;2;136;183;41;48;2;143;143;139m▀[m[38;2;122;170;38m▀[m[38;2;136;183;41;48;2;74;106;65m▀[m[38;2;136;183;41;48;2;136;183;41m▀[m[38;2;136;183;41;48;2;136;183;41m▀[m[38;2;106;149;40;48;2;107;110;104m▀[m[38;2;106;149;40;48;2;154;153;149m▀[m[38;2;122;152;67;48;2;74;106;65m▀[m[38;2;74;106;65;48;2;74;106;65m▀[m[38;2;74;106;65m▄[m
   [38;2;97;122;80m▄[m[38;2;163;169;164;48;2;123;136;122m▀[m[38;2;112;118;117;48;2;89;98;93m▀[m[38;2;96;173;31;48;2;153;223;36m▀[m[38;2;111;199;35;48;2;153;223;36m▀[m[38;2;86;163;36;48;2;102;186;36m▀[m[38;2;96;173;31;48;2;163;169;164m▀[m[38;2;111;199;35m▀[m[38;2;111;199;35;48;2;146;150;149m▀[m[38;2;111;199;35;48;2;224;231;222m▀[m[38;2;111;199;35;48;2;97;122;80m▀[m[38;2;111;199;35m▀[m[38;2;111;199;35;48;2;96;173;31m▀[m[38;2;96;173;31;48;2;111;199;35m▀[m[38;2;86;163;36;48;2;111;199;35m▀[m[38;2;102;186;36;48;2;111;199;35m▀[m[38;2;153;223;36;48;2;153;223;36m▀[m[38;2;153;223;36;48;2;153;223;36m▀[m[38;2;153;223;36;48;2;153;223;36m▀[m[38;2;102;186;36;48;2;111;199;35m▀[m[38;2;59;116;40;48;2;86;163;36m▀[m[38;2;163;169;164;48;2;163;169;164m▀[m[38;2;89;98;93;48;2;112;118;117m▀[m            [38;2;60;73;48m▀[m[38;2;63;87;35;48;2;106;150;39m▀[m[38;2;63;87;35;48;2;106;150;39m▀[m[38;2;122;152;26;48;2;194;191;55m▀[m[38;2;180;189;15;48;2;243;240;26m▀[m[38;2;60;73;48;48;2;243;240;26m▀[m[38;2;243;240;26;48;2;243;240;26m▀[m[38;2;122;152;26;48;2;122;152;26m▀[m[38;2;136;184;40;48;2;136;184;40m▀[m[38;2;136;184;40;48;2;136;184;40m▀[m[38;2;60;73;48;48;2;63;87;35m▀[m[38;2;243;240;26;48;2;243;240;26m▀[m[38;2;95;136;28;48;2;243;240;26m▀[m[38;2;122;152;26;48;2;243;240;26m▀[m[38;2;243;240;26;48;2;243;240;26m▀[m[38;2;142;140;134;48;2;60;73;48m▀[m[38;2;142;140;134;48;2;60;73;48m▀[m[38;2;154;153;150;48;2;142;140;134m▀[m[38;2;134;132;134;48;2;117;116;115m▀[m[38;2;85;116;34;48;2;63;87;35m▀[m[38;2;106;150;39;48;2;85;116;34m▀[m[38;2;113;160;36;48;2;113;149;60m▀[m[38;2;106;150;39;48;2;85;116;34m▀[m           [38;2;74;106;65;48;2;56;83;28m▀[m[38;2;79;112;37;48;2;107;110;104m▀[m[38;2;74;106;65;48;2;74;106;65m▀[m  [38;2;104;126;65m▀[m[38;2;104;126;65m▀[m    [38;2;125;168;50m▀[m  [38;2;74;106;65;48;2;74;106;65m▀[m[38;2;122;170;38;48;2;136;183;41m▀[m[38;2;106;149;40;48;2;106;149;40m▀[m[38;2;79;112;37;48;2;79;112;37m▀[m[38;2;154;153;149;48;2;154;153;149m▀[m[38;2;58;171;176;48;2;74;106;65m▀[m[38;2;74;106;65;48;2;74;106;65m▀[m[38;2;74;106;65;48;2;74;106;65m▀[m
     [38;2;102;186;36;48;2;102;186;36m▀[m[38;2;111;199;35;48;2;102;186;36m▀[m[38;2;86;163;36m▀[m [38;2;224;231;222;48;2;97;122;80m▀[m [38;2;163;169;164m▀[m[38;2;224;231;222m▀[m  [38;2;68;131;36m▀[m[38;2;163;169;164;48;2;97;122;80m▀[m[38;2;68;131;36m▀[m[38;2;102;186;36;48;2;68;131;36m▀[m[38;2;110;199;31;48;2;110;199;31m▀[m[38;2;111;199;35;48;2;111;199;35m▀[m[38;2;111;199;35;48;2;111;199;35m▀[m[38;2;111;199;35;48;2;111;199;35m▀[m[38;2;102;186;36;48;2;73;149;40m▀[m[38;2;73;149;40;48;2;73;149;40m▀[m[38;2;59;116;40;48;2;59;116;40m▀[m[38;2;59;116;40;48;2;59;116;40m▀[m[38;2;146;150;149m▄[m[38;2;163;169;164;48;2;163;169;164m▀[m[38;2;163;169;164;48;2;89;98;93m▀[m[38;2;68;131;36;48;2;112;118;117m▀[m       [38;2;95;136;28;48;2;122;152;26m▀[m[38;2;136;184;40;48;2;113;160;36m▀[m[38;2;113;160;36;48;2;122;152;26m▀[m[38;2;85;116;34;48;2;77;98;43m▀[m[38;2;85;116;34m▀[m[38;2;85;116;34;48;2;142;140;134m▀[m[38;2;122;152;26;48;2;113;149;60m▀[m[38;2;113;160;36m▀[m[38;2;136;184;40m▀[m[38;2;136;184;40;48;2;77;98;43m▀[m[38;2;136;184;40;48;2;134;132;134m▀[m[38;2;63;87;35;48;2;60;73;48m▀[m[38;2;95;136;28;48;2;77;98;43m▀[m[38;2;95;136;28;48;2;60;73;48m▀[m[38;2;60;73;48;48;2;63;87;35m▀[m[38;2;154;153;150;48;2;154;153;150m▀[m[38;2;102;104;97;48;2;134;132;134m▀[m[38;2;154;153;150;48;2;117;116;115m▀[m[38;2;117;116;115;48;2;63;87;35m▀[m[38;2;63;87;35;48;2;85;116;34m▀[m[38;2;117;116;115;48;2;102;104;97m▀[m[38;2;216;212;190;48;2;154;153;150m▀[m[38;2;154;153;150;48;2;60;73;48m▀[m[38;2;154;153;150;48;2;60;73;48m▀[m[38;2;77;98;43;48;2;77;98;43m▀[m        [38;2;74;106;65;48;2;74;106;65m▀[m[38;2;136;183;41;48;2;106;149;40m▀[m[38;2;79;112;37;48;2;106;149;40m▀[m[38;2;74;106;65;48;2;98;141;34m▀[m           [38;2;74;106;65;48;2;74;106;65m▀[m[38;2;106;149;40;48;2;106;149;40m▀[m[38;2;106;149;40;48;2;122;152;67m▀[m[38;2;79;112;37;48;2;79;112;37m▀[m[38;2;154;153;149;48;2;107;110;104m▀[m[38;2;143;143;139;48;2;107;110;104m▀[m[38;2;74;106;65;48;2;107;110;104m▀[m[38;2;107;110;104;48;2;107;110;104m▀[m
[38;2;97;122;80m▄[m[38;2;68;131;36;48;2;112;118;117m▀[m[38;2;146;150;149;48;2;89;98;93m▀[m[38;2;97;122;80;48;2;131;134;138m▀[m[38;2;59;116;40m▄[m[38;2;88;169;38;48;2;111;199;35m▀[m[38;2;102;186;36;48;2;111;199;35m▀[m [38;2;131;134;138;48;2;163;169;164m▀[m[38;2;224;231;222;48;2;224;231;222m▀[m   [38;2;224;231;222;48;2;224;231;222m▀[m[38;2;163;169;164;48;2;163;169;164m▀[m  [38;2;97;122;80;48;2;163;169;164m▀[m [38;2;96;173;31m▀[m[38;2;110;199;31;48;2;110;199;31m▀[m[38;2;111;199;35;48;2;111;199;35m▀[m[38;2;102;186;36;48;2;111;199;35m▀[m[38;2;73;149;40;48;2;88;169;38m▀[m[38;2;59;116;40;48;2;59;116;40m▀[m[38;2;89;98;93;48;2;163;169;164m▀[m[38;2;112;118;117;48;2;163;169;164m▀[m[38;2;112;118;117;48;2;163;169;164m▀[m[38;2;163;169;164;48;2;89;98;93m▀[m[38;2;112;118;117;48;2;89;98;93m▀[m[38;2;112;118;117m▀[m      [38;2;77;98;43;48;2;77;98;43m▀[m[38;2;136;184;40;48;2;85;116;34m▀[m[38;2;77;98;43m▀[m   [38;2;142;140;134m▀[m[38;2;216;212;190m▀[m  [38;2;77;98;43m▀[m[38;2;216;212;190m▀[m[38;2;60;73;48m▀[m   [38;2;63;87;35;48;2;77;98;43m▀[m[38;2;63;87;35;48;2;106;150;39m▀[m[38;2;63;87;35;48;2;106;150;39m▀[m[38;2;85;116;34;48;2;113;160;36m▀[m[38;2;85;116;34;48;2;113;160;36m▀[m[38;2;102;104;97;48;2;102;104;97m▀[m[38;2;102;104;97;48;2;117;116;115m▀[m[38;2;60;73;48;48;2;117;116;115m▀[m[38;2;102;104;97;48;2;117;116;115m▀[m[38;2;60;73;48;48;2;60;73;48m▀[m         [38;2;74;106;65;48;2;104;126;65m▀[m[38;2;107;110;104;48;2;136;183;41m▀[m[38;2;122;170;38;48;2;136;183;41m▀[m[38;2;136;183;41;48;2;136;183;41m▀[m[38;2;136;183;41;48;2;136;183;41m▀[m[38;2;136;183;41;48;2;136;183;41m▀[m[38;2;136;183;41;48;2;136;183;41m▀[m[38;2;136;183;41;48;2;136;183;41m▀[m[38;2;122;170;38;48;2;122;170;38m▀[m[38;2;136;183;41;48;2;136;183;41m▀[m[38;2;122;170;38;48;2;122;170;38m▀[m[38;2;122;170;38;48;2;122;170;38m▀[m[38;2;122;170;38;48;2;122;170;38m▀[m[38;2;122;170;38;48;2;136;183;41m▀[m[38;2;136;183;41;48;2;106;149;40m▀[m[38;2;136;183;41;48;2;106;149;40m▀[m[38;2;98;141;34;48;2;106;149;40m▀[m[38;2;106;149;40;48;2;106;149;40m▀[m[38;2;79;112;37;48;2;79;112;37m▀[m[38;2;56;83;28;48;2;79;112;37m▀[m[38;2;56;83;28;48;2;56;83;28m▀[m[38;2;56;83;28;48;2;107;110;104m▀[m[38;2;104;126;65;48;2;122;170;38m▀[m
[38;2;68;131;36m▀[m[38;2;163;169;164;48;2;89;98;93m▀[m[38;2;131;134;138;48;2;112;118;117m▀[m[38;2;112;118;117;48;2;89;98;93m▀[m[38;2;59;116;40;48;2;59;116;40m▀[m[38;2;111;199;35;48;2;111;199;35m▀[m[38;2;111;199;35;48;2;153;223;36m▀[m[38;2;111;199;35;48;2;153;223;36m▀[m[38;2;111;199;35;48;2;153;223;36m▀[m[38;2;111;199;35;48;2;111;199;35m▀[m[38;2;102;186;36;48;2;111;199;35m▀[m[38;2;102;186;36;48;2;111;199;35m▀[m[38;2;102;186;36;48;2;111;199;35m▀[m[38;2;111;199;35;48;2;111;199;35m▀[m[38;2;111;199;35;48;2;111;199;35m▀[m[38;2;102;186;36;48;2;111;199;35m▀[m[38;2;88;169;38;48;2;111;199;35m▀[m[38;2;102;186;36;48;2;111;199;35m▀[m[38;2;102;186;36;48;2;111;199;35m▀[m[38;2;88;169;38;48;2;111;199;35m▀[m[38;2;110;199;31;48;2;111;199;35m▀[m[38;2;110;199;31;48;2;111;199;35m▀[m[38;2;111;199;35;48;2;111;199;35m▀[m[38;2;111;199;35;48;2;111;199;35m▀[m[38;2;89;98;93;48;2;59;116;40m▀[m[38;2;163;169;164;48;2;112;118;117m▀[m[38;2;112;118;117;48;2;112;118;117m▀[m[38;2;89;98;93;48;2;89;98;93m▀[m[38;2;89;98;93;48;2;59;116;40m▀[m[38;2;97;122;80;48;2;97;122;80m▀[m       [38;2;60;73;48;48;2;106;150;39m▀[m[38;2;113;149;60;48;2;85;116;34m▀[m              [38;2;77;98;43m▄[m[38;2;150;208;26;48;2;144;196;38m▀[m[38;2;136;184;40;48;2;113;160;36m▀[m[38;2;113;160;36;48;2;106;150;39m▀[m[38;2;113;160;36;48;2;154;153;150m▀[m[38;2;85;116;34;48;2;154;153;150m▀[m[38;2;63;87;35;48;2;117;116;115m▀[m[38;2;63;87;35;48;2;85;116;34m▀[m[38;2;63;87;35;48;2;106;150;39m▀[m[38;2;106;150;39;48;2;113;160;36m▀[m[38;2;77;98;43;48;2;60;73;48m▀[m       [38;2;74;106;65m▄[m[38;2;147;197;35;48;2;136;183;41m▀[m[38;2;147;197;35;48;2;136;183;41m▀[m[38;2;136;183;41;48;2;136;183;41m▀[m[38;2;122;170;38;48;2;106;149;40m▀[m[38;2;122;152;67;48;2;79;112;37m▀[m[38;2;122;152;67;48;2;79;112;37m▀[m[38;2;136;183;41;48;2;122;152;67m▀[m[38;2;136;183;41;48;2;106;149;40m▀[m[38;2;106;149;40;48;2;176;178;104m▀[m[38;2;122;152;67;48;2;154;153;149m▀[m[38;2;106;149;40;48;2;107;110;104m▀[m[38;2;122;170;38;48;2;98;141;34m▀[m[38;2;147;197;35;48;2;136;183;41m▀[m[38;2;147;197;35;48;2;136;183;41m▀[m[38;2;136;183;41;48;2;136;183;41m▀[m[38;2;136;183;41;48;2;136;183;41m▀[m[38;2;136;183;41;48;2;106;149;40m▀[m[38;2;122;170;38;48;2;106;149;40m▀[m[38;2;79;112;37;48;2;56;83;28m▀[m[38;2;79;112;37;48;2;79;112;37m▀[m[38;2;79;112;37;48;2;107;110;104m▀[m[38;2;56;83;28;48;2;79;112;37m▀[m[38;2;98;141;34;48;2;74;106;65m▀[m
  [38;2;68;131;36;48;2;86;163;36m▀[m[38;2;59;116;40;48;2;111;199;35m▀[m[38;2;88;169;38;48;2;88;169;38m▀[m[38;2;111;199;35;48;2;111;199;35m▀[m[38;2;153;223;36;48;2;153;223;36m▀[m[38;2;206;209;44;48;2;153;223;36m▀[m[38;2;153;223;36;48;2;111;199;35m▀[m[38;2;111;199;35;48;2;111;199;35m▀[m[38;2;111;199;35;48;2;111;199;35m▀[m[38;2;111;199;35;48;2;111;199;35m▀[m[38;2;111;199;35;48;2;111;199;35m▀[m[38;2;111;199;35;48;2;111;199;35m▀[m[38;2;111;199;35;48;2;111;199;35m▀[m[38;2;86;163;36;48;2;101;133;44m▀[m[38;2;123;136;122;48;2;163;169;164m▀[m[38;2;89;98;93;48;2;163;169;164m▀[m[38;2;101;133;44;48;2;101;133;44m▀[m[38;2;102;186;36;48;2;88;169;38m▀[m[38;2;111;199;35;48;2;111;199;35m▀[m[38;2;111;199;35;48;2;111;199;35m▀[m[38;2;111;199;35;48;2;111;199;35m▀[m[38;2;111;199;35;48;2;111;199;35m▀[m[38;2;102;186;36;48;2;111;199;35m▀[m[38;2;59;116;40;48;2;111;199;35m▀[m[38;2;68;131;36;48;2;102;186;36m▀[m[38;2;59;116;40;48;2;73;149;40m▀[m[38;2;59;116;40;48;2;73;149;40m▀[m[38;2;68;131;36;48;2;73;149;40m▀[m[38;2;97;122;80m▄[m    [38;2;102;104;97;48;2;60;73;48m▀[m[38;2;216;212;190;48;2;102;104;97m▀[m[38;2;154;153;150;48;2;117;116;115m▀[m[38;2;102;104;97;48;2;102;104;97m▀[m[38;2;60;73;48;48;2;144;196;38m▀[m[38;2;113;149;60m▄[m[38;2;95;136;28m▄[m[38;2;95;136;28m▄[m[38;2;95;136;28m▄[m[38;2;103;150;24m▄[m[38;2;60;73;48m▄[m[38;2;103;150;24m▄[m[38;2;103;150;24m▄[m[38;2;103;150;24m▄[m[38;2;95;136;28m▄[m[38;2;95;136;28m▄[m[38;2;95;136;28m▄[m[38;2;113;160;36m▄[m[38;2;113;160;36;48;2;150;208;26m▀[m[38;2;136;184;40;48;2;136;184;40m▀[m[38;2;106;150;39;48;2;85;116;34m▀[m[38;2;216;212;190;48;2;154;153;150m▀[m[38;2;154;153;150;48;2;102;104;97m▀[m[38;2;102;104;97;48;2;77;98;43m▀[m[38;2;154;153;150;48;2;102;104;97m▀[m[38;2;63;87;35;48;2;63;87;35m▀[m[38;2;63;87;35;48;2;85;116;34m▀[m[38;2;117;116;115;48;2;102;104;97m▀[m[38;2;102;104;97;48;2;63;87;35m▀[m       [38;2;104;126;65;48;2;104;126;65m▀[m[38;2;136;183;41;48;2;136;183;41m▀[m[38;2;136;183;41;48;2;154;153;149m▀[m[38;2;122;170;38;48;2;143;143;139m▀[m[38;2;106;149;40;48;2;154;153;149m▀[m[38;2;79;112;37;48;2;107;110;104m▀[m[38;2;56;83;28;48;2;98;141;34m▀[m[38;2;79;112;37;48;2;56;83;28m▀[m[38;2;79;112;37;48;2;107;110;104m▀[m[38;2;107;110;104;48;2;74;106;65m▀[m[38;2;107;110;104;48;2;107;110;104m▀[m[38;2;107;110;104;48;2;79;112;37m▀[m[38;2;122;170;38;48;2;136;183;41m▀[m[38;2;136;183;41;48;2;136;183;41m▀[m[38;2;136;183;41;48;2;236;227;177m▀[m[38;2;136;183;41;48;2;74;106;65m▀[m[38;2;122;170;38;48;2;143;143;139m▀[m[38;2;106;149;40;48;2;154;153;149m▀[m[38;2;106;149;40;48;2;106;149;40m▀[m[38;2;79;112;37;48;2;79;112;37m▀[m[38;2;154;153;149;48;2;107;110;104m▀[m[38;2;74;106;65;48;2;74;106;65m▀[m[38;2;107;110;104;48;2;107;110;104m▀[m[38;2;56;83;28;48;2;79;112;37m▀[m[38;2;104;126;65m▄[m
[38;2;68;131;36m▄[m[38;2;68;131;36;48;2;111;199;35m▀[m[38;2;153;223;36;48;2;111;199;35m▀[m[38;2;153;223;36;48;2;111;199;35m▀[m[38;2;88;169;38;48;2;73;149;40m▀[m[38;2;111;199;35;48;2;88;169;38m▀[m[38;2;111;199;35;48;2;102;186;36m▀[m[38;2;111;199;35;48;2;111;199;35m▀[m[38;2;111;199;35;48;2;111;199;35m▀[m[38;2;111;199;35;48;2;111;199;35m▀[m[38;2;111;199;35;48;2;111;199;35m▀[m[38;2;111;199;35;48;2;111;199;35m▀[m[38;2;111;199;35;48;2;111;199;35m▀[m[38;2;111;199;35;48;2;111;199;35m▀[m[38;2;111;199;35;48;2;111;199;35m▀[m[38;2;86;163;36;48;2;111;199;35m▀[m[38;2;123;136;122;48;2;86;163;36m▀[m[38;2;123;136;122;48;2;68;131;36m▀[m[38;2;68;131;36;48;2;163;169;164m▀[m[38;2;73;149;40;48;2;89;98;93m▀[m[38;2;111;199;35;48;2;73;149;40m▀[m[38;2;111;199;35;48;2;111;199;35m▀[m[38;2;111;199;35;48;2;111;199;35m▀[m[38;2;111;199;35;48;2;111;199;35m▀[m[38;2;111;199;35;48;2;102;186;36m▀[m[38;2;111;199;35;48;2;88;169;38m▀[m[38;2;59;116;40;48;2;101;133;44m▀[m[38;2;163;169;164;48;2;163;169;164m▀[m[38;2;112;118;117;48;2;112;118;117m▀[m[38;2;68;131;36;48;2;68;131;36m▀[m[38;2;73;149;40;48;2;73;149;40m▀[m    [38;2;77;98;43;48;2;60;73;48m▀[m[38;2;63;87;35;48;2;63;87;35m▀[m[38;2;134;132;134;48;2;63;87;35m▀[m[38;2;102;104;97;48;2;85;116;34m▀[m[38;2;136;184;40;48;2;144;196;38m▀[m[38;2;144;196;38;48;2;150;208;26m▀[m[38;2;150;208;26;48;2;150;208;26m▀[m[38;2;144;196;38;48;2;144;196;38m▀[m[38;2;144;196;38;48;2;144;196;38m▀[m[38;2;136;184;40;48;2;144;196;38m▀[m[38;2;144;196;38;48;2;144;196;38m▀[m[38;2;136;184;40;48;2;136;184;40m▀[m[38;2;136;184;40;48;2;113;160;36m▀[m[38;2;136;184;40;48;2;113;149;60m▀[m[38;2;144;196;38;48;2;102;104;97m▀[m[38;2;150;208;26;48;2;102;104;97m▀[m[38;2;144;196;38;48;2;85;116;34m▀[m[38;2;144;196;38;48;2;136;184;40m▀[m[38;2;144;196;38;48;2;144;196;38m▀[m[38;2;136;184;40;48;2;144;196;38m▀[m[38;2;106;150;39;48;2;113;160;36m▀[m[38;2;117;116;115;48;2;63;87;35m▀[m[38;2;154;153;150;48;2;102;104;97m▀[m[38;2;142;140;134;48;2;117;116;115m▀[m[38;2;117;116;115;48;2;63;87;35m▀[m[38;2;63;87;35;48;2;85;116;34m▀[m[38;2;85;116;34;48;2;85;116;34m▀[m[38;2;113;160;36;48;2;106;150;39m▀[m[38;2;113;160;36;48;2;113;160;36m▀[m[38;2;60;73;48;48;2;63;87;35m▀[m      [38;2;106;149;40;48;2;147;197;35m▀[m[38;2;136;183;41;48;2;136;183;41m▀[m[38;2;154;153;149;48;2;107;110;104m▀[m[38;2;74;106;65;48;2;107;110;104m▀[m[38;2;107;110;104;48;2;154;153;149m▀[m[38;2;56;83;28;48;2;107;110;104m▀[m[38;2;98;141;34;48;2;106;149;40m▀[m[38;2;79;112;37;48;2;106;149;40m▀[m[38;2;56;83;28;48;2;79;112;37m▀[m[38;2;107;110;104;48;2;56;83;28m▀[m[38;2;107;110;104;48;2;56;83;28m▀[m[38;2;79;112;37;48;2;136;183;41m▀[m[38;2;136;183;41;48;2;136;183;41m▀[m[38;2;136;183;41;48;2;136;183;41m▀[m[38;2;176;178;104;48;2;154;153;149m▀[m[38;2;74;106;65;48;2;143;143;139m▀[m[38;2;74;106;65;48;2;107;110;104m▀[m[38;2;107;110;104;48;2;107;110;104m▀[m[38;2;98;141;34;48;2;98;141;34m▀[m[38;2;79;112;37;48;2;98;141;34m▀[m[38;2;107;110;104;48;2;56;83;28m▀[m[38;2;107;110;104;48;2;79;112;37m▀[m[38;2;107;110;104;48;2;79;112;37m▀[m[38;2;79;112;37;48;2;79;112;37m▀[m[38;2;74;106;65;48;2;56;83;28m▀[m
[38;2;97;122;80m▄[m[38;2;68;131;36;48;2;96;173;31m▀[m[38;2;88;169;38;48;2;111;199;35m▀[m[38;2;88;169;38;48;2;102;186;36m▀[m[38;2;88;169;38;48;2;73;149;40m▀[m[38;2;73;149;40;48;2;73;149;40m▀[m[38;2;73;149;40;48;2;59;116;40m▀[m[38;2;88;169;38;48;2;73;149;40m▀[m[38;2;88;169;38;48;2;73;149;40m▀[m[38;2;111;199;35;48;2;73;149;40m▀[m[38;2;111;199;35;48;2;73;149;40m▀[m[38;2;111;199;35;48;2;73;149;40m▀[m[38;2;111;199;35;48;2;73;149;40m▀[m[38;2;111;199;35;48;2;73;149;40m▀[m[38;2;111;199;35;48;2;73;149;40m▀[m[38;2;102;186;36;48;2;73;149;40m▀[m[38;2;88;169;38;48;2;73;149;40m▀[m[38;2;101;133;44;48;2;59;116;40m▀[m[38;2;163;169;164;48;2;112;118;117m▀[m[38;2;163;169;164;48;2;89;98;93m▀[m[38;2;59;116;40;48;2;59;116;40m▀[m[38;2;111;199;35;48;2;73;149;40m▀[m[38;2;111;199;35;48;2;73;149;40m▀[m[38;2;88;169;38;48;2;73;149;40m▀[m[38;2;73;149;40;48;2;73;149;40m▀[m[38;2;73;149;40;48;2;73;149;40m▀[m[38;2;59;116;40;48;2;73;149;40m▀[m[38;2;68;131;36;48;2;73;149;40m▀[m[38;2;59;116;40;48;2;88;169;38m▀[m[38;2;59;116;40;48;2;88;169;38m▀[m[38;2;97;122;80;48;2;111;199;35m▀[m[38;2;68;131;36m▄[m  [38;2;60;73;48;48;2;60;73;48m▀[m[38;2;216;212;190;48;2;102;104;97m▀[m[38;2;154;153;150;48;2;154;153;150m▀[m[38;2;117;116;115;48;2;117;116;115m▀[m[38;2;63;87;35;48;2;63;87;35m▀[m[38;2;113;160;36;48;2;113;160;36m▀[m[38;2;144;196;38;48;2;144;196;38m▀[m[38;2;144;196;38;48;2;113;160;36m▀[m[38;2;144;196;38;48;2;106;150;39m▀[m[38;2;136;184;40;48;2;106;150;39m▀[m[38;2;144;196;38;48;2;136;184;40m▀[m[38;2;144;196;38;48;2;144;196;38m▀[m[38;2;136;184;40;48;2;113;160;36m▀[m[38;2;106;150;39;48;2;106;150;39m▀[m[38;2;216;212;190;48;2;117;116;115m▀[m[38;2;216;212;190;48;2;154;153;150m▀[m[38;2;154;153;150;48;2;117;116;115m▀[m[38;2;102;104;97;48;2;63;87;35m▀[m[38;2;113;160;36;48;2;106;150;39m▀[m[38;2;136;184;40;48;2;136;184;40m▀[m[38;2;144;196;38;48;2;136;184;40m▀[m[38;2;136;184;40;48;2;136;184;40m▀[m[38;2;106;150;39;48;2;144;196;38m▀[m[38;2;85;116;34;48;2;106;150;39m▀[m[38;2;85;116;34;48;2;106;150;39m▀[m[38;2;106;150;39;48;2;136;184;40m▀[m[38;2;113;160;36;48;2;136;184;40m▀[m[38;2;85;116;34;48;2;106;150;39m▀[m[38;2;85;116;34;48;2;63;87;35m▀[m[38;2;113;160;36;48;2;63;87;35m▀[m[38;2;106;150;39;48;2;85;116;34m▀[m[38;2;60;73;48;48;2;77;98;43m▀[m    [38;2;117;158;42;48;2;74;106;65m▀[m[38;2;136;183;41;48;2;79;112;37m▀[m[38;2;147;197;35;48;2;136;183;41m▀[m[38;2;122;170;38;48;2;136;183;41m▀[m[38;2;79;112;37;48;2;79;112;37m▀[m[38;2;56;83;28;48;2;104;126;65m▀[m[38;2;98;141;34;48;2;122;170;38m▀[m[38;2;136;183;41;48;2;122;170;38m▀[m[38;2;106;149;40;48;2;79;112;37m▀[m[38;2;98;141;34;48;2;74;106;65m▀[m[38;2;56;83;28;48;2;98;141;34m▀[m[38;2;136;183;41;48;2;136;183;41m▀[m[38;2;147;197;35;48;2;122;170;38m▀[m[38;2;136;183;41;48;2;147;197;35m▀[m[38;2;122;170;38;48;2;136;183;41m▀[m[38;2;79;112;37;48;2;106;149;40m▀[m[38;2;56;83;28;48;2;136;183;41m▀[m[38;2;79;112;37;48;2;122;170;38m▀[m[38;2;56;83;28;48;2;122;170;38m▀[m[38;2;98;141;34;48;2;106;149;40m▀[m[38;2;106;149;40;48;2;147;197;35m▀[m[38;2;56;83;28;48;2;106;149;40m▀[m[38;2;79;112;37;48;2;56;83;28m▀[m[38;2;106;149;40;48;2;106;149;40m▀[m[38;2;98;141;34;48;2;106;149;40m▀[m[38;2;98;141;34;48;2;79;112;37m▀[m[38;2;74;106;65;48;2;74;106;65m▀[m
[38;2;97;122;80m▀[m[38;2;68;131;36m▀[m[38;2;68;131;36m▀[m[38;2;68;131;36m▀[m[38;2;68;131;36m▀[m[38;2;68;131;36m▀[m[38;2;68;131;36m▀[m[38;2;97;122;80m▀[m[38;2;68;131;36m▀[m[38;2;59;116;40m▀[m[38;2;59;116;40m▀[m[38;2;59;116;40m▀[m[38;2;59;116;40m▀[m[38;2;59;116;40m▀[m[38;2;59;116;40m▀[m[38;2;68;131;36m▀[m[38;2;59;116;40m▀[m[38;2;59;116;40m▀[m[38;2;59;116;40;48;2;68;131;36m▀[m[38;2;86;163;36;48;2;68;131;36m▀[m[38;2;102;186;36;48;2;68;131;36m▀[m[38;2;102;186;36;48;2;68;131;36m▀[m[38;2;73;149;40;48;2;68;131;36m▀[m[38;2;59;116;40m▀[m[38;2;68;131;36m▀[m[38;2;68;131;36m▀[m[38;2;59;116;40m▀[m[38;2;73;149;40m▀[m[38;2;86;163;36m▀[m[38;2;86;163;36m▀[m[38;2;68;131;36m▀[m   [38;2;60;73;48m▀[m[38;2;102;104;97m▀[m[38;2;102;104;97m▀[m[38;2;102;104;97m▀[m[38;2;60;73;48m▀[m[38;2;63;87;35m▀[m[38;2;60;73;48m▀[m[38;2;60;73;48m▀[m[38;2;60;73;48m▀[m [38;2;122;152;26m▀[m[38;2;85;116;34m▀[m[38;2;60;73;48m▀[m[38;2;63;87;35m▀[m[38;2;154;153;150;48;2;60;73;48m▀[m[38;2;154;153;150;48;2;60;73;48m▀[m[38;2;117;116;115;48;2;60;73;48m▀[m[38;2;102;104;97;48;2;77;98;43m▀[m[38;2;85;116;34m▀[m[38;2;95;136;28m▀[m[38;2;60;73;48m▀[m[38;2;60;73;48m▀[m[38;2;60;73;48m▀[m[38;2;60;73;48m▀[m[38;2;77;98;43m▀[m[38;2;106;150;39m▀[m[38;2;122;152;26m▀[m[38;2;60;73;48m▀[m           [38;2;104;126;65m▀[m      [38;2;74;106;65m▀[m[38;2;79;112;37m▀[m[38;2;104;126;65m▀[m[38;2;147;197;35;48;2;74;106;65m▀[m[38;2;122;170;38;48;2;74;106;65m▀[m[38;2;79;112;37;48;2;104;126;65m▀[m[38;2;98;141;34m▀[m[38;2;136;183;41m▀[m[38;2;106;149;40m▀[m[38;2;74;106;65m▀[m[38;2;106;149;40m▀[m[38;2;106;149;40m▀[m[38;2;104;126;65m▀[m

[1mbloatware[m                         [1mbloatmass[m                         [1mheapocalypse[m
                                                                              [38;2;104;29;70m▄[m[38;2;234;24;133m▄[m[38;2;146;18;77;48;2;225;29;117m▀[m[38;2;146;18;77;48;2;234;24;133m▀[m[38;2;197;11;108m▄[m    [38;2;184;57;88m▄[m[38;2;104;29;70;48;2;212;19;121m▀[m[38;2;177;12;98;48;2;234;24;133m▀[m[38;2;104;29;70;48;2;212;19;121m▀[m
                                                                            [38;2;104;29;70m▄[m[38;2;146;18;77;48;2;234;24;133m▀[m[38;2;234;24;133;48;2;169;25;103m▀[m[38;2;197;11;108m▀[m[38;2;104;29;70;48;2;104;29;70m▀[m[38;2;104;29;70m▄[m[38;2;104;29;70m▄[m  [38;2;169;25;103m▄[m[38;2;169;25;103;48;2;212;19;121m▀[m[38;2;234;24;133;48;2;60;35;52m▀[m[38;2;197;11;108m▀[m     [38;2;110;44;86m▄[m
                                                                            [38;2;104;29;70;48;2;52;33;49m▀[m[38;2;169;25;103;48;2;79;48;75m▀[m[38;2;79;48;75;48;2;110;44;86m▀[m[38;2;79;48;75;48;2;169;25;103m▀[m[38;2;169;25;103;48;2;169;25;103m▀[m[38;2;234;24;133;48;2;110;44;86m▀[m[38;2;169;25;103;48;2;79;48;75m▀[m[38;2;52;33;49;48;2;53;39;54m▀[m[38;2;84;24;57;48;2;53;39;54m▀[m[38;2;53;39;54;48;2;52;33;49m▀[m[38;2;60;35;52;48;2;60;35;52m▀[m[38;2;104;29;70m▄[m[38;2;104;29;70m▄[m[38;2;52;33;49m▄[m[38;2;132;57;95m▄[m[38;2;169;25;103m▄[m[38;2;212;19;121m▄[m[38;2;169;25;103;48;2;60;35;52m▀[m[38;2;60;35;52m▀[m
                                                                        [38;2;197;11;108m▄[m[38;2;197;11;108;48;2;169;25;103m▀[m[38;2;52;33;49;48;2;91;74;86m▀[m[38;2;52;33;49;48;2;91;74;86m▀[m[38;2;79;48;75;48;2;91;74;86m▀[m[38;2;53;39;54;48;2;169;25;103m▀[m[38;2;110;44;86;48;2;212;19;121m▀[m[38;2;169;25;103;48;2;169;25;103m▀[m[38;2;110;44;86;48;2;84;24;57m▀[m[38;2;53;39;54;48;2;53;39;54m▀[m[38;2;53;39;54;48;2;53;39;54m▀[m[38;2;53;39;54;48;2;79;48;75m▀[m[38;2;53;39;54;48;2;79;48;75m▀[m[38;2;53;39;54;48;2;60;35;52m▀[m[38;2;84;24;57;48;2;79;48;75m▀[m[38;2;169;25;103;48;2;117;31;83m▀[m[38;2;110;44;86;48;2;110;44;86m▀[m[38;2;52;33;49;48;2;60;35;52m▀[m[38;2;60;35;52m▀[m[38;2;60;35;52m▀[m[38;2;104;29;70;48;2;104;29;70m▀[m  [38;2;104;29;70m▄[m[38;2;117;31;83m▄[m
                                                                       [38;2;146;18;77m▄[m[38;2;212;19;121;48;2;169;25;103m▀[m[38;2;91;74;86;48;2;169;25;103m▀[m[38;2;91;74;86;48;2;110;44;86m▀[m[38;2;91;74;86;48;2;91;74;86m▀[m[38;2;169;25;103;48;2;169;25;103m▀[m[38;2;212;19;121;48;2;79;48;75m▀[m[38;2;110;44;86;48;2;79;48;75m▀[m[38;2;79;48;75;48;2;53;39;54m▀[m[38;2;79;48;75;48;2;79;48;75m▀[m[38;2;52;33;49;48;2;53;39;54m▀[m[38;2;53;39;54;48;2;79;48;75m▀[m[38;2;79;48;75;48;2;79;48;75m▀[m[38;2;146;18;77;48;2;184;57;88m▀[m[38;2;184;57;88;48;2;225;29;117m▀[m[38;2;60;35;52;48;2;146;18;77m▀[m[38;2;52;33;49;48;2;52;33;49m▀[m[38;2;169;25;103;48;2;169;25;103m▀[m[38;2;169;25;103;48;2;212;19;121m▀[m[38;2;53;39;54;48;2;110;44;86m▀[m[38;2;169;25;103m▀[m[38;2;212;19;121m▀[m[38;2;197;11;108;48;2;60;35;52m▀[m[38;2;197;11;108;48;2;197;11;108m▀[m[38;2;169;25;103;48;2;104;29;70m▀[m[38;2;104;29;70m▀[m
           [38;2;105;66;95m▄[m[38;2;68;47;76;48;2;241;75;171m▀[m[38;2;68;47;76;48;2;247;56;164m▀[m[38;2;68;47;76;48;2;247;56;164m▀[m[38;2;105;66;95;48;2;177;56;137m▀[m[38;2;105;66;95m▄[m[38;2;105;66;95m▄[m[38;2;68;47;76m▄[m[38;2;68;47;76m▄[m[38;2;68;47;76m▄[m                           [38;2;155;17;82m▄[m[38;2;132;26;80;48;2;168;30;101m▀[m[38;2;155;17;82;48;2;168;30;101m▀[m[38;2;55;37;53;48;2;76;50;75m▀[m[38;2;55;37;53;48;2;76;50;75m▀[m[38;2;49;29;45m▄[m[38;2;96;30;59m▄[m[38;2;132;26;80m▄[m[38;2;49;29;45m▄[m[38;2;55;37;53;48;2;76;50;75m▀[m            [38;2;60;35;52m▄[m[38;2;91;74;86;48;2;79;48;75m▀[m[38;2;110;44;86;48;2;53;39;54m▀[m[38;2;110;44;86;48;2;79;48;75m▀[m[38;2;110;44;86;48;2;52;33;49m▀[m[38;2;84;24;57;48;2;225;29;117m▀[m[38;2;84;24;57;48;2;225;29;117m▀[m[38;2;53;39;54;48;2;60;35;52m▀[m[38;2;79;48;75;48;2;53;39;54m▀[m[38;2;79;48;75;48;2;53;39;54m▀[m[38;2;79;48;75;48;2;53;39;54m▀[m[38;2;53;39;54;48;2;53;39;54m▀[m[38;2;84;24;57;48;2;169;25;103m▀[m[38;2;79;48;75;48;2;79;48;75m▀[m[38;2;84;24;57;48;2;79;48;75m▀[m[38;2;146;18;77;48;2;52;33;49m▀[m[38;2;60;35;52;48;2;53;39;54m▀[m[38;2;52;33;49;48;2;52;33;49m▀[m[38;2;53;39;54;48;2;53;39;54m▀[m[38;2;110;44;86;48;2;79;48;75m▀[m[38;2;169;25;103;48;2;84;24;57m▀[m[38;2;60;35;52;48;2;169;25;103m▀[m[38;2;60;35;52;48;2;52;33;49m▀[m[38;2;212;19;121m▄[m[38;2;169;25;103m▄[m
     [38;2;190;48;131m▄[m[38;2;105;66;95;48;2;177;56;137m▀[m[38;2;190;48;131;48;2;241;75;171m▀[m[38;2;105;66;95;48;2;68;47;76m▀[m[38;2;177;56;137m▄[m[38;2;57;43;65;48;2;177;56;137m▀[m[38;2;107;51;102;48;2;142;52;116m▀[m[38;2;177;56;137;48;2;142;52;116m▀[m[38;2;177;56;137;48;2;107;51;102m▀[m[38;2;177;56;137;48;2;107;51;102m▀[m[38;2;217;53;150;48;2;107;51;102m▀[m[38;2;142;52;116;48;2;217;53;150m▀[m[38;2;77;49;88;48;2;142;52;116m▀[m[38;2;142;52;116;48;2;57;43;65m▀[m[38;2;247;56;164;48;2;107;51;102m▀[m[38;2;247;56;164;48;2;217;53;150m▀[m[38;2;169;66;124;48;2;142;52;116m▀[m[38;2;68;47;76;48;2;107;51;102m▀[m[38;2;68;47;76m▄[m   [38;2;68;47;76;48;2;105;66;95m▀[m[38;2;143;144;150;48;2;143;144;150m▀[m[38;2;117;81;107;48;2;105;66;95m▀[m              [38;2;168;30;101m▄[m[38;2;155;17;82;48;2;168;30;101m▀[m[38;2;55;37;53;48;2;168;30;101m▀[m[38;2;75;57;72;48;2;91;72;86m▀[m[38;2;108;39;82;48;2;91;72;86m▀[m[38;2;76;50;75;48;2;108;39;82m▀[m[38;2;53;37;53;48;2;76;50;75m▀[m[38;2;53;37;53;48;2;45;28;43m▀[m[38;2;76;50;75;48;2;53;37;53m▀[m[38;2;76;50;75;48;2;168;30;101m▀[m[38;2;108;39;82;48;2;235;30;135m▀[m[38;2;168;30;101;48;2;168;30;101m▀[m[38;2;168;30;101;48;2;168;30;101m▀[m[38;2;132;26;80;48;2;76;50;75m▀[m[38;2;55;37;53m▄[m          [38;2;104;29;70;48;2;180;164;141m▀[m[38;2;91;74;86;48;2;220;211;174m▀[m[38;2;91;74;86;48;2;60;35;52m▀[m[38;2;91;74;86;48;2;220;211;174m▀[m[38;2;79;48;75;48;2;60;35;52m▀[m[38;2;53;39;54;48;2;91;74;86m▀[m[38;2;60;35;52;48;2;53;39;54m▀[m[38;2;60;35;52;48;2;53;39;54m▀[m[38;2;53;39;54;48;2;52;33;49m▀[m[38;2;79;48;75;48;2;223;71;138m▀[m[38;2;169;25;103;48;2;234;24;133m▀[m[38;2;84;24;57;48;2;169;25;103m▀[m[38;2;52;33;49;48;2;169;25;103m▀[m[38;2;169;25;103;48;2;79;48;75m▀[m[38;2;212;19;121;48;2;169;25;103m▀[m[38;2;53;39;54;48;2;110;44;86m▀[m[38;2;53;39;54;48;2;169;25;103m▀[m[38;2;169;25;103;48;2;84;24;57m▀[m[38;2;52;33;49;48;2;53;39;54m▀[m[38;2;53;39;54;48;2;53;39;54m▀[m[38;2;53;39;54;48;2;79;48;75m▀[m[38;2;79;48;75;48;2;79;48;75m▀[m[38;2;234;24;133;48;2;110;44;86m▀[m[38;2;60;35;52;48;2;197;11;108m▀[m[38;2;104;29;70m▀[m[38;2;197;11;108m▀[m[38;2;212;19;121;48;2;104;29;70m▀[m[38;2;197;11;108;48;2;104;29;70m▀[m
   [38;2;105;66;95m▄[m[38;2;143;144;150m▄[m[38;2;142;52;116;48;2;165;98;147m▀[m[38;2;142;52;116;48;2;165;98;147m▀[m[38;2;107;51;102;48;2;143;144;150m▀[m[38;2;57;43;65;48;2;143;144;150m▀[m[38;2;60;39;71;48;2;143;144;150m▀[m[38;2;57;43;65;48;2;143;144;150m▀[m[38;2;77;49;88;48;2;108;108;117m▀[m[38;2;177;56;137;48;2;60;39;71m▀[m[38;2;177;56;137;48;2;177;56;137m▀[m[38;2;107;51;102;48;2;247;56;164m▀[m[38;2;107;51;102;48;2;247;56;164m▀[m[38;2;177;56;137;48;2;247;56;164m▀[m[38;2;247;56;164;48;2;247;56;164m▀[m[38;2;177;56;137;48;2;247;56;164m▀[m[38;2;77;49;88;48;2;77;49;88m▀[m[38;2;107;51;102;48;2;60;39;71m▀[m[38;2;217;53;150;48;2;217;53;150m▀[m[38;2;77;49;88;48;2;77;49;88m▀[m[38;2;107;51;102;48;2;142;52;116m▀[m[38;2;169;66;124;48;2;241;75;171m▀[m[38;2;57;43;65m▄[m[38;2;117;81;107;48;2;143;144;150m▀[m[38;2;97;92;104;48;2;143;144;150m▀[m[38;2;57;43;65;48;2;126;128;134m▀[m[38;2;105;66;95m▄[m            [38;2;49;29;45m▄[m[38;2;168;30;101;48;2;53;37;53m▀[m[38;2;168;30;101;48;2;45;28;43m▀[m[38;2;108;39;82;48;2;76;50;75m▀[m[38;2;235;30;135;48;2;76;50;75m▀[m[38;2;168;30;101;48;2;53;37;53m▀[m[38;2;108;39;82;48;2;53;37;53m▀[m[38;2;108;39;82;48;2;76;50;75m▀[m[38;2;76;50;75;48;2;53;37;53m▀[m[38;2;76;50;75;48;2;53;37;53m▀[m[38;2;45;28;43;48;2;45;28;43m▀[m[38;2;209;15;117;48;2;45;28;43m▀[m[38;2;168;30;101;48;2;76;50;75m▀[m[38;2;76;50;75;48;2;76;50;75m▀[m[38;2;76;50;75;48;2;76;50;75m▀[m[38;2;45;28;43;48;2;49;29;45m▀[m[38;2;168;30;101;48;2;108;39;82m▀[m[38;2;55;37;53;48;2;76;50;75m▀[m         [38;2;180;164;141m▀[m[38;2;132;57;95m▀[m [38;2;132;57;95m▀[m [38;2;220;211;174;48;2;60;35;52m▀[m[38;2;60;35;52;48;2;84;24;57m▀[m[38;2;52;33;49;48;2;60;35;52m▀[m[38;2;169;25;103;48;2;212;19;121m▀[m[38;2;225;29;117;48;2;169;25;103m▀[m[38;2;234;24;133;48;2;225;29;117m▀[m[38;2;169;25;103;48;2;146;18;77m▀[m[38;2;84;24;57;48;2;53;39;54m▀[m[38;2;53;39;54;48;2;53;39;54m▀[m[38;2;53;39;54;48;2;53;39;54m▀[m[38;2;53;39;54;48;2;52;33;49m▀[m[38;2;52;33;49;48;2;52;33;49m▀[m[38;2;84;24;57;48;2;79;48;75m▀[m[38;2;110;44;86;48;2;169;25;103m▀[m[38;2;110;44;86;48;2;234;24;133m▀[m[38;2;79;48;75;48;2;212;19;121m▀[m[38;2;79;48;75;48;2;53;39;54m▀[m[38;2;53;39;54;48;2;53;39;54m▀[m[38;2;84;24;57;48;2;52;33;49m▀[m[38;2;104;29;70;48;2;84;24;57m▀[m[38;2;104;29;70;48;2;79;48;75m▀[m[38;2;60;35;52m▄[m
 [38;2;105;66;95m▄[m[38;2;68;47;76;48;2;143;144;150m▀[m[38;2;143;144;150;48;2;97;92;104m▀[m[38;2;143;144;150;48;2;117;81;107m▀[m[38;2;143;144;150;48;2;117;81;107m▀[m[38;2;143;144;150;48;2;97;92;104m▀[m[38;2;143;144;150;48;2;143;144;150m▀[m[38;2;143;144;150;48;2;143;144;150m▀[m[38;2;143;144;150;48;2;108;108;117m▀[m[38;2;108;108;117;48;2;97;92;104m▀[m[38;2;108;108;117;48;2;107;51;102m▀[m[38;2;97;92;104;48;2;97;92;104m▀[m[38;2;60;39;71;48;2;97;92;104m▀[m[38;2;142;52;116;48;2;107;51;102m▀[m[38;2;177;56;137;48;2;177;56;137m▀[m[38;2;77;49;88;48;2;77;49;88m▀[m[38;2;142;52;116;48;2;142;52;116m▀[m[38;2;217;53;150;48;2;247;56;164m▀[m[38;2;77;49;88;48;2;107;51;102m▀[m[38;2;57;43;65;48;2;57;43;65m▀[m[38;2;241;75;171;48;2;217;53;150m▀[m[38;2;177;56;137;48;2;217;53;150m▀[m[38;2;217;53;150;48;2;217;53;150m▀[m[38;2;247;56;164;48;2;217;53;150m▀[m[38;2;68;47;76;48;2;57;43;65m▀[m[38;2;143;144;150;48;2;97;92;104m▀[m[38;2;143;144;150;48;2;143;144;150m▀[m[38;2;143;144;150;48;2;108;108;117m▀[m[38;2;97;92;104;48;2;142;52;116m▀[m[38;2;68;47;76;48;2;108;108;117m▀[m       [38;2;132;26;80m▄[m[38;2;155;17;82;48;2;209;15;117m▀[m[38;2;168;30;101;48;2;76;50;75m▀[m[38;2;76;50;75;48;2;91;72;86m▀[m[38;2;53;37;53;48;2;91;72;86m▀[m[38;2;76;50;75;48;2;76;50;75m▀[m[38;2;76;50;75;48;2;209;15;117m▀[m[38;2;168;30;101;48;2;168;30;101m▀[m[38;2;168;30;101;48;2;76;50;75m▀[m[38;2;53;37;53;48;2;53;37;53m▀[m[38;2;53;37;53;48;2;53;37;53m▀[m[38;2;53;37;53;48;2;53;37;53m▀[m[38;2;45;28;43;48;2;168;30;101m▀[m[38;2;49;29;45;48;2;224;32;99m▀[m[38;2;53;37;53;48;2;96;30;59m▀[m[38;2;49;29;45;48;2;45;32;45m▀[m[38;2;76;50;75;48;2;53;37;53m▀[m[38;2;76;50;75;48;2;96;30;59m▀[m[38;2;76;50;75;48;2;195;21;76m▀[m[38;2;53;37;53;48;2;96;30;59m▀[m[38;2;45;28;43;48;2;45;28;43m▀[m[38;2;108;39;82;48;2;96;30;59m▀[m[38;2;55;37;53;48;2;49;29;45m▀[m         [38;2;104;29;70m▄[m  [38;2;60;35;52;48;2;84;24;57m▀[m[38;2;84;24;57;48;2;91;74;86m▀[m[38;2;84;24;57;48;2;79;48;75m▀[m[38;2;84;24;57;48;2;225;29;117m▀[m[38;2;234;24;133;48;2;212;19;121m▀[m[38;2;197;11;108;48;2;104;29;70m▀[m[38;2;104;29;70m▀[m  [38;2;104;29;70m▀[m[38;2;52;33;49;48;2;60;35;52m▀[m[38;2;53;39;54;48;2;53;39;54m▀[m[38;2;53;39;54;48;2;53;39;54m▀[m[38;2;79;48;75;48;2;53;39;54m▀[m[38;2;169;25;103;48;2;53;39;54m▀[m[38;2;225;29;117;48;2;60;35;52m▀[m[38;2;197;11;108;48;2;53;39;54m▀[m[38;2;60;35;52;48;2;79;48;75m▀[m[38;2;52;33;49;48;2;79;48;75m▀[m[38;2;53;39;54;48;2;53;39;54m▀[m[38;2;52;33;49;48;2;52;33;49m▀[m [38;2;60;35;52m▀[m
 [38;2;105;66;95;48;2;105;66;95m▀[m[38;2;126;128;134;48;2;108;108;117m▀[m[38;2;105;66;95;48;2;241;75;171m▀[m [38;2;105;66;95m▄[m[38;2;105;66;95;48;2;245;133;192m▀[m[38;2;97;92;104;48;2;117;81;107m▀[m[38;2;126;128;134;48;2;108;108;117m▀[m[38;2;97;92;104;48;2;97;92;104m▀[m[38;2;126;128;134;48;2;107;51;102m▀[m[38;2;241;75;171;48;2;217;53;150m▀[m[38;2;68;47;76;48;2;68;47;76m▀[m[38;2;108;108;117;48;2;108;108;117m▀[m[38;2;60;39;71;48;2;57;43;65m▀[m[38;2;77;49;88;48;2;77;49;88m▀[m[38;2;77;49;88;48;2;77;49;88m▀[m[38;2;142;52;116;48;2;142;52;116m▀[m[38;2;247;56;164;48;2;177;56;137m▀[m[38;2;247;56;164;48;2;177;56;137m▀[m[38;2;169;66;124;48;2;169;66;124m▀[m[38;2;77;49;88;48;2;77;49;88m▀[m[38;2;77;49;88;48;2;107;51;102m▀[m[38;2;107;51;102;48;2;217;53;150m▀[m[38;2;77;49;88;48;2;142;52;116m▀[m[38;2;77;49;88;48;2;107;51;102m▀[m[38;2;57;43;65;48;2;60;39;71m▀[m[38;2;108;108;117;48;2;57;43;65m▀[m[38;2;107;51;102;48;2;108;108;117m▀[m[38;2;142;52;116;48;2;97;92;104m▀[m[38;2;108;108;117;48;2;57;43;65m▀[m       [38;2;195;21;76;48;2;209;15;117m▀[m[38;2;168;30;101;48;2;209;15;117m▀[m[38;2;76;50;75;48;2;168;30;101m▀[m[38;2;76;50;75;48;2;168;30;101m▀[m[38;2;91;72;86;48;2;108;39;82m▀[m[38;2;209;15;117;48;2;209;15;117m▀[m[38;2;108;39;82;48;2;76;50;75m▀[m[38;2;76;50;75;48;2;53;37;53m▀[m[38;2;76;50;75;48;2;53;37;53m▀[m[38;2;76;50;75;48;2;76;50;75m▀[m[38;2;45;28;43;48;2;53;37;53m▀[m[38;2;45;28;43;48;2;45;28;43m▀[m[38;2;224;32;99;48;2;55;37;53m▀[m[38;2;224;32;99;48;2;155;17;82m▀[m[38;2;55;37;53;48;2;45;32;45m▀[m[38;2;45;32;45;48;2;45;32;45m▀[m[38;2;76;50;75;48;2;76;50;75m▀[m[38;2;195;21;76;48;2;55;37;53m▀[m[38;2;224;32;99;48;2;155;17;82m▀[m[38;2;96;30;59;48;2;49;29;45m▀[m[38;2;55;37;53;48;2;45;32;45m▀[m[38;2;224;32;99;48;2;195;21;76m▀[m[38;2;195;21;76;48;2;49;29;45m▀[m         [38;2;132;57;95;48;2;104;29;70m▀[m[38;2;60;35;52;48;2;180;164;141m▀[m[38;2;52;33;49;48;2;91;74;86m▀[m[38;2;84;24;57;48;2;180;164;141m▀[m[38;2;180;164;141;48;2;146;18;77m▀[m[38;2;180;164;141;48;2;110;44;86m▀[m[38;2;169;25;103;48;2;52;33;49m▀[m[38;2;197;11;108m▀[m     [38;2;60;35;52m▄[m[38;2;53;39;54;48;2;79;48;75m▀[m[38;2;60;35;52;48;2;53;39;54m▀[m[38;2;52;33;49;48;2;53;39;54m▀[m[38;2;60;35;52;48;2;212;19;121m▀[m[38;2;169;25;103;48;2;234;24;133m▀[m[38;2;110;44;86;48;2;169;25;103m▀[m[38;2;79;48;75;48;2;84;24;57m▀[m[38;2;197;11;108;48;2;225;29;117m▀[m[38;2;60;35;52;48;2;197;11;108m▀[m[38;2;53;39;54;48;2;84;24;57m▀[m[38;2;52;33;49;48;2;104;29;70m▀[m[38;2;60;35;52;48;2;104;29;70m▀[m
 [38;2;105;66;95;48;2;105;66;95m▀[m[38;2;97;92;104;48;2;143;144;150m▀[m[38;2;68;47;76;48;2;68;47;76m▀[m[38;2;105;66;95m▄[m[38;2;105;66;95m▄[m[38;2;190;48;131;48;2;68;47;76m▀[m[38;2;117;81;107;48;2;143;144;150m▀[m[38;2;126;128;134;48;2;108;108;117m▀[m[38;2;108;108;117;48;2;77;49;88m▀[m[38;2;57;43;65;48;2;97;92;104m▀[m[38;2;68;47;76;48;2;108;108;117m▀[m[38;2;97;92;104;48;2;108;108;117m▀[m[38;2;97;92;104;48;2;97;92;104m▀[m[38;2;57;43;65;48;2;57;43;65m▀[m[38;2;77;49;88;48;2;77;49;88m▀[m[38;2;77;49;88;48;2;107;51;102m▀[m[38;2;77;49;88;48;2;107;51;102m▀[m[38;2;77;49;88;48;2;142;52;116m▀[m[38;2;77;49;88;48;2;60;39;71m▀[m[38;2;60;39;71;48;2;77;49;88m▀[m[38;2;77;49;88;48;2;107;51;102m▀[m[38;2;142;52;116;48;2;107;51;102m▀[m[38;2;247;56;164;48;2;142;52;116m▀[m[38;2;247;56;164;48;2;217;53;150m▀[m[38;2;191;45;128;48;2;142;52;116m▀[m[38;2;77;49;88;48;2;107;51;102m▀[m [38;2;68;47;76m▀[m[38;2;105;66;95;48;2;105;66;95m▀[m       [38;2;75;57;72;48;2;168;30;101m▀[m[38;2;91;72;86;48;2;76;50;75m▀[m[38;2;91;72;86;48;2;76;50;75m▀[m[38;2;91;72;86;48;2;76;50;75m▀[m[38;2;75;57;72;48;2;224;32;99m▀[m[38;2;76;50;75;48;2;195;21;76m▀[m[38;2;168;30;101;48;2;45;32;45m▀[m[38;2;76;50;75;48;2;76;50;75m▀[m[38;2;53;37;53;48;2;76;50;75m▀[m[38;2;53;37;53;48;2;53;37;53m▀[m[38;2;76;50;75;48;2;53;37;53m▀[m[38;2;45;28;43;48;2;45;28;43m▀[m[38;2;53;37;53;48;2;96;30;59m▀[m[38;2;76;50;75;48;2;45;28;43m▀[m[38;2;53;37;53;48;2;45;32;45m▀[m[38;2;45;28;43;48;2;45;32;45m▀[m[38;2;49;29;45;48;2;53;37;53m▀[m[38;2;53;37;53;48;2;108;39;82m▀[m[38;2;53;37;53;48;2;53;37;53m▀[m[38;2;53;37;53;48;2;45;28;43m▀[m[38;2;45;28;43;48;2;45;32;45m▀[m[38;2;45;28;43;48;2;108;39;82m▀[m[38;2;53;37;53;48;2;108;39;82m▀[m[38;2;53;37;53;48;2;96;30;59m▀[m[38;2;55;37;53;48;2;168;30;101m▀[m        [38;2;223;71;138;48;2;234;24;133m▀[m[38;2;91;74;86;48;2;60;35;52m▀[m[38;2;91;74;86;48;2;60;35;52m▀[m[38;2;184;57;88;48;2;225;29;117m▀[m[38;2;234;24;133;48;2;212;19;121m▀[m[38;2;169;25;103;48;2;60;35;52m▀[m      [38;2;52;33;49m▄[m[38;2;52;33;49;48;2;79;48;75m▀[m[38;2;53;39;54;48;2;79;48;75m▀[m[38;2;52;33;49;48;2;79;48;75m▀[m[38;2;52;33;49;48;2;110;44;86m▀[m[38;2;169;25;103;48;2;169;25;103m▀[m[38;2;225;29;117;48;2;117;31;83m▀[m[38;2;169;25;103;48;2;79;48;75m▀[m[38;2;52;33;49;48;2;53;39;54m▀[m[38;2;146;18;77;48;2;53;39;54m▀[m[38;2;60;35;52;48;2;53;39;54m▀[m[38;2;79;48;75;48;2;52;33;49m▀[m[38;2;52;33;49;48;2;104;29;70m▀[m[38;2;60;35;52;48;2;52;33;49m▀[m[38;2;197;11;108m▄[m
[38;2;68;47;76m▄[m[38;2;68;47;76;48;2;241;75;171m▀[m[38;2;142;52;116;48;2;217;53;150m▀[m[38;2;126;128;134;48;2;68;47;76m▀[m[38;2;108;108;117m▀[m[38;2;108;108;117m▀[m[38;2;108;108;117m▀[m[38;2;97;92;104;48;2;117;81;107m▀[m[38;2;142;52;116;48;2;247;56;164m▀[m[38;2;247;56;164;48;2;247;56;164m▀[m[38;2;142;52;116;48;2;169;66;124m▀[m[38;2;108;108;117;48;2;108;108;117m▀[m[38;2;108;108;117;48;2;68;47;76m▀[m[38;2;60;39;71;48;2;68;47;76m▀[m[38;2;77;49;88;48;2;68;47;76m▀[m[38;2;107;51;102;48;2;68;47;76m▀[m[38;2;247;56;164;48;2;68;47;76m▀[m[38;2;177;56;137m▀[m[38;2;68;47;76m▀[m[38;2;77;49;88;48;2;68;47;76m▀[m[38;2;107;51;102;48;2;77;49;88m▀[m[38;2;217;53;150;48;2;217;53;150m▀[m[38;2;77;49;88;48;2;77;49;88m▀[m[38;2;77;49;88;48;2;77;49;88m▀[m[38;2;77;49;88;48;2;77;49;88m▀[m[38;2;142;52;116;48;2;107;51;102m▀[m[38;2;247;56;164;48;2;107;51;102m▀[m[38;2;105;66;95;48;2;57;43;65m▀[m[38;2;77;49;88;48;2;77;49;88m▀[m[38;2;217;53;150;48;2;107;51;102m▀[m[38;2;68;47;76;48;2;107;51;102m▀[m    [38;2;220;127;160m▄[m[38;2;49;29;45;48;2;168;30;101m▀[m[38;2;91;72;86;48;2;202;194;159m▀[m[38;2;76;50;75;48;2;75;57;72m▀[m[38;2;76;50;75;48;2;75;57;72m▀[m[38;2;76;50;75;48;2;91;72;86m▀[m[38;2;224;32;99;48;2;45;32;45m▀[m[38;2;195;21;76;48;2;165;28;107m▀[m[38;2;45;28;43;48;2;168;30;101m▀[m[38;2;45;28;43;48;2;96;30;59m▀[m[38;2;108;39;82;48;2;209;15;117m▀[m[38;2;108;39;82;48;2;209;15;117m▀[m[38;2;195;21;76;48;2;96;30;59m▀[m[38;2;45;28;43;48;2;53;37;53m▀[m[38;2;45;28;43;48;2;53;37;53m▀[m[38;2;45;32;45;48;2;76;50;75m▀[m[38;2;45;28;43;48;2;45;32;45m▀[m[38;2;53;37;53;48;2;45;28;43m▀[m[38;2;53;37;53;48;2;45;32;45m▀[m[38;2;45;28;43;48;2;76;50;75m▀[m[38;2;55;37;53;48;2;45;32;45m▀[m[38;2;45;32;45;48;2;45;28;43m▀[m[38;2;45;28;43;48;2;76;50;75m▀[m[38;2;45;28;43;48;2;76;50;75m▀[m[38;2;45;28;43;48;2;45;28;43m▀[m[38;2;195;21;76;48;2;53;37;53m▀[m[38;2;224;32;99;48;2;96;30;59m▀[m[38;2;55;37;53m▄[m[38;2;55;37;53m▄[m      [38;2;212;19;121m▀[m [38;2;104;29;70m▀[m[38;2;60;35;52m▀[m     [38;2;53;39;54m▄[m[38;2;104;29;70;48;2;79;48;75m▀[m[38;2;52;33;49;48;2;110;44;86m▀[m[38;2;79;48;75;48;2;169;25;103m▀[m[38;2;53;39;54;48;2;234;24;133m▀[m[38;2;53;39;54;48;2;169;25;103m▀[m[38;2;169;25;103;48;2;212;19;121m▀[m[38;2;234;24;133;48;2;169;25;103m▀[m[38;2;212;19;121;48;2;79;48;75m▀[m[38;2;79;48;75;48;2;53;39;54m▀[m[38;2;52;33;49;48;2;52;33;49m▀[m[38;2;53;39;54;48;2;52;33;49m▀[m[38;2;53;39;54;48;2;53;39;54m▀[m[38;2;84;24;57;48;2;53;39;54m▀[m[38;2;60;35;52;48;2;60;35;52m▀[m
[38;2;68;47;76;48;2;68;47;76m▀[m[38;2;241;75;171;48;2;241;75;171m▀[m[38;2;177;56;137;48;2;247;56;164m▀[m[38;2;190;48;131m▄[m  [38;2;217;53;150m▄[m[38;2;241;75;171;48;2;247;56;164m▀[m[38;2;241;75;171;48;2;247;56;164m▀[m[38;2;247;56;164;48;2;105;66;95m▀[m[38;2;105;66;95m▀[m[38;2;105;66;95m▀[m        [38;2;68;47;76;48;2;68;47;76m▀[m[38;2;77;49;88;48;2;77;49;88m▀[m[38;2;60;39;71;48;2;77;49;88m▀[m[38;2;77;49;88;48;2;108;108;117m▀[m[38;2;77;49;88;48;2;108;108;117m▀[m[38;2;77;49;88;48;2;143;144;150m▀[m[38;2;108;108;117;48;2;126;128;134m▀[m[38;2;107;51;102;48;2;217;53;150m▀[m[38;2;60;39;71;48;2;57;43;65m▀[m[38;2;107;51;102;48;2;77;49;88m▀[m[38;2;142;52;116;48;2;77;49;88m▀[m[38;2;68;47;76;48;2;68;47;76m▀[m  [38;2;132;26;80;48;2;55;37;53m▀[m[38;2;235;30;135;48;2;235;30;135m▀[m[38;2;168;30;101;48;2;155;17;82m▀[m[38;2;202;194;159;48;2;132;26;80m▀[m[38;2;55;37;53m▀[m[38;2;132;26;80m▀[m[38;2;202;194;159;48;2;185;178;147m▀[m[38;2;55;37;53;48;2;55;37;53m▀[m[38;2;235;30;135;48;2;235;30;135m▀[m[38;2;209;15;117;48;2;209;15;117m▀[m[38;2;195;21;76;48;2;132;26;80m▀[m[38;2;209;15;117;48;2;132;26;80m▀[m[38;2;96;30;59;48;2;132;26;80m▀[m[38;2;53;37;53;48;2;45;28;43m▀[m[38;2;45;28;43;48;2;45;28;43m▀[m[38;2;53;37;53;48;2;49;29;45m▀[m[38;2;168;30;101;48;2;235;30;135m▀[m[38;2;76;50;75;48;2;168;30;101m▀[m[38;2;55;37;53;48;2;45;28;43m▀[m[38;2;45;32;45;48;2;45;32;45m▀[m[38;2;108;39;82;48;2;168;30;101m▀[m[38;2;168;30;101;48;2;235;30;135m▀[m[38;2;55;37;53;48;2;132;26;80m▀[m[38;2;76;50;75;48;2;45;32;45m▀[m[38;2;168;30;101;48;2;168;30;101m▀[m[38;2;49;29;45;48;2;209;15;117m▀[m[38;2;53;37;53;48;2;49;29;45m▀[m[38;2;45;32;45;48;2;45;28;43m▀[m[38;2;76;50;75;48;2;53;37;53m▀[m[38;2;195;21;76;48;2;45;28;43m▀[m[38;2;55;37;53;48;2;209;15;117m▀[m[38;2;55;37;53m▄[m         [38;2;60;35;52m▄[m[38;2;132;57;95;48;2;91;74;86m▀[m[38;2;91;74;86;48;2;110;44;86m▀[m[38;2;169;25;103;48;2;169;25;103m▀[m[38;2;169;25;103;48;2;79;48;75m▀[m[38;2;110;44;86;48;2;79;48;75m▀[m[38;2;169;25;103;48;2;79;48;75m▀[m[38;2;212;19;121;48;2;110;44;86m▀[m[38;2;169;25;103;48;2;79;48;75m▀[m[38;2;79;48;75;48;2;91;74;86m▀[m[38;2;52;33;49;48;2;79;48;75m▀[m[38;2;52;33;49;48;2;60;35;52m▀[m[38;2;53;39;54;48;2;53;39;54m▀[m[38;2;53;39;54;48;2;91;74;86m▀[m[38;2;52;33;49;48;2;110;44;86m▀[m[38;2;60;35;52;48;2;52;33;49m▀[m[38;2;53;39;54;48;2;53;39;54m▀[m[38;2;52;33;49;48;2;91;74;86m▀[m[38;2;52;33;49;48;2;110;44;86m▀[m[38;2;52;33;49;48;2;52;33;49m▀[m[38;2;79;48;75m▄[m
 [38;2;190;48;131;48;2;105;66;95m▀[m[38;2;247;56;164;48;2;190;48;131m▀[m[38;2;190;48;131;48;2;68;47;76m▀[m  [38;2;247;56;164;48;2;191;45;128m▀[m[38;2;247;56;164;48;2;191;45;128m▀[m[38;2;217;53;150;48;2;105;66;95m▀[m            [38;2;68;47;76;48;2;105;66;95m▀[m[38;2;77;49;88;48;2;107;51;102m▀[m[38;2;97;92;104;48;2;77;49;88m▀[m[38;2;143;144;150;48;2;68;47;76m▀[m[38;2;143;144;150;48;2;107;51;102m▀[m[38;2;142;52;116;48;2;177;56;137m▀[m[38;2;142;52;116;48;2;142;52;116m▀[m[38;2;57;43;65;48;2;57;43;65m▀[m[38;2;217;53;150;48;2;217;53;150m▀[m[38;2;107;51;102;48;2;247;56;164m▀[m[38;2;68;47;76;48;2;68;47;76m▀[m  [38;2;132;26;80m▀[m[38;2;209;15;117;48;2;55;37;53m▀[m    [38;2;209;15;117m▄[m[38;2;209;15;117;48;2;209;15;117m▀[m[38;2;209;15;117;48;2;195;21;76m▀[m[38;2;55;37;53m▀[m      [38;2;209;15;117;48;2;165;28;107m▀[m[38;2;195;21;76;48;2;195;21;76m▀[m  [38;2;55;37;53m▀[m[38;2;235;30;135;48;2;168;30;101m▀[m[38;2;132;26;80;48;2;132;26;80m▀[m [38;2;155;17;82m▀[m[38;2;235;30;135;48;2;155;17;82m▀[m[38;2;132;26;80m▀[m[38;2;55;37;53m▀[m[38;2;55;37;53m▀[m[38;2;55;37;53m▀[m[38;2;132;26;80m▀[m          [38;2;52;33;49;48;2;197;11;108m▀[m[38;2;53;39;54;48;2;169;25;103m▀[m[38;2;79;48;75;48;2;84;24;57m▀[m[38;2;79;48;75;48;2;79;48;75m▀[m[38;2;53;39;54;48;2;53;39;54m▀[m[38;2;53;39;54;48;2;53;39;54m▀[m[38;2;53;39;54;48;2;110;44;86m▀[m[38;2;60;35;52;48;2;84;24;57m▀[m[38;2;53;39;54;48;2;53;39;54m▀[m[38;2;53;39;54;48;2;60;35;52m▀[m[38;2;234;24;133;48;2;79;48;75m▀[m[38;2;169;25;103;48;2;169;25;103m▀[m[38;2;60;35;52;48;2;146;18;77m▀[m[38;2;53;39;54;48;2;60;35;52m▀[m[38;2;212;19;121;48;2;84;24;57m▀[m[38;2;234;24;133;48;2;169;25;103m▀[m[38;2;52;33;49;48;2;169;25;103m▀[m[38;2;79;48;75;48;2;104;29;70m▀[m[38;2;212;19;121;48;2;60;35;52m▀[m[38;2;117;31;83;48;2;234;24;133m▀[m[38;2;117;31;83;48;2;169;25;103m▀[m[38;2;225;29;117;48;2;146;18;77m▀[m[38;2;146;18;77m▄[m
                     [38;2;68;47;76m▀[m[38;2;217;53;150;48;2;68;47;76m▀[m[38;2;217;53;150;48;2;68;47;76m▀[m[38;2;68;47;76;48;2;105;66;95m▀[m[38;2;247;56;164;48;2;68;47;76m▀[m[38;2;247;56;164;48;2;68;47;76m▀[m[38;2;247;56;164;48;2;68;47;76m▀[m           [38;2;55;37;53m▀[m[38;2;155;17;82m▀[m[38;2;55;37;53m▀[m        [38;2;132;26;80m▀[m[38;2;55;37;53m▀[m   [38;2;55;37;53m▀[m                    [38;2;197;11;108m▀[m[38;2;234;24;133m▀[m[38;2;212;19;121m▀[m[38;2;53;39;54m▀[m[38;2;53;39;54m▀[m[38;2;53;39;54m▀[m [38;2;104;29;70m▀[m  [38;2;197;11;108m▀[m[38;2;234;24;133;48;2;197;11;108m▀[m[38;2;104;29;70;48;2;104;29;70m▀[m [38;2;104;29;70m▀[m[38;2;234;24;133;48;2;104;29;70m▀[m[38;2;197;11;108;48;2;60;35;52m▀[m [38;2;146;18;77m▀[m[38;2;234;24;133m▀[m

[1mwormate[m                           [1msegmaggot[m                         [1mhexwurm[m
                                                                           [38;2;76;66;34m▄[m     [38;2;76;66;34m▄[m    [38;2;144;119;38;48;2;109;105;91m▀[m[38;2;144;119;38;48;2;109;105;91m▀[m[38;2;144;119;38;48;2;109;105;91m▀[m[38;2;56;49;38;48;2;84;64;32m▀[m[38;2;84;64;32m▄[m[38;2;187;144;48m▄[m[38;2;109;105;91m▄[m
                                                                         [38;2;144;119;38m▄[m[38;2;187;144;48;48;2;177;148;33m▀[m[38;2;222;157;18;48;2;82;81;80m▀[m   [38;2;129;111;76m▄[m[38;2;129;111;76;48;2;222;157;18m▀[m[38;2;228;219;188;48;2;222;157;18m▀[m[38;2;76;66;34;48;2;158;111;25m▀[m   [38;2;109;105;91;48;2;82;81;80m▀[m[38;2;177;148;33;48;2;109;105;91m▀[m[38;2;82;81;80;48;2;82;81;80m▀[m[38;2;51;49;49;48;2;51;49;49m▀[m[38;2;84;64;32;48;2;82;81;80m▀[m[38;2;177;148;33;48;2;109;105;91m▀[m[38;2;109;105;91;48;2;109;105;91m▀[m[38;2;56;49;38;48;2;84;64;32m▀[m[38;2;56;49;38m▄[m
                                                                         [38;2;177;148;33;48;2;158;111;25m▀[m[38;2;82;81;80;48;2;82;81;80m▀[m[38;2;82;81;80;48;2;82;81;80m▀[m[38;2;56;49;38;48;2;56;49;38m▀[m[38;2;56;49;38m▄[m[38;2;56;49;38;48;2;108;86;41m▀[m[38;2;228;219;188;48;2;190;180;103m▀[m[38;2;222;157;18;48;2;222;157;18m▀[m[38;2;222;157;18;48;2;222;157;18m▀[m[38;2;222;157;18;48;2;222;157;18m▀[m [38;2;56;49;38m▄[m[38;2;50;45;35m▄[m[38;2;222;157;18;48;2;177;148;33m▀[m[38;2;222;157;18;48;2;177;148;33m▀[m[38;2;84;64;32;48;2;84;64;32m▀[m[38;2;50;45;35;48;2;56;49;38m▀[m[38;2;158;111;25;48;2;222;157;18m▀[m[38;2;109;105;91;48;2;222;157;18m▀[m[38;2;82;81;80;48;2;50;45;35m▀[m[38;2;76;66;34;48;2;56;49;38m▀[m[38;2;177;148;33;48;2;109;105;91m▀[m[38;2;76;66;34;48;2;222;157;18m▀[m
                     [38;2;58;57;59m▄[m[38;2;84;86;56;48;2;162;147;75m▀[m[38;2;58;57;59;48;2;213;172;44m▀[m[38;2;84;86;56;48;2;213;172;44m▀[m[38;2;84;86;56;48;2;213;172;44m▀[m[38;2;58;57;59;48;2;167;175;164m▀[m              [38;2;195;132;19m▄[m[38;2;84;77;59m▄[m    [38;2;129;85;12m▄[m   [38;2;116;104;43;48;2;110;109;109m▀[m[38;2;57;54;49;48;2;110;109;109m▀[m[38;2;84;77;59;48;2;57;54;49m▀[m[38;2;84;77;59;48;2;57;54;49m▀[m[38;2;116;104;43;48;2;110;109;109m▀[m[38;2;116;104;43;48;2;110;109;109m▀[m [38;2;57;54;49m▄[m[38;2;146;145;136m▄[m[38;2;84;77;59m▄[m            [38;2;144;119;38m▀[m[38;2;82;81;80;48;2;109;105;91m▀[m[38;2;84;64;32;48;2;82;81;80m▀[m[38;2;108;86;41;48;2;51;49;49m▀[m[38;2;82;81;80;48;2;82;81;80m▀[m[38;2;129;111;76;48;2;109;105;91m▀[m[38;2;190;180;103;48;2;172;168;154m▀[m[38;2;180;116;11;48;2;109;105;91m▀[m[38;2;222;157;18;48;2;177;148;33m▀[m[38;2;177;148;33;48;2;76;66;34m▀[m [38;2;56;49;38;48;2;76;66;34m▀[m[38;2;56;49;38;48;2;56;49;38m▀[m[38;2;109;105;91;48;2;109;105;91m▀[m[38;2;109;105;91;48;2;108;86;41m▀[m[38;2;50;45;35;48;2;56;49;38m▀[m[38;2;84;64;32;48;2;82;81;80m▀[m[38;2;177;148;33;48;2;82;81;80m▀[m[38;2;222;157;18;48;2;56;49;38m▀[m[38;2;76;66;34;48;2;50;45;35m▀[m[38;2;177;148;33;48;2;177;148;33m▀[m[38;2;109;105;91;48;2;50;45;35m▀[m[38;2;56;49;38;48;2;56;49;38m▀[m[38;2;76;66;34m▄[m
     [38;2;84;86;56m▄[m[38;2;84;86;56m▄[m          [38;2;58;57;59m▄[m[38;2;84;86;56;48;2;162;147;75m▀[m[38;2;84;86;56;48;2;78;76;77m▀[m[38;2;88;106;75;48;2;108;107;92m▀[m[38;2;108;107;92;48;2;108;107;92m▀[m[38;2;108;107;92;48;2;162;147;75m▀[m[38;2;108;107;92;48;2;213;172;44m▀[m[38;2;162;147;75;48;2;243;207;38m▀[m[38;2;108;107;92;48;2;162;147;75m▀[m[38;2;78;76;77;48;2;78;76;77m▀[m            [38;2;57;54;49m▄[m[38;2;84;77;59;48;2;187;140;31m▀[m[38;2;213;145;10;48;2;85;83;84m▀[m[38;2;57;54;49;48;2;48;47;47m▀[m  [38;2;195;132;19m▄[m[38;2;116;104;43;48;2;235;163;13m▀[m[38;2;235;163;13;48;2;235;163;13m▀[m[38;2;84;77;59;48;2;195;132;19m▀[m  [38;2;85;83;84;48;2;85;83;84m▀[m[38;2;85;83;84;48;2;85;83;84m▀[m[38;2;57;54;49;48;2;57;54;49m▀[m[38;2;57;54;49;48;2;57;54;49m▀[m[38;2;85;83;84;48;2;110;109;109m▀[m[38;2;85;83;84;48;2;85;83;84m▀[m[38;2;84;77;59;48;2;84;77;59m▀[m[38;2;46;43;39;48;2;110;109;109m▀[m[38;2;85;83;84;48;2;85;83;84m▀[m[38;2;85;83;84;48;2;85;83;84m▀[m           [38;2;109;105;91m▄[m[38;2;172;168;154;48;2;56;49;38m▀[m[38;2;109;105;91;48;2;228;219;188m▀[m[38;2;109;105;91;48;2;109;105;91m▀[m[38;2;82;81;80;48;2;172;168;154m▀[m[38;2;172;168;154;48;2;228;219;188m▀[m[38;2;228;219;188;48;2;56;49;38m▀[m[38;2;228;219;188m▀[m[38;2;228;219;188;48;2;129;111;76m▀[m[38;2;172;168;154;48;2;228;219;188m▀[m[38;2;108;86;41;48;2;109;105;91m▀[m[38;2;76;66;34;48;2;144;119;38m▀[m[38;2;76;66;34;48;2;76;66;34m▀[m[38;2;56;49;38;48;2;56;49;38m▀[m[38;2;108;86;41;48;2;51;49;49m▀[m[38;2;51;49;49;48;2;50;45;35m▀[m[38;2;56;49;38;48;2;50;45;35m▀[m[38;2;108;86;41;48;2;82;81;80m▀[m[38;2;82;81;80;48;2;56;49;38m▀[m[38;2;50;45;35;48;2;50;45;35m▀[m[38;2;177;148;33;48;2;109;105;91m▀[m[38;2;82;81;80;48;2;56;49;38m▀[m[38;2;56;49;38;48;2;158;111;25m▀[m[38;2;82;81;80;48;2;82;81;80m▀[m[38;2;158;111;25;48;2;109;105;91m▀[m[38;2;144;119;38m▄[m
   [38;2;153;155;51m▄[m[38;2;58;57;59;48;2;178;152;49m▀[m[38;2;178;152;49;48;2;108;107;92m▀[m[38;2;88;106;75;48;2;58;57;59m▀[m  [38;2;84;86;56m▄[m[38;2;58;57;59m▄[m[38;2;58;57;59;48;2;108;107;92m▀[m[38;2;58;57;59;48;2;108;107;92m▀[m[38;2;84;86;56m▄[m  [38;2;88;106;75;48;2;54;52;51m▀[m[38;2;196;216;81;48;2;108;107;92m▀[m[38;2;108;107;92;48;2;78;76;77m▀[m[38;2;78;76;77;48;2;53;52;56m▀[m[38;2;108;107;92;48;2;54;52;51m▀[m[38;2;108;107;92;48;2;78;76;77m▀[m[38;2;108;107;92;48;2;78;76;77m▀[m[38;2;213;172;44;48;2;178;152;49m▀[m[38;2;213;172;44;48;2;162;147;75m▀[m[38;2;108;107;92;48;2;62;61;67m▀[m[38;2;53;52;56;48;2;78;76;77m▀[m[38;2;78;76;77;48;2;78;76;77m▀[m[38;2;58;57;59;48;2;78;76;77m▀[m[38;2;84;86;56m▄[m         [38;2;116;104;43;48;2;116;104;43m▀[m[38;2;110;109;109;48;2;85;83;84m▀[m[38;2;85;83;84;48;2;48;47;47m▀[m[38;2;85;83;84;48;2;48;47;47m▀[m[38;2;84;77;59m▄[m[38;2;90;64;25;48;2;235;163;13m▀[m[38;2;235;163;13;48;2;213;145;10m▀[m[38;2;235;163;13;48;2;235;163;13m▀[m[38;2;235;163;13;48;2;235;163;13m▀[m[38;2;195;132;19;48;2;195;132;19m▀[m  [38;2;169;116;20;48;2;187;140;31m▀[m[38;2;213;145;10;48;2;213;145;10m▀[m[38;2;57;54;49;48;2;57;54;49m▀[m[38;2;187;140;31;48;2;213;145;10m▀[m[38;2;213;145;10;48;2;235;163;13m▀[m[38;2;112;84;35;48;2;84;77;59m▀[m[38;2;84;77;59;48;2;187;140;31m▀[m[38;2;85;83;84;48;2;187;140;31m▀[m[38;2;85;83;84;48;2;85;83;84m▀[m[38;2;57;54;49;48;2;84;77;59m▀[m[38;2;57;54;49;48;2;109;101;86m▀[m[38;2;109;101;86;48;2;85;83;84m▀[m[38;2;84;77;59;48;2;110;109;109m▀[m        [38;2;109;105;91;48;2;109;105;91m▀[m[38;2;121;202;39;48;2;121;202;39m▀[m[38;2;172;168;154;48;2;129;111;76m▀[m[38;2;172;168;154;48;2;172;168;154m▀[m[38;2;228;219;188;48;2;129;111;76m▀[m[38;2;56;49;38;48;2;144;119;38m▀[m[38;2;190;180;103;48;2;121;202;39m▀[m[38;2;121;202;39;48;2;121;202;39m▀[m[38;2;56;49;38;48;2;56;49;38m▀[m[38;2;172;168;154;48;2;109;105;91m▀[m[38;2;172;168;154;48;2;109;105;91m▀[m[38;2;222;157;18;48;2;222;157;18m▀[m[38;2;76;66;34;48;2;84;64;32m▀[m[38;2;76;66;34;48;2;158;111;25m▀[m[38;2;51;49;49;48;2;222;157;18m▀[m[38;2;50;45;35;48;2;144;119;38m▀[m[38;2;84;64;32;48;2;84;64;32m▀[m[38;2;51;49;49;48;2;56;49;38m▀[m[38;2;56;49;38;48;2;50;45;35m▀[m[38;2;108;86;41;48;2;50;45;35m▀[m[38;2;56;49;38;48;2;84;64;32m▀[m[38;2;108;86;41;48;2;109;105;91m▀[m[38;2;222;157;18;48;2;222;157;18m▀[m[38;2;158;111;25;48;2;177;148;33m▀[m[38;2;82;81;80;48;2;56;49;38m▀[m[38;2;76;66;34;48;2;76;66;34m▀[m
   [38;2;243;207;38;48;2;78;76;77m▀[m[38;2;78;76;77;48;2;78;76;77m▀[m[38;2;78;76;77;48;2;53;52;56m▀[m[38;2;58;57;59;48;2;54;52;51m▀[m[38;2;58;57;59m▄[m[38;2;62;61;67m▄[m[38;2;78;76;77;48;2;175;118;63m▀[m[38;2;150;116;50;48;2;213;172;44m▀[m[38;2;175;118;63;48;2;213;172;44m▀[m[38;2;175;118;63;48;2;175;118;63m▀[m[38;2;84;86;56m▀[m  [38;2;84;86;56m▀[m[38;2;102;91;55;48;2;88;106;75m▀[m[38;2;108;107;92;48;2;162;147;75m▀[m[38;2;53;52;56;48;2;53;52;56m▀[m[38;2;53;52;56;48;2;78;76;77m▀[m[38;2;78;76;77;48;2;102;91;55m▀[m[38;2;150;116;50;48;2;162;147;75m▀[m[38;2;162;147;75;48;2;162;147;75m▀[m[38;2;102;91;55;48;2;53;52;56m▀[m[38;2;53;52;56;48;2;62;61;67m▀[m[38;2;78;76;77;48;2;78;76;77m▀[m[38;2;78;76;77;48;2;78;76;77m▀[m[38;2;108;107;92;48;2;162;147;75m▀[m[38;2;178;152;49;48;2;243;207;38m▀[m[38;2;84;86;56m▄[m        [38;2;129;85;12;48;2;84;77;59m▀[m[38;2;48;47;47;48;2;187;140;31m▀[m[38;2;112;84;35;48;2;110;109;109m▀[m[38;2;48;47;47;48;2;85;83;84m▀[m[38;2;192;185;161m▄[m[38;2;213;145;10;48;2;192;185;161m▀[m[38;2;169;116;20;48;2;174;183;87m▀[m[38;2;235;163;13;48;2;169;116;20m▀[m[38;2;235;163;13;48;2;213;145;10m▀[m[38;2;195;132;19m▀[m  [38;2;110;109;109;48;2;85;83;84m▀[m[38;2;109;101;86;48;2;85;83;84m▀[m[38;2;57;54;49;48;2;57;54;49m▀[m[38;2;109;101;86;48;2;85;83;84m▀[m[38;2;169;116;20;48;2;48;47;47m▀[m[38;2;57;54;49;48;2;57;54;49m▀[m[38;2;213;145;10;48;2;169;116;20m▀[m[38;2;213;145;10;48;2;187;140;31m▀[m[38;2;46;43;39;48;2;84;77;59m▀[m[38;2;57;54;49;48;2;169;116;20m▀[m[38;2;85;83;84;48;2;110;109;109m▀[m[38;2;85;83;84;48;2;48;47;47m▀[m[38;2;57;54;49m▀[m        [38;2;76;66;34m▀[m[38;2;76;66;34m▄[m[38;2;76;66;34;48;2;190;180;103m▀[m[38;2;228;219;188;48;2;228;219;188m▀[m[38;2;228;219;188;48;2;228;219;188m▀[m[38;2;129;111;76;48;2;172;168;154m▀[m[38;2;76;66;34;48;2;82;81;80m▀[m[38;2;76;66;34;48;2;82;81;80m▀[m[38;2;51;49;49;48;2;129;111;76m▀[m[38;2;109;105;91;48;2;108;86;41m▀[m[38;2;158;111;25;48;2;180;116;11m▀[m[38;2;222;157;18;48;2;84;64;32m▀[m[38;2;50;45;35;48;2;51;49;49m▀[m[38;2;51;49;49;48;2;82;81;80m▀[m[38;2;158;111;25;48;2;82;81;80m▀[m[38;2;222;157;18;48;2;222;157;18m▀[m[38;2;222;157;18;48;2;222;157;18m▀[m[38;2;56;49;38;48;2;180;116;11m▀[m[38;2;50;45;35;48;2;56;49;38m▀[m[38;2;56;49;38;48;2;51;49;49m▀[m[38;2;82;81;80;48;2;51;49;49m▀[m[38;2;109;105;91;48;2;50;45;35m▀[m[38;2;82;81;80;48;2;56;49;38m▀[m[38;2;56;49;38;48;2;180;116;11m▀[m[38;2;158;111;25;48;2;109;105;91m▀[m[38;2;158;111;25;48;2;109;105;91m▀[m[38;2;76;66;34m▄[m
  [38;2;58;57;59m▄[m[38;2;54;52;51;48;2;108;107;92m▀[m[38;2;78;76;77;48;2;108;107;92m▀[m[38;2;78;76;77;48;2;78;76;77m▀[m[38;2;78;76;77;48;2;78;76;77m▀[m[38;2;78;76;77;48;2;78;76;77m▀[m[38;2;62;61;67;48;2;62;61;67m▀[m[38;2;175;118;63;48;2;102;91;55m▀[m[38;2;213;172;44;48;2;175;118;63m▀[m[38;2;213;172;44;48;2;150;116;50m▀[m[38;2;175;118;63;48;2;58;57;59m▀[m[38;2;84;86;56;48;2;58;57;59m▀[m[38;2;84;86;56m▄[m  [38;2;84;86;56m▀[m[38;2;178;152;49;48;2;54;52;51m▀[m[38;2;53;52;56;48;2;54;52;51m▀[m[38;2;102;91;55;48;2;102;91;55m▀[m[38;2;78;76;77;48;2;102;91;55m▀[m[38;2;102;91;55;48;2;102;91;55m▀[m[38;2;102;91;55;48;2;53;52;56m▀[m[38;2;53;52;56;48;2;53;52;56m▀[m[38;2;78;76;77;48;2;78;76;77m▀[m[38;2;78;76;77;48;2;162;147;75m▀[m[38;2;162;147;75;48;2;162;147;75m▀[m[38;2;162;147;75;48;2;53;52;56m▀[m[38;2;150;116;50;48;2;53;52;56m▀[m[38;2;84;86;56;48;2;54;52;51m▀[m       [38;2;117;200;22m▄[m[38;2;110;109;109;48;2;110;109;109m▀[m[38;2;85;83;84;48;2;85;83;84m▀[m[38;2;110;109;109;48;2;57;54;49m▀[m[38;2;46;43;39;48;2;117;200;22m▀[m[38;2;57;54;49;48;2;117;200;22m▀[m[38;2;85;83;84;48;2;57;54;49m▀[m[38;2;192;185;161;48;2;85;83;84m▀[m[38;2;174;183;87;48;2;192;185;161m▀[m[38;2;129;85;12;48;2;109;101;86m▀[m[38;2;129;85;12m▄[m  [38;2;48;47;47;48;2;46;43;39m▀[m[38;2;48;47;47;48;2;46;43;39m▀[m[38;2;57;54;49;48;2;57;54;49m▀[m[38;2;48;47;47;48;2;48;47;47m▀[m[38;2;57;54;49;48;2;57;54;49m▀[m[38;2;46;43;39;48;2;48;47;47m▀[m[38;2;85;83;84;48;2;48;47;47m▀[m[38;2;57;54;49;48;2;57;54;49m▀[m[38;2;116;104;43;48;2;85;83;84m▀[m[38;2;235;163;13;48;2;112;84;35m▀[m[38;2;169;116;20m▀[m[38;2;84;77;59;48;2;57;54;49m▀[m[38;2;57;54;49;48;2;85;83;84m▀[m[38;2;57;54;49;48;2;85;83;84m▀[m[38;2;84;77;59m▄[m   [38;2;129;111;76m▄[m[38;2;172;168;154;48;2;172;168;154m▀[m[38;2;228;219;188;48;2;50;45;35m▀[m[38;2;172;168;154;48;2;109;105;91m▀[m[38;2;172;168;154m▄[m [38;2;76;66;34m▀[m[38;2;56;49;38;48;2;56;49;38m▀[m[38;2;76;66;34;48;2;180;116;11m▀[m[38;2;56;49;38;48;2;50;45;35m▀[m[38;2;84;64;32;48;2;222;157;18m▀[m[38;2;158;111;25;48;2;222;157;18m▀[m[38;2;180;116;11;48;2;180;116;11m▀[m[38;2;222;157;18;48;2;190;180;103m▀[m[38;2;177;148;33;48;2;222;157;18m▀[m[38;2;177;148;33;48;2;180;116;11m▀[m[38;2;108;86;41;48;2;180;116;11m▀[m[38;2;82;81;80;48;2;51;49;49m▀[m[38;2;158;111;25;48;2;51;49;49m▀[m[38;2;200;124;4;48;2;180;116;11m▀[m[38;2;200;124;4;48;2;200;124;4m▀[m[38;2;50;45;35;48;2;180;116;11m▀[m[38;2;51;49;49;48;2;56;49;38m▀[m[38;2;56;49;38;48;2;50;45;35m▀[m[38;2;56;49;38;48;2;51;49;49m▀[m[38;2;109;105;91;48;2;82;81;80m▀[m[38;2;177;148;33;48;2;109;105;91m▀[m[38;2;177;148;33;48;2;177;148;33m▀[m[38;2;109;105;91;48;2;50;45;35m▀[m[38;2;56;49;38m▀[m
[38;2;84;86;56m▄[m[38;2;88;106;75;48;2;66;171;104m▀[m[38;2;102;91;55;48;2;213;172;44m▀[m[38;2;78;76;77;48;2;78;76;77m▀[m[38;2;78;76;77;48;2;78;76;77m▀[m[38;2;78;76;77;48;2;102;91;55m▀[m[38;2;150;116;50;48;2;213;172;44m▀[m[38;2;213;172;44;48;2;167;175;164m▀[m[38;2;178;152;49;48;2;36;200;197m▀[m[38;2;78;76;77;48;2;36;200;197m▀[m[38;2;53;52;56;48;2;43;109;129m▀[m[38;2;88;106;75;48;2;108;107;92m▀[m[38;2;54;52;51;48;2;167;175;164m▀[m[38;2;62;61;67;48;2;53;52;56m▀[m[38;2;102;91;55;48;2;102;91;55m▀[m[38;2;153;155;51;48;2;178;152;49m▀[m[38;2;58;57;59m▄[m[38;2;58;57;59m▄[m[38;2;84;86;56;48;2;88;106;75m▀[m[38;2;58;57;59;48;2;178;152;49m▀[m[38;2;62;61;67;48;2;102;91;55m▀[m[38;2;102;91;55;48;2;150;116;50m▀[m[38;2;54;52;51;48;2;53;52;56m▀[m[38;2;53;52;56;48;2;62;61;67m▀[m[38;2;78;76;77;48;2;150;116;50m▀[m[38;2;178;152;49;48;2;102;91;55m▀[m[38;2;150;116;50;48;2;54;52;51m▀[m[38;2;53;52;56;48;2;78;76;77m▀[m[38;2;78;76;77;48;2;78;76;77m▀[m[38;2;78;76;77;48;2;78;76;77m▀[m[38;2;78;76;77;48;2;108;107;92m▀[m[38;2;84;86;56m▄[m      [38;2;117;200;22;48;2;146;145;136m▀[m[38;2;85;83;84;48;2;192;185;161m▀[m[38;2;85;83;84;48;2;192;185;161m▀[m[38;2;57;54;49;48;2;57;54;49m▀[m[38;2;174;183;87;48;2;117;200;22m▀[m[38;2;117;200;22;48;2;117;200;22m▀[m[38;2;57;54;49;48;2;84;77;59m▀[m[38;2;48;47;47;48;2;85;83;84m▀[m[38;2;192;185;161;48;2;110;109;109m▀[m[38;2;146;145;136;48;2;90;64;25m▀[m[38;2;169;116;20;48;2;213;145;10m▀[m[38;2;187;140;31m▄[m[38;2;46;43;39m▄[m[38;2;112;84;35;48;2;48;47;47m▀[m[38;2;187;140;31;48;2;169;116;20m▀[m[38;2;187;140;31;48;2;235;163;13m▀[m[38;2;90;64;25;48;2;235;163;13m▀[m[38;2;46;43;39;48;2;169;116;20m▀[m[38;2;48;47;47;48;2;46;43;39m▀[m[38;2;57;54;49;48;2;46;43;39m▀[m[38;2;48;47;47;48;2;48;47;47m▀[m[38;2;48;47;47;48;2;46;43;39m▀[m[38;2;57;54;49;48;2;48;47;47m▀[m[38;2;129;85;12;48;2;235;163;13m▀[m[38;2;109;101;86;48;2;235;163;13m▀[m[38;2;85;83;84;48;2;85;83;84m▀[m[38;2;85;83;84;48;2;84;77;59m▀[m[38;2;57;54;49m▀[m   [38;2;129;111;76;48;2;129;111;76m▀[m[38;2;51;49;49;48;2;109;105;91m▀[m[38;2;76;66;34;48;2;50;45;35m▀[m[38;2;50;45;35;48;2;109;105;91m▀[m[38;2;172;168;154;48;2;172;168;154m▀[m[38;2;76;66;34m▀[m [38;2;56;49;38;48;2;51;49;49m▀[m[38;2;158;111;25;48;2;50;45;35m▀[m[38;2;222;157;18;48;2;51;49;49m▀[m[38;2;144;119;38;48;2;51;49;49m▀[m[38;2;84;64;32;48;2;51;49;49m▀[m[38;2;84;64;32;48;2;84;64;32m▀[m[38;2;222;157;18;48;2;158;111;25m▀[m[38;2;158;111;25;48;2;222;157;18m▀[m[38;2;82;81;80;48;2;200;124;4m▀[m[38;2;200;124;4;48;2;180;116;11m▀[m[38;2;56;49;38;48;2;51;49;49m▀[m[38;2;82;81;80;48;2;82;81;80m▀[m[38;2;51;49;49;48;2;51;49;49m▀[m[38;2;158;111;25;48;2;108;86;41m▀[m[38;2;200;124;4;48;2;200;124;4m▀[m[38;2;56;49;38;48;2;158;111;25m▀[m[38;2;51;49;49;48;2;51;49;49m▀[m[38;2;51;49;49;48;2;56;49;38m▀[m[38;2;51;49;49;48;2;56;49;38m▀[m[38;2;50;45;35;48;2;56;49;38m▀[m[38;2;50;45;35;48;2;108;86;41m▀[m[38;2;56;49;38;48;2;177;148;33m▀[m[38;2;56;49;38m▄[m
[38;2;58;57;59m▄[m[38;2;88;106;75;48;2;43;109;129m▀[m[38;2;213;172;44;48;2;243;207;38m▀[m[38;2;78;76;77;48;2;178;152;49m▀[m[38;2;62;61;67;48;2;162;147;75m▀[m[38;2;196;216;81;48;2;36;200;197m▀[m[38;2;167;175;164;48;2;53;52;56m▀[m[38;2;66;171;104;48;2;66;171;104m▀[m[38;2;88;106;75;48;2;66;171;104m▀[m[38;2;36;200;197;48;2;36;200;197m▀[m[38;2;43;109;129;48;2;43;109;129m▀[m[38;2;108;107;92;48;2;108;107;92m▀[m[38;2;220;215;201;48;2;220;215;201m▀[m[38;2;54;52;51;48;2;58;57;59m▀[m[38;2;78;76;77;48;2;78;76;77m▀[m[38;2;178;152;49;48;2;178;152;49m▀[m[38;2;213;172;44;48;2;243;207;38m▀[m[38;2;54;52;51;48;2;58;57;59m▀[m[38;2;102;91;55;48;2;53;52;56m▀[m[38;2;243;207;38;48;2;102;91;55m▀[m[38;2;213;172;44;48;2;66;171;104m▀[m[38;2;58;57;59;48;2;88;106;75m▀[m[38;2;53;52;56;48;2;54;52;51m▀[m[38;2;53;52;56;48;2;53;52;56m▀[m[38;2;54;52;51;48;2;78;76;77m▀[m[38;2;53;52;56;48;2;78;76;77m▀[m[38;2;78;76;77;48;2;162;147;75m▀[m[38;2;78;76;77;48;2;213;172;44m▀[m[38;2;78;76;77;48;2;213;172;44m▀[m[38;2;178;152;49;48;2;150;116;50m▀[m[38;2;213;172;44;48;2;88;106;75m▀[m[38;2;58;57;59;48;2;84;86;56m▀[m     [38;2;146;145;136m▀[m[38;2;192;185;161;48;2;57;54;49m▀[m[38;2;192;185;161;48;2;192;185;161m▀[m[38;2;192;185;161;48;2;192;185;161m▀[m[38;2;110;109;109;48;2;116;104;43m▀[m[38;2;57;54;49;48;2;46;43;39m▀[m[38;2;84;77;59;48;2;48;47;47m▀[m[38;2;48;47;47;48;2;46;43;39m▀[m[38;2;110;109;109;48;2;46;43;39m▀[m[38;2;90;64;25;48;2;169;116;20m▀[m[38;2;169;116;20;48;2;235;163;13m▀[m[38;2;235;163;13;48;2;174;183;87m▀[m[38;2;187;140;31;48;2;85;83;84m▀[m[38;2;85;83;84;48;2;90;64;25m▀[m[38;2;85;83;84;48;2;90;64;25m▀[m[38;2;48;47;47;48;2;48;47;47m▀[m[38;2;187;140;31;48;2;48;47;47m▀[m[38;2;235;163;13;48;2;169;116;20m▀[m[38;2;213;145;10;48;2;169;116;20m▀[m[38;2;57;54;49;48;2;90;64;25m▀[m[38;2;48;47;47;48;2;57;54;49m▀[m[38;2;46;43;39;48;2;57;54;49m▀[m[38;2;46;43;39;48;2;48;47;47m▀[m[38;2;85;83;84;48;2;48;47;47m▀[m[38;2;187;140;31;48;2;57;54;49m▀[m[38;2;213;145;10;48;2;57;54;49m▀[m[38;2;57;54;49m▄[m[38;2;57;54;49m▄[m     [38;2;129;111;76m▀[m[38;2;172;168;154;48;2;56;49;38m▀[m[38;2;109;105;91;48;2;144;119;38m▀[m[38;2;56;49;38;48;2;158;111;25m▀[m[38;2;76;66;34;48;2;82;81;80m▀[m[38;2;144;119;38;48;2;177;148;33m▀[m[38;2;84;64;32;48;2;180;116;11m▀[m[38;2;50;45;35;48;2;82;81;80m▀[m[38;2;82;81;80;48;2;109;105;91m▀[m[38;2;51;49;49;48;2;109;105;91m▀[m[38;2;177;148;33;48;2;82;81;80m▀[m[38;2;222;157;18;48;2;222;157;18m▀[m[38;2;222;157;18;48;2;222;157;18m▀[m[38;2;84;64;32;48;2;84;64;32m▀[m[38;2;84;64;32;48;2;50;45;35m▀[m[38;2;56;49;38;48;2;51;49;49m▀[m[38;2;51;49;49;48;2;51;49;49m▀[m[38;2;51;49;49;48;2;50;45;35m▀[m[38;2;51;49;49;48;2;56;49;38m▀[m[38;2;51;49;49;48;2;56;49;38m▀[m[38;2;180;116;11;48;2;51;49;49m▀[m[38;2;158;111;25;48;2;158;111;25m▀[m[38;2;56;49;38;48;2;50;45;35m▀[m[38;2;50;45;35;48;2;51;49;49m▀[m[38;2;51;49;49;48;2;50;45;35m▀[m[38;2;177;148;33;48;2;56;49;38m▀[m[38;2;177;148;33;48;2;56;49;38m▀[m[38;2;82;81;80;48;2;56;49;38m▀[m[38;2;76;66;34m▀[m
[38;2;84;86;56m▀[m[38;2;196;216;81;48;2;178;152;49m▀[m[38;2;178;152;49;48;2;178;152;49m▀[m[38;2;88;106;75;48;2;178;152;49m▀[m[38;2;243;207;38;48;2;243;207;38m▀[m[38;2;196;216;81;48;2;243;207;38m▀[m[38;2;36;200;197;48;2;36;200;197m▀[m[38;2;36;200;197;48;2;36;200;197m▀[m[38;2;36;200;197;48;2;36;200;197m▀[m[38;2;36;200;197;48;2;43;109;129m▀[m[38;2;78;76;77;48;2;108;107;92m▀[m[38;2;167;175;164;48;2;167;175;164m▀[m[38;2;167;175;164;48;2;88;106;75m▀[m[38;2;54;52;51;48;2;53;52;56m▀[m[38;2;102;91;55;48;2;150;116;50m▀[m[38;2;213;172;44;48;2;213;172;44m▀[m[38;2;178;152;49;48;2;102;91;55m▀[m[38;2;54;52;51;48;2;53;52;56m▀[m[38;2;53;52;56;48;2;53;52;56m▀[m[38;2;43;109;129;48;2;54;52;51m▀[m[38;2;66;171;104;48;2;54;52;51m▀[m[38;2;78;76;77;48;2;62;61;67m▀[m[38;2;58;57;59;48;2;58;57;59m▀[m[38;2;62;61;67;48;2;58;57;59m▀[m[38;2;78;76;77;48;2;58;57;59m▀[m[38;2;78;76;77;48;2;58;57;59m▀[m[38;2;150;116;50;48;2;58;57;59m▀[m[38;2;162;147;75;48;2;58;57;59m▀[m[38;2;54;52;51m▀[m[38;2;58;57;59m▀[m    [38;2;84;77;59m▄[m[38;2;84;77;59;48;2;192;185;161m▀[m[38;2;146;145;136;48;2;110;109;109m▀[m[38;2;84;77;59;48;2;110;109;109m▀[m[38;2;84;77;59m▄[m[38;2;84;77;59m▄[m[38;2;57;54;49m▄[m[38;2;46;43;39m▄[m[38;2;57;54;49;48;2;57;54;49m▀[m[38;2;48;47;47;48;2;57;54;49m▀[m[38;2;48;47;47;48;2;112;84;35m▀[m[38;2;169;116;20;48;2;235;163;13m▀[m[38;2;235;163;13;48;2;235;163;13m▀[m[38;2;213;145;10;48;2;213;145;10m▀[m[38;2;85;83;84;48;2;85;83;84m▀[m[38;2;112;84;35;48;2;90;64;25m▀[m[38;2;235;163;13;48;2;213;145;10m▀[m[38;2;213;145;10;48;2;213;145;10m▀[m[38;2;46;43;39;48;2;46;43;39m▀[m[38;2;48;47;47;48;2;48;47;47m▀[m[38;2;48;47;47;48;2;169;116;20m▀[m[38;2;48;47;47;48;2;213;145;10m▀[m[38;2;48;47;47;48;2;213;145;10m▀[m[38;2;57;54;49;48;2;112;84;35m▀[m[38;2;48;47;47;48;2;57;54;49m▀[m[38;2;57;54;49;48;2;46;43;39m▀[m[38;2;57;54;49;48;2;48;47;47m▀[m[38;2;48;47;47;48;2;48;47;47m▀[m[38;2;85;83;84;48;2;85;83;84m▀[m[38;2;85;83;84;48;2;85;83;84m▀[m[38;2;57;54;49;48;2;57;54;49m▀[m       [38;2;177;148;33m▀[m[38;2;180;116;11;48;2;222;157;18m▀[m[38;2;84;64;32;48;2;187;144;48m▀[m[38;2;158;111;25;48;2;76;66;34m▀[m[38;2;158;111;25;48;2;56;49;38m▀[m[38;2;82;81;80;48;2;50;45;35m▀[m[38;2;109;105;91;48;2;50;45;35m▀[m[38;2;109;105;91;48;2;50;45;35m▀[m[38;2;51;49;49;48;2;50;45;35m▀[m[38;2;158;111;25;48;2;50;45;35m▀[m[38;2;144;119;38;48;2;51;49;49m▀[m[38;2;56;49;38;48;2;50;45;35m▀[m[38;2;51;49;49;48;2;108;86;41m▀[m[38;2;180;116;11;48;2;177;148;33m▀[m[38;2;222;157;18;48;2;222;157;18m▀[m[38;2;222;157;18;48;2;222;157;18m▀[m[38;2;222;157;18;48;2;158;111;25m▀[m[38;2;222;157;18;48;2;50;45;35m▀[m[38;2;180;116;11;48;2;108;86;41m▀[m[38;2;50;45;35;48;2;84;64;32m▀[m[38;2;76;66;34;48;2;50;45;35m▀[m[38;2;56;49;38;48;2;51;49;49m▀[m[38;2;56;49;38;48;2;51;49;49m▀[m[38;2;51;49;49;48;2;82;81;80m▀[m[38;2;177;148;33;48;2;177;148;33m▀[m[38;2;222;157;18;48;2;177;148;33m▀[m
  [38;2;58;57;59m▀[m[38;2;213;172;44m▀[m[38;2;213;172;44m▀[m[38;2;162;147;75;48;2;88;106;75m▀[m[38;2;108;107;92;48;2;167;175;164m▀[m[38;2;108;107;92;48;2;167;175;164m▀[m[38;2;78;76;77;48;2;220;215;201m▀[m[38;2;108;107;92;48;2;220;215;201m▀[m[38;2;167;175;164;48;2;88;106;75m▀[m[38;2;88;106;75;48;2;53;52;56m▀[m[38;2;58;57;59;48;2;54;52;51m▀[m[38;2;53;52;56;48;2;54;52;51m▀[m[38;2;78;76;77;48;2;62;61;67m▀[m[38;2;62;61;67;48;2;78;76;77m▀[m[38;2;53;52;56;48;2;54;52;51m▀[m[38;2;53;52;56;48;2;78;76;77m▀[m[38;2;78;76;77;48;2;213;172;44m▀[m[38;2;78;76;77;48;2;243;207;38m▀[m[38;2;53;52;56;48;2;102;91;55m▀[m[38;2;53;52;56;48;2;54;52;51m▀[m[38;2;66;171;104;48;2;150;116;50m▀[m             [38;2;57;54;49;48;2;57;54;49m▀[m[38;2;110;109;109;48;2;110;109;109m▀[m[38;2;110;109;109;48;2;110;109;109m▀[m[38;2;195;132;19;48;2;90;64;25m▀[m[38;2;187;140;31;48;2;112;84;35m▀[m[38;2;48;47;47;48;2;90;64;25m▀[m[38;2;90;64;25;48;2;235;163;13m▀[m[38;2;235;163;13;48;2;235;163;13m▀[m[38;2;235;163;13;48;2;235;163;13m▀[m[38;2;195;132;19;48;2;129;85;12m▀[m[38;2;213;145;10;48;2;90;64;25m▀[m[38;2;90;64;25;48;2;46;43;39m▀[m[38;2;46;43;39;48;2;85;83;84m▀[m[38;2;46;43;39;48;2;85;83;84m▀[m[38;2;46;43;39;48;2;46;43;39m▀[m[38;2;46;43;39;48;2;57;54;49m▀[m[38;2;48;47;47;48;2;46;43;39m▀[m[38;2;90;64;25;48;2;169;116;20m▀[m[38;2;235;163;13;48;2;235;163;13m▀[m[38;2;213;145;10;48;2;195;132;19m▀[m[38;2;116;104;43;48;2;116;104;43m▀[m[38;2;213;145;10;48;2;213;145;10m▀[m[38;2;57;54;49m▀[m[38;2;46;43;39m▀[m[38;2;57;54;49m▀[m[38;2;57;54;49m▀[m[38;2;84;77;59m▀[m             [38;2;76;66;34;48;2;158;111;25m▀[m[38;2;158;111;25;48;2;222;157;18m▀[m[38;2;180;116;11;48;2;200;124;4m▀[m[38;2;51;49;49;48;2;82;81;80m▀[m[38;2;51;49;49;48;2;82;81;80m▀[m[38;2;51;49;49;48;2;82;81;80m▀[m[38;2;51;49;49;48;2;82;81;80m▀[m[38;2;50;45;35;48;2;50;45;35m▀[m[38;2;177;148;33;48;2;222;157;18m▀[m[38;2;51;49;49;48;2;158;111;25m▀[m[38;2;222;157;18;48;2;222;157;18m▀[m[38;2;158;111;25;48;2;129;111;76m▀[m[38;2;172;168;154;48;2;172;168;154m▀[m[38;2;172;168;154;48;2;158;111;25m▀[m[38;2;172;168;154;48;2;177;148;33m▀[m[38;2;56;49;38;48;2;129;111;76m▀[m[38;2;56;49;38;48;2;56;49;38m▀[m[38;2;56;49;38;48;2;51;49;49m▀[m[38;2;56;49;38;48;2;51;49;49m▀[m[38;2;56;49;38;48;2;108;86;41m▀[m[38;2;76;66;34;48;2;158;111;25m▀[m
     [38;2;178;152;49;48;2;53;52;56m▀[m[38;2;167;175;164;48;2;53;52;56m▀[m[38;2;220;215;201;48;2;58;57;59m▀[m[38;2;220;215;201m▀[m[38;2;220;215;201m▀[m[38;2;62;61;67;48;2;62;61;67m▀[m[38;2;243;207;38;48;2;243;207;38m▀[m[38;2;243;207;38;48;2;243;207;38m▀[m[38;2;62;61;67;48;2;62;61;67m▀[m[38;2;53;52;56;48;2;54;52;51m▀[m[38;2;62;61;67;48;2;54;52;51m▀[m[38;2;58;57;59;48;2;58;57;59m▀[m[38;2;62;61;67;48;2;78;76;77m▀[m[38;2;178;152;49;48;2;78;76;77m▀[m[38;2;243;207;38;48;2;62;61;67m▀[m[38;2;102;91;55;48;2;53;52;56m▀[m[38;2;58;57;59;48;2;84;86;56m▀[m            [38;2;57;54;49;48;2;84;77;59m▀[m[38;2;110;109;109;48;2;57;54;49m▀[m[38;2;110;109;109;48;2;57;54;49m▀[m[38;2;110;109;109;48;2;84;77;59m▀[m[38;2;57;54;49;48;2;84;77;59m▀[m[38;2;84;77;59;48;2;84;77;59m▀[m  [38;2;129;85;12;48;2;110;109;109m▀[m[38;2;213;145;10;48;2;112;84;35m▀[m[38;2;213;145;10;48;2;57;54;49m▀[m[38;2;90;64;25m▀[m[38;2;48;47;47;48;2;57;54;49m▀[m[38;2;48;47;47;48;2;57;54;49m▀[m[38;2;110;109;109;48;2;85;83;84m▀[m[38;2;110;109;109;48;2;213;145;10m▀[m[38;2;90;64;25;48;2;213;145;10m▀[m[38;2;48;47;47;48;2;90;64;25m▀[m[38;2;112;84;35;48;2;112;84;35m▀[m[38;2;112;84;35;48;2;57;54;49m▀[m[38;2;169;116;20;48;2;57;54;49m▀[m[38;2;213;145;10;48;2;129;85;12m▀[m[38;2;213;145;10;48;2;90;64;25m▀[m[38;2;169;116;20;48;2;90;64;25m▀[m[38;2;57;54;49m▄[m                [38;2;177;148;33;48;2;56;49;38m▀[m[38;2;82;81;80;48;2;82;81;80m▀[m[38;2;158;111;25;48;2;50;45;35m▀[m[38;2;222;157;18;48;2;180;116;11m▀[m[38;2;180;116;11;48;2;200;124;4m▀[m[38;2;180;116;11;48;2;200;124;4m▀[m[38;2;222;157;18;48;2;200;124;4m▀[m[38;2;108;86;41;48;2;158;111;25m▀[m[38;2;50;45;35;48;2;50;45;35m▀[m[38;2;180;116;11;48;2;180;116;11m▀[m[38;2;84;64;32;48;2;108;86;41m▀[m[38;2;222;157;18;48;2;200;124;4m▀[m[38;2;129;111;76;48;2;144;119;38m▀[m[38;2;172;168;154;48;2;172;168;154m▀[m[38;2;158;111;25;48;2;109;105;91m▀[m[38;2;222;157;18;48;2;109;105;91m▀[m[38;2;129;111;76;48;2;56;49;38m▀[m[38;2;56;49;38m▀[m[38;2;56;49;38m▀[m[38;2;50;45;35m▀[m[38;2;84;64;32m▀[m[38;2;187;144;48m▀[m
   [38;2;178;152;49m▄[m[38;2;102;91;55;48;2;213;172;44m▀[m[38;2;78;76;77;48;2;213;172;44m▀[m[38;2;62;61;67;48;2;54;52;51m▀[m[38;2;58;57;59m▀[m[38;2;84;86;56m▄[m[38;2;58;57;59;48;2;178;152;49m▀[m[38;2;62;61;67;48;2;178;152;49m▀[m[38;2;78;76;77;48;2;102;91;55m▀[m[38;2;62;61;67;48;2;54;52;51m▀[m[38;2;53;52;56m▀[m   [38;2;178;152;49m▄[m[38;2;54;52;51;48;2;213;172;44m▀[m[38;2;54;52;51;48;2;243;207;38m▀[m[38;2;53;52;56;48;2;102;91;55m▀[m[38;2;53;52;56;48;2;54;52;51m▀[m                [38;2;146;145;136m▀[m[38;2;192;185;161;48;2;110;109;109m▀[m[38;2;116;104;43;48;2;110;109;109m▀[m[38;2;146;145;136;48;2;110;109;109m▀[m[38;2;110;109;109;48;2;110;109;109m▀[m[38;2;109;101;86;48;2;84;77;59m▀[m   [38;2;84;77;59;48;2;84;77;59m▀[m[38;2;213;145;10;48;2;195;132;19m▀[m[38;2;213;145;10;48;2;213;145;10m▀[m[38;2;235;163;13;48;2;169;116;20m▀[m[38;2;84;77;59;48;2;57;54;49m▀[m[38;2;84;77;59m▄[m  [38;2;57;54;49;48;2;57;54;49m▀[m[38;2;169;116;20;48;2;195;132;19m▀[m[38;2;169;116;20;48;2;213;145;10m▀[m[38;2;129;85;12;48;2;129;85;12m▀[m                [38;2;56;49;38m▄[m[38;2;84;64;32;48;2;222;157;18m▀[m[38;2;50;45;35;48;2;222;157;18m▀[m[38;2;56;49;38;48;2;180;116;11m▀[m[38;2;84;64;32;48;2;51;49;49m▀[m[38;2;158;111;25;48;2;50;45;35m▀[m[38;2;144;119;38m▀[m[38;2;76;66;34m▀[m [38;2;76;66;34m▀[m[38;2;158;111;25;48;2;158;111;25m▀[m[38;2;180;116;11;48;2;158;111;25m▀[m[38;2;180;116;11;48;2;84;64;32m▀[m[38;2;84;64;32;48;2;56;49;38m▀[m[38;2;108;86;41;48;2;50;45;35m▀[m[38;2;108;86;41;48;2;50;45;35m▀[m[38;2;76;66;34m▀[m
   [38;2;243;207;38m▀[m[38;2;213;172;44m▀[m[38;2;213;172;44m▀[m[38;2;58;57;59m▀[m [38;2;178;152;49;48;2;84;86;56m▀[m[38;2;243;207;38;48;2;58;57;59m▀[m[38;2;243;207;38;48;2;153;155;51m▀[m[38;2;150;116;50;48;2;84;86;56m▀[m[38;2;58;57;59m▀[m    [38;2;178;152;49m▀[m[38;2;213;172;44m▀[m[38;2;243;207;38m▀[m[38;2;102;91;55m▀[m[38;2;58;57;59m▀[m                 [38;2;84;77;59m▀[m[38;2;57;54;49m▀[m[38;2;57;54;49m▀[m[38;2;84;77;59m▀[m  [38;2;84;77;59;48;2;84;77;59m▀[m[38;2;110;109;109;48;2;146;145;136m▀[m[38;2;192;185;161;48;2;146;145;136m▀[m[38;2;192;185;161;48;2;116;104;43m▀[m[38;2;109;101;86;48;2;84;77;59m▀[m    [38;2;110;109;109;48;2;116;104;43m▀[m[38;2;192;185;161;48;2;116;104;43m▀[m[38;2;192;185;161;48;2;116;104;43m▀[m[38;2;110;109;109;48;2;57;54;49m▀[m[38;2;57;54;49m▀[m                [38;2;76;66;34m▀[m[38;2;76;66;34m▀[m[38;2;76;66;34m▀[m[38;2;76;66;34m▀[m[38;2;76;66;34m▀[m    [38;2;76;66;34m▀[m[38;2;222;157;18;48;2;144;119;38m▀[m[38;2;177;148;33;48;2;56;49;38m▀[m[38;2;222;157;18;48;2;144;119;38m▀[m[38;2;108;86;41;48;2;56;49;38m▀[m[38;2;82;81;80;48;2;56;49;38m▀[m[38;2;76;66;34m▀[m

[1mchippunk[m                          [1msolderat[m                          [1mrackoon[m
                                       [38;2;85;77;57m▄[m[38;2;85;77;57;48;2;85;84;84m▀[m[38;2;85;77;57;48;2;64;62;56m▀[m    [38;2;83;82;81m▄[m[38;2;64;62;56;48;2;108;106;106m▀[m                             [38;2;72;67;62m▄[m[38;2;72;67;62m▄[m   [38;2;72;67;62;48;2;108;102;93m▀[m[38;2;72;67;62m▄[m
                                      [38;2;107;86;36m▄[m[38;2;108;106;106;48;2;175;141;38m▀[m[38;2;105;97;84;48;2;105;97;84m▀[m[38;2;64;62;56;48;2;64;62;56m▀[m  [38;2;85;77;57m▄[m[38;2;64;62;56;48;2;139;121;87m▀[m[38;2;175;141;38;48;2;226;155;12m▀[m[38;2;165;118;27;48;2;200;131;24m▀[m                            [38;2;84;76;65m▄[m[38;2;113;89;44;48;2;187;147;35m▀[m[38;2;51;48;42;48;2;85;84;83m▀[m[38;2;84;76;65m▄[m [38;2;72;67;62;48;2;155;123;54m▀[m[38;2;215;147;11;48;2;215;147;11m▀[m[38;2;103;101;64;48;2;113;89;44m▀[m
                                     [38;2;85;77;57;48;2;64;62;56m▀[m[38;2;105;97;84;48;2;175;141;38m▀[m[38;2;226;155;12;48;2;226;155;12m▀[m[38;2;105;97;84;48;2;85;84;84m▀[m[38;2;64;62;56;48;2;64;62;56m▀[m [38;2;85;77;57m▄[m[38;2;105;97;84;48;2;108;106;106m▀[m[38;2;139;121;87;48;2;226;155;12m▀[m[38;2;226;155;12;48;2;226;155;12m▀[m[38;2;200;131;24;48;2;200;131;24m▀[m[38;2;85;77;57m▄[m                           [38;2;84;76;65;48;2;84;76;65m▀[m[38;2;187;147;35;48;2;187;147;35m▀[m[38;2;159;114;27;48;2;159;114;27m▀[m[38;2;84;76;65;48;2;84;76;65m▀[m[38;2;84;76;65;48;2;84;76;65m▀[m[38;2;215;147;11;48;2;232;163;20m▀[m[38;2;215;147;11;48;2;215;147;11m▀[m[38;2;103;101;64;48;2;103;101;64m▀[m
     [38;2;80;75;68;48;2;80;81;86m▀[m[38;2;77;76;77m▄[m     [38;2;77;76;77m▄[m[38;2;80;75;68;48;2;102;100;100m▀[m[38;2;77;76;77;48;2;107;110;117m▀[m                      [38;2;64;62;56;48;2;64;62;56m▀[m[38;2;175;141;38;48;2;175;141;38m▀[m[38;2;226;155;12;48;2;226;155;12m▀[m[38;2;107;84;46;48;2;107;84;46m▀[m[38;2;64;62;56m▀[m [38;2;85;84;84;48;2;85;84;84m▀[m[38;2;108;106;106;48;2;175;141;38m▀[m[38;2;226;155;12;48;2;226;155;12m▀[m[38;2;226;155;12;48;2;226;155;12m▀[m[38;2;200;131;24;48;2;64;62;56m▀[m                             [38;2;113;89;44;48;2;85;84;83m▀[m[38;2;51;48;42;48;2;108;102;93m▀[m[38;2;72;67;62;48;2;108;102;93m▀[m[38;2;72;67;62;48;2;85;84;83m▀[m[38;2;159;114;27;48;2;113;89;44m▀[m[38;2;159;114;27;48;2;72;67;62m▀[m
    [38;2;127;85;41;48;2;127;85;41m▀[m[38;2;150;108;92;48;2;223;97;52m▀[m[38;2;107;110;117;48;2;80;81;86m▀[m[38;2;77;76;77;48;2;80;81;86m▀[m[38;2;77;76;77m▄[m[38;2;80;75;68m▄[m[38;2;91;82;62m▄[m[38;2;91;82;62;48;2;150;108;92m▀[m[38;2;150;108;92;48;2;223;97;52m▀[m[38;2;223;97;52;48;2;223;97;52m▀[m[38;2;150;108;92;48;2;150;108;92m▀[m           [38;2;80;75;68m▄[m[38;2;80;75;68m▄[m          [38;2;107;86;36;48;2;64;62;56m▀[m[38;2;107;86;36;48;2;105;97;84m▀[m[38;2;64;62;56;48;2;108;106;106m▀[m[38;2;85;77;57;48;2;108;106;106m▀[m[38;2;83;82;81;48;2;85;84;84m▀[m[38;2;85;84;84;48;2;85;84;84m▀[m[38;2;226;155;12;48;2;107;84;46m▀[m[38;2;200;131;24;48;2;107;84;46m▀[m[38;2;107;86;36;48;2;85;77;57m▀[m                             [38;2;103;101;64;48;2;113;89;44m▀[m[38;2;108;102;93;48;2;187;147;35m▀[m[38;2;103;101;64;48;2;72;67;62m▀[m[38;2;72;67;62;48;2;228;207;89m▀[m[38;2;51;48;42;48;2;120;222;4m▀[m[38;2;108;102;93;48;2;103;101;64m▀[m[38;2;85;84;83;48;2;159;114;27m▀[m[38;2;84;76;65m▄[m[38;2;72;67;62m▄[m[38;2;84;76;65;48;2;108;102;93m▀[m
    [38;2;127;85;41;48;2;91;82;62m▀[m[38;2;150;108;92;48;2;138;141;146m▀[m[38;2;107;110;117;48;2;138;141;146m▀[m[38;2;138;141;146;48;2;138;141;146m▀[m[38;2;125;129;134;48;2;138;141;146m▀[m[38;2;80;81;86;48;2;125;129;134m▀[m[38;2;107;110;117;48;2;123;126;131m▀[m[38;2;115;86;49;48;2;107;110;117m▀[m[38;2;223;97;52;48;2;162;113;41m▀[m[38;2;223;97;52;48;2;150;108;92m▀[m[38;2;150;108;92;48;2;80;75;68m▀[m        [38;2;107;110;117m▄[m[38;2;102;100;100;48;2;107;110;117m▀[m[38;2;77;76;77;48;2;107;110;117m▀[m[38;2;102;100;100;48;2;107;110;117m▀[m[38;2;107;110;117;48;2;107;110;117m▀[m[38;2;107;110;117m▄[m[38;2;107;110;117m▄[m[38;2;91;82;62m▄[m      [38;2;64;62;56;48;2;175;141;38m▀[m[38;2;105;97;84;48;2;226;155;12m▀[m[38;2;85;84;84;48;2;107;84;46m▀[m[38;2;53;51;51;48;2;64;62;56m▀[m[38;2;64;62;56;48;2;166;177;91m▀[m[38;2;64;62;56;48;2;117;215;4m▀[m[38;2;85;84;84;48;2;85;77;57m▀[m[38;2;85;84;84;48;2;139;121;87m▀[m[38;2;43;41;38;48;2;85;84;84m▀[m[38;2;154;151;141;48;2;105;97;84m▀[m[38;2;64;62;56m▄[m [38;2;107;86;36m▄[m[38;2;85;77;57;48;2;108;106;106m▀[m[38;2;108;106;106;48;2;139;121;87m▀[m[38;2;85;77;57;48;2;108;106;106m▀[m[38;2;85;77;57m▄[m       [38;2;108;106;106m▄[m[38;2;107;86;36m▄[m            [38;2;224;211;169;48;2;103;101;64m▀[m[38;2;224;211;169;48;2;224;211;169m▀[m[38;2;209;195;152;48;2;224;211;169m▀[m[38;2;51;48;42;48;2;55;52;51m▀[m[38;2;120;222;4;48;2;51;48;42m▀[m[38;2;72;67;62;48;2;103;101;64m▀[m[38;2;155;123;54;48;2;159;114;27m▀[m[38;2;155;123;54;48;2;51;48;42m▀[m[38;2;72;67;62;48;2;51;48;42m▀[m[38;2;108;102;93;48;2;85;84;83m▀[m[38;2;85;84;83;48;2;51;48;42m▀[m[38;2;84;76;65m▄[m[38;2;103;101;64m▄[m
   [38;2;77;76;77;48;2;61;214;76m▀[m[38;2;138;141;146;48;2;80;81;86m▀[m[38;2;138;141;146;48;2;107;110;117m▀[m[38;2;138;141;146;48;2;107;110;117m▀[m[38;2;138;141;146;48;2;91;82;62m▀[m[38;2;138;141;146;48;2;91;82;62m▀[m[38;2;107;110;117;48;2;91;82;62m▀[m[38;2;107;110;117;48;2;77;76;77m▀[m[38;2;123;126;131;48;2;102;100;100m▀[m[38;2;80;81;86;48;2;107;110;117m▀[m[38;2;77;76;77;48;2;80;81;86m▀[m[38;2;77;76;77;48;2;168;168;169m▀[m[38;2;126;127;126m▄[m      [38;2;80;75;68m▄[m[38;2;77;76;77;48;2;77;76;77m▀[m[38;2;107;110;117;48;2;91;82;62m▀[m[38;2;91;82;62;48;2;162;113;41m▀[m[38;2;127;85;41;48;2;199;165;72m▀[m[38;2;80;75;68;48;2;199;165;72m▀[m[38;2;80;81;86;48;2;77;76;77m▀[m[38;2;107;110;117;48;2;107;110;117m▀[m[38;2;91;82;62;48;2;77;76;77m▀[m[38;2;80;75;68m▄[m   [38;2;83;82;81m▄[m[38;2;85;77;57;48;2;248;237;192m▀[m[38;2;107;84;46;48;2;248;237;192m▀[m[38;2;107;84;46;48;2;248;237;192m▀[m[38;2;107;84;46;48;2;85;84;84m▀[m[38;2;64;62;56;48;2;64;62;56m▀[m[38;2;117;215;4;48;2;107;86;36m▀[m[38;2;117;215;4;48;2;85;77;57m▀[m[38;2;64;62;56m▄[m[38;2;139;121;87;48;2;139;121;87m▀[m[38;2;165;118;27;48;2;85;84;84m▀[m[38;2;105;97;84;48;2;154;151;141m▀[m[38;2;108;106;106;48;2;105;97;84m▀[m [38;2;85;77;57;48;2;85;77;57m▀[m[38;2;139;121;87;48;2;85;84;84m▀[m[38;2;107;86;36;48;2;139;121;87m▀[m[38;2;108;106;106;48;2;108;106;106m▀[m[38;2;85;84;84m▀[m     [38;2;83;82;81;48;2;105;97;84m▀[m[38;2;105;97;84;48;2;108;106;106m▀[m[38;2;108;106;106;48;2;175;141;38m▀[m[38;2;85;84;84;48;2;226;155;12m▀[m[38;2;107;86;36;48;2;139;121;87m▀[m[38;2;85;77;57;48;2;108;106;106m▀[m         [38;2;72;67;62m▀[m[38;2;209;195;152;48;2;84;76;65m▀[m[38;2;224;211;169;48;2;84;76;65m▀[m[38;2;179;185;113m▀[m[38;2;51;48;42;48;2;72;67;62m▀[m[38;2;55;52;51;48;2;51;48;42m▀[m[38;2;51;48;42;48;2;55;52;51m▀[m[38;2;51;48;42;48;2;113;89;44m▀[m[38;2;113;89;44;48;2;232;163;20m▀[m[38;2;113;89;44;48;2;159;114;27m▀[m[38;2;55;52;51;48;2;55;52;51m▀[m[38;2;85;84;83;48;2;85;84;83m▀[m[38;2;108;102;93;48;2;51;48;42m▀[m[38;2;84;76;65m▀[m  [38;2;72;67;62m▄[m[38;2;84;76;65;48;2;103;101;64m▀[m
 [38;2;80;75;68m▄[m[38;2;126;127;126m▄[m[38;2;61;214;76;48;2;126;127;126m▀[m[38;2;60;55;54;48;2;107;110;117m▀[m[38;2;80;81;86;48;2;125;129;134m▀[m[38;2;80;81;86;48;2;107;110;117m▀[m[38;2;80;75;68;48;2;80;75;68m▀[m[38;2;61;214;76;48;2;61;214;76m▀[m[38;2;61;214;76;48;2;61;214;76m▀[m[38;2;61;214;76;48;2;61;214;76m▀[m[38;2;91;82;62;48;2;91;82;62m▀[m[38;2;107;110;117;48;2;107;110;117m▀[m[38;2;80;81;86;48;2;80;81;86m▀[m[38;2;91;82;62;48;2;168;168;169m▀[m[38;2;77;76;77m▄[m      [38;2;102;100;100;48;2;77;76;77m▀[m[38;2;107;110;117;48;2;91;82;62m▀[m[38;2;91;82;62;48;2;60;55;54m▀[m[38;2;162;113;41;48;2;80;81;86m▀[m[38;2;162;113;41;48;2;162;113;41m▀[m[38;2;162;113;41;48;2;162;113;41m▀[m[38;2;77;76;77;48;2;77;76;77m▀[m[38;2;107;110;117;48;2;107;110;117m▀[m[38;2;107;110;117;48;2;77;76;77m▀[m[38;2;77;76;77;48;2;80;75;68m▀[m  [38;2;85;77;57m▄[m[38;2;83;82;81m▄[m[38;2;154;151;141;48;2;225;214;170m▀[m[38;2;248;237;192;48;2;225;214;170m▀[m[38;2;225;214;170;48;2;225;214;170m▀[m[38;2;154;151;141;48;2;139;121;87m▀[m[38;2;85;84;84;48;2;85;84;84m▀[m[38;2;53;51;51;48;2;85;84;84m▀[m[38;2;85;84;84;48;2;85;84;84m▀[m[38;2;108;106;106;48;2;85;84;84m▀[m[38;2;85;84;84;48;2;43;41;38m▀[m[38;2;154;151;141;48;2;43;41;38m▀[m[38;2;154;151;141;48;2;64;62;56m▀[m[38;2;43;41;38;48;2;53;51;51m▀[m[38;2;85;84;84;48;2;53;51;51m▀[m[38;2;85;84;84;48;2;64;62;56m▀[m[38;2;85;77;57;48;2;64;62;56m▀[m[38;2;53;51;51;48;2;85;84;84m▀[m[38;2;85;77;57;48;2;64;62;56m▀[m[38;2;165;118;27m▄[m[38;2;226;155;12m▄[m[38;2;107;86;36m▄[m  [38;2;85;77;57m▄[m[38;2;64;62;56;48;2;85;84;84m▀[m[38;2;139;121;87;48;2;105;97;84m▀[m[38;2;165;118;27;48;2;175;141;38m▀[m[38;2;83;82;81;48;2;200;131;24m▀[m[38;2;165;118;27;48;2;165;118;27m▀[m[38;2;64;62;56;48;2;108;106;106m▀[m[38;2;64;62;56m▄[m           [38;2;72;67;62;48;2;215;147;11m▀[m[38;2;51;48;42;48;2;143;109;47m▀[m[38;2;85;84;83;48;2;113;89;44m▀[m[38;2;55;52;51;48;2;159;114;27m▀[m[38;2;187;147;35;48;2;113;89;44m▀[m[38;2;108;102;93;48;2;85;84;83m▀[m[38;2;113;89;44;48;2;51;48;42m▀[m[38;2;55;52;51;48;2;108;102;93m▀[m[38;2;72;67;62;48;2;85;84;83m▀[m[38;2;155;123;54;48;2;113;89;44m▀[m[38;2;159;114;27m▄[m[38;2;187;147;35m▄[m[38;2;215;147;11;48;2;159;114;27m▀[m[38;2;159;114;27;48;2;72;67;62m▀[m[38;2;55;52;51;48;2;103;101;64m▀[m[38;2;72;67;62m▄[m
[38;2;80;75;68;48;2;77;76;77m▀[m[38;2;168;168;169;48;2;138;141;146m▀[m[38;2;225;216;187;48;2;77;76;77m▀[m[38;2;225;216;187;48;2;225;216;187m▀[m[38;2;225;216;187;48;2;225;216;187m▀[m[38;2;91;82;62;48;2;91;82;62m▀[m[38;2;125;129;134;48;2;125;129;134m▀[m[38;2;102;100;100;48;2;107;110;117m▀[m[38;2;80;75;68;48;2;168;168;169m▀[m[38;2;80;75;68;48;2;168;168;169m▀[m[38;2;77;76;77;48;2;123;126;131m▀[m[38;2;107;110;117;48;2;80;81;86m▀[m[38;2;80;81;86;48;2;60;55;54m▀[m[38;2;60;55;54;48;2;80;81;86m▀[m[38;2;138;141;146;48;2;80;81;86m▀[m[38;2;91;82;62;48;2;115;86;49m▀[m[38;2;91;82;62;48;2;229;172;47m▀[m[38;2;115;86;49;48;2;150;108;92m▀[m[38;2;229;172;47;48;2;162;113;41m▀[m[38;2;229;172;47;48;2;229;172;47m▀[m[38;2;127;85;41;48;2;162;113;41m▀[m[38;2;77;76;77m▄[m[38;2;80;75;68m▄[m[38;2;77;76;77;48;2;80;81;86m▀[m[38;2;80;81;86;48;2;60;55;54m▀[m[38;2;80;81;86;48;2;77;76;77m▀[m[38;2;77;76;77;48;2;102;100;100m▀[m[38;2;77;76;77;48;2;107;110;117m▀[m[38;2;107;110;117;48;2;91;82;62m▀[m[38;2;107;110;117;48;2;107;110;117m▀[m[38;2;77;76;77;48;2;77;76;77m▀[m    [38;2;149;144;126m▀[m[38;2;154;151;141m▀[m[38;2;154;151;141m▀[m[38;2;83;82;81m▀[m[38;2;85;77;57m▀[m[38;2;64;62;56;48;2;85;77;57m▀[m[38;2;43;41;38;48;2;53;51;51m▀[m[38;2;43;41;38;48;2;53;51;51m▀[m[38;2;64;62;56;48;2;53;51;51m▀[m[38;2;53;51;51;48;2;226;155;12m▀[m[38;2;107;84;46;48;2;226;155;12m▀[m[38;2;200;131;24;48;2;200;131;24m▀[m[38;2;107;84;46;48;2;108;106;106m▀[m[38;2;85;84;84;48;2;139;121;87m▀[m[38;2;85;84;84;48;2;226;155;12m▀[m[38;2;53;51;51;48;2;165;118;27m▀[m[38;2;85;84;84;48;2;53;51;51m▀[m[38;2;85;84;84;48;2;53;51;51m▀[m[38;2;85;84;84;48;2;53;51;51m▀[m[38;2;226;155;12;48;2;107;84;46m▀[m[38;2;226;155;12;48;2;108;106;106m▀[m[38;2;64;62;56;48;2;85;84;84m▀[m[38;2;85;84;84m▄[m[38;2;64;62;56;48;2;53;51;51m▀[m[38;2;85;84;84;48;2;85;77;57m▀[m[38;2;53;51;51m▀[m[38;2;105;97;84;48;2;85;84;84m▀[m[38;2;165;118;27;48;2;53;51;51m▀[m[38;2;85;84;84;48;2;64;62;56m▀[m[38;2;64;62;56;48;2;64;62;56m▀[m           [38;2;72;67;62;48;2;187;147;35m▀[m[38;2;215;147;11;48;2;187;147;35m▀[m[38;2;159;114;27;48;2;228;207;89m▀[m[38;2;187;147;35;48;2;228;207;89m▀[m[38;2;215;147;11;48;2;187;147;35m▀[m[38;2;215;147;11;48;2;232;163;20m▀[m[38;2;55;52;51;48;2;143;109;47m▀[m[38;2;108;102;93;48;2;85;84;83m▀[m[38;2;108;102;93;48;2;113;89;44m▀[m[38;2;159;114;27;48;2;159;114;27m▀[m[38;2;113;89;44;48;2;159;114;27m▀[m[38;2;51;48;42;48;2;51;48;42m▀[m[38;2;159;114;27;48;2;55;52;51m▀[m[38;2;155;123;54;48;2;113;89;44m▀[m[38;2;51;48;42;48;2;51;48;42m▀[m[38;2;85;84;83;48;2;55;52;51m▀[m[38;2;72;67;62m▀[m
[38;2;77;76;77m▀[m[38;2;80;75;68;48;2;77;76;77m▀[m[38;2;80;75;68;48;2;138;141;146m▀[m[38;2;225;216;187;48;2;138;141;146m▀[m[38;2;225;216;187;48;2;77;76;77m▀[m[38;2;91;82;62m▀[m[38;2;91;82;62m▀[m[38;2;80;81;86;48;2;127;85;41m▀[m[38;2;107;110;117;48;2;60;55;54m▀[m[38;2;102;100;100;48;2;60;55;54m▀[m[38;2;60;55;54;48;2;80;81;86m▀[m[38;2;60;55;54;48;2;115;86;49m▀[m[38;2;60;55;54;48;2;229;172;47m▀[m[38;2;77;76;77;48;2;229;172;47m▀[m[38;2;115;86;49;48;2;162;113;41m▀[m[38;2;150;108;92;48;2;162;113;41m▀[m[38;2;229;172;47;48;2;162;113;41m▀[m[38;2;199;165;72;48;2;115;86;49m▀[m[38;2;127;85;41m▀[m[38;2;115;86;49;48;2;102;100;100m▀[m[38;2;168;168;169;48;2;168;168;169m▀[m[38;2;168;168;169;48;2;115;86;49m▀[m[38;2;91;82;62;48;2;107;110;117m▀[m[38;2;77;76;77;48;2;80;75;68m▀[m  [38;2;77;76;77m▀[m[38;2;102;100;100m▀[m            [38;2;85;77;57;48;2;226;155;12m▀[m[38;2;165;118;27;48;2;117;215;4m▀[m[38;2;165;118;27;48;2;175;141;38m▀[m[38;2;165;118;27;48;2;226;155;12m▀[m[38;2;226;155;12;48;2;107;86;36m▀[m[38;2;226;155;12;48;2;53;51;51m▀[m[38;2;107;84;46;48;2;43;41;38m▀[m[38;2;108;106;106;48;2;85;84;84m▀[m[38;2;226;155;12;48;2;175;141;38m▀[m[38;2;165;118;27;48;2;175;141;38m▀[m[38;2;226;155;12;48;2;226;155;12m▀[m[38;2;53;51;51;48;2;53;51;51m▀[m[38;2;53;51;51;48;2;107;84;46m▀[m[38;2;53;51;51;48;2;85;84;84m▀[m[38;2;154;151;141;48;2;108;106;106m▀[m[38;2;108;106;106;48;2;175;141;38m▀[m[38;2;175;141;38;48;2;226;155;12m▀[m[38;2;165;118;27;48;2;165;118;27m▀[m[38;2;64;62;56;48;2;165;118;27m▀[m  [38;2;64;62;56m▀[m[38;2;85;77;57m▀[m             [38;2;155;123;54;48;2;143;109;47m▀[m[38;2;187;147;35;48;2;187;147;35m▀[m[38;2;228;207;89;48;2;228;207;89m▀[m[38;2;228;207;89;48;2;228;207;89m▀[m[38;2;187;147;35;48;2;187;147;35m▀[m[38;2;232;163;20;48;2;215;147;11m▀[m[38;2;143;109;47;48;2;72;67;62m▀[m[38;2;55;52;51;48;2;85;84;83m▀[m[38;2;85;84;83;48;2;85;84;83m▀[m[38;2;159;114;27;48;2;55;52;51m▀[m[38;2;113;89;44;48;2;51;48;42m▀[m[38;2;55;52;51;48;2;51;48;42m▀[m[38;2;85;84;83;48;2;108;102;93m▀[m[38;2;108;102;93;48;2;108;102;93m▀[m[38;2;108;102;93;48;2;232;163;20m▀[m[38;2;113;89;44;48;2;215;147;11m▀[m
       [38;2;77;76;77;48;2;80;75;68m▀[m[38;2;162;113;41;48;2;77;76;77m▀[m[38;2;150;108;92;48;2;60;55;54m▀[m[38;2;115;86;49;48;2;60;55;54m▀[m[38;2;91;82;62;48;2;77;76;77m▀[m[38;2;115;86;49;48;2;125;129;134m▀[m[38;2;60;55;54;48;2;107;110;117m▀[m[38;2;115;86;49;48;2;60;55;54m▀[m[38;2;60;55;54;48;2;162;113;41m▀[m[38;2;162;113;41;48;2;229;172;47m▀[m[38;2;229;172;47;48;2;229;172;47m▀[m[38;2;80;75;68;48;2;80;75;68m▀[m[38;2;102;100;100;48;2;91;82;62m▀[m[38;2;102;100;100;48;2;107;110;117m▀[m[38;2;229;172;47;48;2;91;82;62m▀[m[38;2;162;113;41;48;2;91;82;62m▀[m[38;2;80;75;68;48;2;80;75;68m▀[m                [38;2;175;141;38;48;2;165;118;27m▀[m[38;2;117;215;4;48;2;175;141;38m▀[m[38;2;117;215;4;48;2;175;141;38m▀[m[38;2;226;155;12;48;2;226;155;12m▀[m[38;2;107;86;36;48;2;107;84;46m▀[m[38;2;175;141;38;48;2;107;84;46m▀[m[38;2;43;41;38;48;2;43;41;38m▀[m[38;2;53;51;51;48;2;53;51;51m▀[m[38;2;85;84;84;48;2;85;84;84m▀[m[38;2;107;84;46;48;2;85;84;84m▀[m[38;2;107;84;46;48;2;53;51;51m▀[m[38;2;43;41;38;48;2;43;41;38m▀[m[38;2;165;118;27;48;2;107;84;46m▀[m[38;2;107;84;46;48;2;107;84;46m▀[m[38;2;85;84;84;48;2;85;84;84m▀[m[38;2;165;118;27;48;2;105;97;84m▀[m[38;2;175;141;38;48;2;226;155;12m▀[m[38;2;85;77;57;48;2;226;155;12m▀[m[38;2;175;141;38;48;2;107;84;46m▀[m                  [38;2;159;114;27;48;2;84;76;65m▀[m[38;2;159;114;27;48;2;143;109;47m▀[m[38;2;159;114;27;48;2;143;109;47m▀[m[38;2;159;114;27;48;2;113;89;44m▀[m[38;2;159;114;27;48;2;55;52;51m▀[m[38;2;51;48;42;48;2;113;89;44m▀[m[38;2;103;101;64;48;2;51;48;42m▀[m[38;2;85;84;83;48;2;51;48;42m▀[m[38;2;113;89;44;48;2;113;89;44m▀[m[38;2;51;48;42;48;2;232;163;20m▀[m[38;2;55;52;51;48;2;51;48;42m▀[m[38;2;85;84;83;48;2;55;52;51m▀[m[38;2;108;102;93;48;2;85;84;83m▀[m[38;2;232;163;20;48;2;159;114;27m▀[m[38;2;159;114;27;48;2;159;114;27m▀[m[38;2;84;76;65m▀[m
     [38;2;127;85;41m▄[m[38;2;162;113;41m▄[m[38;2;80;81;86;48;2;80;81;86m▀[m[38;2;60;55;54;48;2;60;55;54m▀[m[38;2;77;76;77;48;2;80;75;68m▀[m[38;2;80;75;68m▀[m[38;2;80;81;86;48;2;80;81;86m▀[m[38;2;138;141;146;48;2;80;81;86m▀[m[38;2;80;81;86;48;2;80;81;86m▀[m[38;2;77;76;77m▀[m[38;2;127;85;41m▀[m[38;2;162;113;41;48;2;60;55;54m▀[m[38;2;91;82;62;48;2;115;86;49m▀[m[38;2;77;76;77;48;2;115;86;49m▀[m [38;2;80;81;86m▀[m[38;2;107;110;117;48;2;60;55;54m▀[m[38;2;80;81;86;48;2;60;55;54m▀[m[38;2;91;82;62;48;2;199;165;72m▀[m[38;2;80;75;68;48;2;162;113;41m▀[m               [38;2;64;62;56m▄[m[38;2;165;118;27;48;2;53;51;51m▀[m[38;2;165;118;27;48;2;43;41;38m▀[m[38;2;43;41;38;48;2;64;62;56m▀[m[38;2;107;84;46;48;2;165;118;27m▀[m[38;2;53;51;51;48;2;165;118;27m▀[m[38;2;53;51;51;48;2;53;51;51m▀[m[38;2;43;41;38;48;2;43;41;38m▀[m[38;2;85;84;84;48;2;43;41;38m▀[m[38;2;85;84;84;48;2;53;51;51m▀[m[38;2;107;84;46;48;2;165;118;27m▀[m[38;2;107;84;46;48;2;226;155;12m▀[m[38;2;43;41;38;48;2;85;77;57m▀[m[38;2;43;41;38;48;2;43;41;38m▀[m[38;2;43;41;38;48;2;43;41;38m▀[m[38;2;85;84;84;48;2;64;62;56m▀[m[38;2;85;84;84;48;2;53;51;51m▀[m[38;2;85;84;84;48;2;43;41;38m▀[m[38;2;85;84;84;48;2;43;41;38m▀[m[38;2;64;62;56;48;2;175;141;38m▀[m[38;2;83;82;81m▄[m                [38;2;72;67;62;48;2;167;163;148m▀[m[38;2;55;52;51;48;2;108;102;93m▀[m[38;2;51;48;42;48;2;51;48;42m▀[m[38;2;72;67;62m▀[m[38;2;113;89;44m▀[m[38;2;55;52;51m▀[m[38;2;55;52;51;48;2;72;67;62m▀[m[38;2;51;48;42;48;2;167;163;148m▀[m[38;2;113;89;44;48;2;85;84;83m▀[m[38;2;159;114;27;48;2;72;67;62m▀[m[38;2;72;67;62;48;2;51;48;42m▀[m[38;2;72;67;62;48;2;72;67;62m▀[m[38;2;55;52;51;48;2;84;76;65m▀[m[38;2;55;52;51;48;2;85;84;83m▀[m[38;2;85;84;83;48;2;108;102;93m▀[m[38;2;72;67;62;48;2;187;147;35m▀[m
   [38;2;77;76;77m▄[m[38;2;80;75;68;48;2;138;141;146m▀[m[38;2;80;81;86;48;2;138;141;146m▀[m[38;2;162;113;41;48;2;107;110;117m▀[m[38;2;162;113;41;48;2;115;86;49m▀[m[38;2;60;55;54;48;2;80;75;68m▀[m[38;2;80;75;68m▄[m[38;2;115;86;49;48;2;162;113;41m▀[m[38;2;107;110;117;48;2;199;165;72m▀[m[38;2;80;81;86;48;2;115;86;49m▀[m[38;2;77;76;77m▀[m[38;2;80;75;68m▄[m[38;2;77;76;77;48;2;80;81;86m▀[m[38;2;115;86;49;48;2;80;81;86m▀[m[38;2;115;86;49;48;2;60;55;54m▀[m[38;2;115;86;49;48;2;115;86;49m▀[m  [38;2;115;86;49;48;2;80;81;86m▀[m[38;2;162;113;41;48;2;80;81;86m▀[m[38;2;229;172;47;48;2;115;86;49m▀[m[38;2;162;113;41;48;2;162;113;41m▀[m              [38;2;85;77;57m▄[m[38;2;64;62;56;48;2;175;141;38m▀[m[38;2;108;106;106;48;2;165;118;27m▀[m[38;2;107;84;46;48;2;107;84;46m▀[m[38;2;64;62;56m▀[m    [38;2;105;97;84;48;2;105;97;84m▀[m[38;2;108;106;106;48;2;108;106;106m▀[m[38;2;107;84;46;48;2;107;84;46m▀[m[38;2;64;62;56;48;2;85;77;57m▀[m[38;2;85;77;57m▀[m[38;2;43;41;38;48;2;43;41;38m▀[m[38;2;43;41;38;48;2;64;62;56m▀[m  [38;2;85;77;57m▀[m[38;2;85;84;84;48;2;64;62;56m▀[m[38;2;105;97;84;48;2;105;97;84m▀[m[38;2;64;62;56;48;2;107;84;46m▀[m               [38;2;84;76;65;48;2;72;67;62m▀[m[38;2;108;102;93;48;2;108;102;93m▀[m[38;2;85;84;83;48;2;113;89;44m▀[m[38;2;84;76;65m▀[m   [38;2;72;67;62;48;2;72;67;62m▀[m[38;2;108;102;93;48;2;85;84;83m▀[m[38;2;159;114;27;48;2;113;89;44m▀[m[38;2;84;76;65m▀[m[38;2;51;48;42;48;2;55;52;51m▀[m[38;2;51;48;42;48;2;72;67;62m▀[m  [38;2;55;52;51;48;2;72;67;62m▀[m[38;2;155;123;54;48;2;108;102;93m▀[m[38;2;84;76;65;48;2;103;101;64m▀[m
   [38;2;77;76;77;48;2;80;75;68m▀[m[38;2;138;141;146;48;2;77;76;77m▀[m[38;2;138;141;146;48;2;77;76;77m▀[m[38;2;107;110;117;48;2;77;76;77m▀[m[38;2;80;75;68m▀[m[38;2;138;141;146;48;2;168;168;169m▀[m[38;2;138;141;146;48;2;107;110;117m▀[m[38;2;138;141;146;48;2;138;141;146m▀[m[38;2;115;86;49;48;2;80;81;86m▀[m[38;2;162;113;41;48;2;115;86;49m▀[m [38;2;80;75;68m▀[m[38;2;80;81;86m▀[m[38;2;80;81;86m▀[m[38;2;60;55;54m▀[m  [38;2;126;127;126;48;2;126;127;126m▀[m[38;2;138;141;146;48;2;125;129;134m▀[m[38;2;138;141;146;48;2;138;141;146m▀[m[38;2;138;141;146;48;2;107;110;117m▀[m[38;2;115;86;49;48;2;60;55;54m▀[m[38;2;127;85;41;48;2;127;85;41m▀[m            [38;2;85;77;57;48;2;149;144;126m▀[m[38;2;226;155;12;48;2;149;144;126m▀[m[38;2;226;155;12;48;2;105;97;84m▀[m[38;2;226;155;12;48;2;107;86;36m▀[m[38;2;64;62;56m▀[m    [38;2;149;144;126m▄[m[38;2;226;155;12;48;2;175;141;38m▀[m[38;2;226;155;12;48;2;166;177;91m▀[m[38;2;200;131;24;48;2;175;141;38m▀[m [38;2;64;62;56;48;2;43;41;38m▀[m[38;2;53;51;51;48;2;53;51;51m▀[m[38;2;85;77;57m▀[m   [38;2;83;82;81;48;2;149;144;126m▀[m[38;2;226;155;12;48;2;107;86;36m▀[m[38;2;226;155;12;48;2;139;121;87m▀[m              [38;2;108;102;93m▄[m[38;2;232;163;20;48;2;113;89;44m▀[m[38;2;232;163;20;48;2;215;147;11m▀[m[38;2;143;109;47;48;2;84;76;65m▀[m   [38;2;84;76;65;48;2;143;109;47m▀[m[38;2;232;163;20;48;2;155;123;54m▀[m[38;2;232;163;20;48;2;215;147;11m▀[m[38;2;103;101;64;48;2;72;67;62m▀[m[38;2;51;48;42m▄[m[38;2;55;52;51;48;2;51;48;42m▀[m[38;2;84;76;65m▀[m  [38;2;72;67;62;48;2;103;101;64m▀[m[38;2;159;114;27;48;2;155;123;54m▀[m[38;2;72;67;62;48;2;143;109;47m▀[m
        [38;2;77;76;77m▀[m[38;2;77;76;77m▀[m[38;2;77;76;77m▀[m[38;2;80;75;68m▀[m                         [38;2;225;214;170;48;2;83;82;81m▀[m[38;2;154;151;141;48;2;85;77;57m▀[m[38;2;225;214;170;48;2;83;82;81m▀[m[38;2;108;106;106;48;2;83;82;81m▀[m[38;2;83;82;81m▀[m    [38;2;149;144;126;48;2;85;77;57m▀[m[38;2;154;151;141;48;2;83;82;81m▀[m[38;2;225;214;170;48;2;83;82;81m▀[m[38;2;154;151;141;48;2;83;82;81m▀[m[38;2;105;97;84;48;2;85;77;57m▀[m      [38;2;225;214;170;48;2;83;82;81m▀[m[38;2;154;151;141;48;2;83;82;81m▀[m[38;2;154;151;141;48;2;83;82;81m▀[m[38;2;108;106;106;48;2;83;82;81m▀[m             [38;2;108;102;93m▀[m[38;2;167;163;148m▀[m[38;2;167;163;148m▀[m[38;2;85;84;83m▀[m   [38;2;103;101;64;48;2;72;67;62m▀[m[38;2;167;163;148;48;2;103;101;64m▀[m[38;2;209;195;152;48;2;103;101;64m▀[m[38;2;108;102;93;48;2;72;67;62m▀[m     [38;2;167;163;148m▀[m[38;2;209;195;152m▀[m[38;2;167;163;148m▀[m[38;2;103;101;64m▀[m

[1mcoghound[m                          [1mtrackhound[m                        [1mwatchdaemon[m
                                                                               [38;2;89;85;42m▄[m[38;2;64;56;51;48;2;81;80;81m▀[m[38;2;64;56;51;48;2;81;80;81m▀[m[38;2;92;69;53;48;2;81;80;81m▀[m[38;2;112;109;106m▄[m[38;2;162;99;51m▄[m[38;2;92;69;53;48;2;195;117;55m▀[m[38;2;89;85;42;48;2;179;107;51m▀[m[38;2;89;85;42;48;2;81;80;81m▀[m[38;2;89;85;42;48;2;51;51;51m▀[m[38;2;89;85;42;48;2;51;51;51m▀[m[38;2;162;99;51m▄[m[38;2;195;117;55m▄[m[38;2;92;69;53m▄[m[38;2;146;141;130;48;2;112;109;106m▀[m[38;2;64;56;51;48;2;89;85;42m▀[m
                                                                             [38;2;64;56;51m▄[m[38;2;64;56;51;48;2;81;80;81m▀[m[38;2;81;80;81;48;2;81;80;81m▀[m[38;2;81;80;81;48;2;81;80;81m▀[m[38;2;81;80;81;48;2;81;80;81m▀[m[38;2;81;80;81;48;2;51;51;51m▀[m[38;2;147;86;42;48;2;162;99;51m▀[m[38;2;195;117;55;48;2;179;107;51m▀[m[38;2;195;117;55;48;2;112;109;106m▀[m[38;2;81;80;81;48;2;51;51;51m▀[m[38;2;51;51;51;48;2;51;51;51m▀[m[38;2;51;51;51;48;2;81;80;81m▀[m[38;2;51;51;51;48;2;81;80;81m▀[m[38;2;81;80;81;48;2;81;80;81m▀[m[38;2;147;86;42;48;2;121;72;39m▀[m[38;2;195;117;55;48;2;179;107;51m▀[m[38;2;147;86;42;48;2;147;86;42m▀[m[38;2;94;57;32;48;2;121;72;39m▀[m[38;2;94;57;32m▄[m
                                            [38;2;88;60;38m▄[m[38;2;88;60;38;48;2;179;107;52m▀[m[38;2;130;79;42;48;2;161;99;47m▀[m[38;2;130;79;42;48;2;118;72;41m▀[m[38;2;88;60;38m▄[m  [38;2;88;60;38m▄[m[38;2;88;60;38;48;2;179;107;52m▀[m[38;2;130;79;42;48;2;161;99;47m▀[m[38;2;130;79;42;48;2;145;84;41m▀[m[38;2;118;72;41m▄[m                  [38;2;64;56;51m▄[m[38;2;64;56;51;48;2;81;80;81m▀[m[38;2;48;40;35;48;2;51;51;51m▀[m[38;2;51;51;51;48;2;48;40;35m▀[m[38;2;51;51;51;48;2;48;40;35m▀[m[38;2;51;51;51;48;2;51;51;51m▀[m[38;2;81;80;81;48;2;81;80;81m▀[m[38;2;112;109;106;48;2;51;51;51m▀[m[38;2;51;51;51;48;2;51;51;51m▀[m[38;2;51;51;51;48;2;51;51;51m▀[m[38;2;48;40;35;48;2;64;56;51m▀[m[38;2;51;51;51;48;2;51;51;51m▀[m[38;2;51;51;51;48;2;51;51;51m▀[m[38;2;51;51;51;48;2;81;80;81m▀[m[38;2;81;80;81;48;2;84;92;40m▀[m[38;2;84;92;40;48;2;179;107;51m▀[m[38;2;81;80;81;48;2;51;51;51m▀[m[38;2;51;51;51;48;2;48;40;35m▀[m[38;2;48;40;35;48;2;48;40;35m▀[m[38;2;48;40;35;48;2;51;51;51m▀[m[38;2;94;57;32;48;2;48;40;35m▀[m[38;2;121;72;39;48;2;48;40;35m▀[m
         [38;2;102;90;79m▄[m[38;2;123;87;55;48;2;133;93;61m▀[m[38;2;102;90;79m▄[m   [38;2;123;87;55m▄[m[38;2;123;87;55;48;2;174;122;73m▀[m[38;2;123;87;55;48;2;148;104;68m▀[m                         [38;2;145;84;41;48;2;145;84;41m▀[m[38;2;197;118;55;48;2;145;84;41m▀[m[38;2;179;107;52;48;2;81;80;80m▀[m[38;2;145;84;41;48;2;81;80;80m▀[m[38;2;104;99;95;48;2;81;80;80m▀[m[38;2;53;41;33;48;2;104;99;95m▀[m[38;2;73;58;49;48;2;81;80;80m▀[m[38;2;73;58;49;48;2;94;84;41m▀[m[38;2;197;118;55;48;2;179;107;52m▀[m[38;2;161;99;47;48;2;145;84;41m▀[m[38;2;145;84;41;48;2;179;107;52m▀[m[38;2;118;72;41;48;2;179;107;52m▀[m[38;2;94;58;35;48;2;179;107;52m▀[m[38;2;161;99;47m▄[m[38;2;81;80;80m▄[m[38;2;81;80;80m▄[m[38;2;88;60;38m▄[m             [38;2;92;69;53;48;2;179;107;51m▀[m[38;2;81;80;81;48;2;51;51;51m▀[m[38;2;51;51;51;48;2;51;51;51m▀[m[38;2;81;80;81;48;2;81;80;81m▀[m[38;2;81;80;81;48;2;81;80;81m▀[m[38;2;81;80;81;48;2;81;80;81m▀[m[38;2;112;109;106;48;2;81;80;81m▀[m[38;2;81;80;81;48;2;51;51;51m▀[m[38;2;51;51;51;48;2;162;99;51m▀[m[38;2;195;117;55;48;2;147;86;42m▀[m[38;2;147;86;42;48;2;94;57;32m▀[m[38;2;92;69;53;48;2;48;40;35m▀[m[38;2;51;51;51;48;2;51;51;51m▀[m[38;2;81;80;81;48;2;112;109;106m▀[m[38;2;51;51;51;48;2;81;80;81m▀[m[38;2;84;92;40;48;2;51;51;51m▀[m[38;2;51;51;51;48;2;51;51;51m▀[m[38;2;81;80;81;48;2;112;109;106m▀[m[38;2;112;109;106;48;2;81;80;81m▀[m[38;2;51;51;51;48;2;51;51;51m▀[m[38;2;51;51;51;48;2;51;51;51m▀[m[38;2;51;51;51;48;2;51;51;51m▀[m[38;2;51;51;51;48;2;51;51;51m▀[m[38;2;92;69;53;48;2;51;51;51m▀[m
         [38;2;174;122;73;48;2;148;104;68m▀[m[38;2;116;82;56;48;2;116;82;56m▀[m[38;2;88;64;47;48;2;88;64;47m▀[m[38;2;88;64;47m▄[m[38;2;123;87;55m▄[m[38;2;102;90;79;48;2;174;122;73m▀[m[38;2;133;93;61;48;2;116;82;56m▀[m[38;2;116;82;56;48;2;148;104;68m▀[m[38;2;148;104;68;48;2;148;104;68m▀[m[38;2;123;87;55m▄[m[38;2;133;93;61m▄[m[38;2;116;82;56m▄[m[38;2;116;82;56m▄[m[38;2;123;87;55m▄[m                 [38;2;88;60;38m▄[m[38;2;179;107;52m▄[m[38;2;104;99;95m▄[m[38;2;52;50;50;48;2;104;99;95m▀[m[38;2;52;50;50;48;2;104;99;95m▀[m[38;2;52;50;50;48;2;104;99;95m▀[m[38;2;52;50;50;48;2;52;50;50m▀[m[38;2;52;50;50;48;2;52;50;50m▀[m[38;2;52;50;50;48;2;179;107;52m▀[m[38;2;53;41;33;48;2;179;107;52m▀[m[38;2;179;107;52;48;2;145;84;41m▀[m[38;2;197;118;55;48;2;197;118;55m▀[m[38;2;197;118;55;48;2;145;84;41m▀[m[38;2;197;118;55;48;2;145;84;41m▀[m[38;2;179;107;52;48;2;53;41;33m▀[m[38;2;161;99;47;48;2;94;58;35m▀[m[38;2;161;99;47;48;2;73;58;49m▀[m[38;2;53;41;33;48;2;53;41;33m▀[m[38;2;52;50;50;48;2;52;50;50m▀[m[38;2;52;50;50;48;2;52;50;50m▀[m[38;2;73;58;49m▄[m[38;2;73;58;49m▄[m           [38;2;179;107;51;48;2;147;86;42m▀[m[38;2;51;51;51;48;2;121;72;39m▀[m[38;2;64;56;51;48;2;147;86;42m▀[m[38;2;51;51;51;48;2;147;86;42m▀[m[38;2;51;51;51;48;2;147;86;42m▀[m[38;2;51;51;51;48;2;94;57;32m▀[m[38;2;51;51;51;48;2;84;92;40m▀[m[38;2;48;40;35;48;2;64;56;51m▀[m[38;2;195;117;55;48;2;179;107;51m▀[m[38;2;48;40;35;48;2;94;57;32m▀[m[38;2;94;57;32;48;2;121;72;39m▀[m[38;2;64;56;51;48;2;48;40;35m▀[m[38;2;51;51;51;48;2;48;40;35m▀[m[38;2;81;80;81;48;2;51;51;51m▀[m[38;2;81;80;81;48;2;81;80;81m▀[m[38;2;48;40;35;48;2;112;109;106m▀[m[38;2;64;56;51;48;2;89;85;42m▀[m[38;2;112;109;106;48;2;51;51;51m▀[m[38;2;51;51;51;48;2;48;40;35m▀[m[38;2;51;51;51;48;2;64;56;51m▀[m[38;2;51;51;51;48;2;48;40;35m▀[m[38;2;51;51;51;48;2;51;51;51m▀[m[38;2;51;51;51;48;2;51;51;51m▀[m[38;2;51;51;51;48;2;51;51;51m▀[m[38;2;121;72;39;48;2;121;72;39m▀[m[38;2;92;69;53m▄[m
        [38;2;102;90;79m▄[m[38;2;88;64;47;48;2;133;93;61m▀[m[38;2;88;64;47;48;2;132;94;65m▀[m[38;2;116;82;56;48;2;116;82;56m▀[m[38;2;116;82;56;48;2;88;64;47m▀[m[38;2;133;93;61;48;2;113;89;58m▀[m[38;2;133;93;61;48;2;116;82;56m▀[m[38;2;133;93;61;48;2;133;93;61m▀[m[38;2;148;104;68;48;2;148;104;68m▀[m[38;2;148;104;68;48;2;116;82;56m▀[m[38;2;123;87;55;48;2;123;87;55m▀[m[38;2;148;104;68;48;2;116;82;56m▀[m[38;2;132;94;65;48;2;133;93;61m▀[m[38;2;116;82;56;48;2;132;94;65m▀[m[38;2;148;104;68;48;2;116;82;56m▀[m[38;2;116;82;56;48;2;132;94;65m▀[m[38;2;123;87;55m▄[m               [38;2;73;58;49;48;2;73;58;49m▀[m[38;2;118;72;41;48;2;53;41;33m▀[m[38;2;81;80;80;48;2;53;41;33m▀[m[38;2;81;80;80;48;2;53;41;33m▀[m[38;2;81;80;80;48;2;118;72;41m▀[m[38;2;52;50;50;48;2;118;72;41m▀[m[38;2;52;50;50;48;2;53;41;33m▀[m[38;2;94;58;35;48;2;145;84;41m▀[m[38;2;179;107;52;48;2;118;72;41m▀[m[38;2;94;58;35;48;2;52;50;50m▀[m[38;2;53;41;33;48;2;94;58;35m▀[m[38;2;179;107;52;48;2;179;107;52m▀[m[38;2;94;58;35;48;2;145;84;41m▀[m[38;2;94;58;35;48;2;145;84;41m▀[m[38;2;94;58;35;48;2;94;58;35m▀[m[38;2;118;72;41;48;2;94;58;35m▀[m[38;2;94;58;35;48;2;53;41;33m▀[m[38;2;73;58;49;48;2;53;41;33m▀[m[38;2;52;50;50;48;2;52;50;50m▀[m[38;2;104;99;95;48;2;81;80;80m▀[m[38;2;81;80;80;48;2;52;50;50m▀[m[38;2;52;50;50;48;2;52;50;50m▀[m          [38;2;92;69;53;48;2;162;99;51m▀[m[38;2;179;107;51;48;2;162;99;51m▀[m[38;2;147;86;42;48;2;162;99;51m▀[m[38;2;147;86;42;48;2;147;86;42m▀[m[38;2;147;86;42;48;2;147;86;42m▀[m[38;2;147;86;42;48;2;162;99;51m▀[m[38;2;179;107;51;48;2;195;117;55m▀[m[38;2;195;117;55;48;2;179;107;51m▀[m[38;2;195;117;55;48;2;147;86;42m▀[m[38;2;179;107;51;48;2;147;86;42m▀[m[38;2;147;86;42;48;2;179;107;51m▀[m[38;2;48;40;35;48;2;147;86;42m▀[m[38;2;121;72;39;48;2;121;72;39m▀[m[38;2;48;40;35;48;2;121;72;39m▀[m[38;2;51;51;51;48;2;48;40;35m▀[m[38;2;112;109;106;48;2;48;40;35m▀[m[38;2;84;92;40;48;2;64;56;51m▀[m[38;2;146;141;130;48;2;64;56;51m▀[m[38;2;51;51;51;48;2;51;51;51m▀[m[38;2;51;51;51;48;2;51;51;51m▀[m[38;2;48;40;35;48;2;64;56;51m▀[m[38;2;51;51;51;48;2;51;51;51m▀[m[38;2;48;40;35;48;2;99;158;27m▀[m[38;2;64;56;51;48;2;99;158;27m▀[m[38;2;48;40;35;48;2;89;85;42m▀[m[38;2;94;57;32;48;2;48;40;35m▀[m[38;2;64;56;51;48;2;147;86;42m▀[m
      [38;2;123;87;55m▄[m[38;2;102;90;79;48;2;148;104;68m▀[m[38;2;116;82;56;48;2;133;93;61m▀[m[38;2;148;104;68;48;2;133;93;61m▀[m[38;2;116;82;56;48;2;174;122;73m▀[m[38;2;113;89;58;48;2;176;135;87m▀[m[38;2;88;64;47;48;2;176;135;87m▀[m[38;2;88;64;47;48;2;176;135;87m▀[m[38;2;123;87;55;48;2;176;135;87m▀[m[38;2;88;64;47;48;2;148;104;68m▀[m[38;2;116;82;56;48;2;88;64;47m▀[m[38;2;113;89;58;48;2;157;158;154m▀[m[38;2;157;158;154;48;2;157;158;154m▀[m[38;2;157;158;154;48;2;116;82;56m▀[m[38;2;92;88;85;48;2;108;112;117m▀[m[38;2;116;82;56;48;2;88;64;47m▀[m[38;2;116;82;56;48;2;148;104;68m▀[m[38;2;133;93;61;48;2;148;104;68m▀[m[38;2;148;104;68;48;2;148;104;68m▀[m[38;2;88;64;47;48;2;148;104;68m▀[m   [38;2;148;104;68m▄[m[38;2;123;87;55m▄[m       [38;2;88;60;38;48;2;130;79;42m▀[m[38;2;161;99;47;48;2;94;58;35m▀[m[38;2;104;99;95;48;2;53;41;33m▀[m[38;2;104;99;95;48;2;53;41;33m▀[m[38;2;104;99;95;48;2;118;72;41m▀[m[38;2;147;120;89;48;2;179;107;52m▀[m[38;2;197;118;55;48;2;145;84;41m▀[m[38;2;179;107;52;48;2;73;58;49m▀[m[38;2;197;118;55;48;2;73;58;49m▀[m[38;2;179;107;52;48;2;179;107;52m▀[m[38;2;118;72;41;48;2;145;84;41m▀[m[38;2;118;72;41;48;2;53;41;33m▀[m[38;2;53;41;33;48;2;53;41;33m▀[m[38;2;53;41;33;48;2;53;41;33m▀[m[38;2;53;41;33;48;2;52;50;50m▀[m[38;2;52;50;50;48;2;104;99;95m▀[m[38;2;52;50;50;48;2;52;50;50m▀[m[38;2;81;80;80;48;2;52;50;50m▀[m[38;2;81;80;80;48;2;52;50;50m▀[m[38;2;81;80;80;48;2;52;50;50m▀[m[38;2;118;72;41;48;2;94;58;35m▀[m[38;2;179;107;52;48;2;197;118;55m▀[m[38;2;145;84;41;48;2;179;107;52m▀[m[38;2;161;99;47;48;2;179;107;52m▀[m[38;2;161;99;47;48;2;145;84;41m▀[m         [38;2;195;117;55;48;2;64;56;51m▀[m[38;2;195;117;55;48;2;94;57;32m▀[m[38;2;195;117;55;48;2;94;57;32m▀[m[38;2;195;117;55;48;2;94;57;32m▀[m[38;2;195;117;55;48;2;94;57;32m▀[m[38;2;195;117;55;48;2;94;57;32m▀[m[38;2;179;107;51;48;2;121;72;39m▀[m[38;2;48;40;35;48;2;89;85;42m▀[m[38;2;64;56;51;48;2;165;197;79m▀[m[38;2;64;56;51;48;2;99;158;27m▀[m[38;2;64;56;51m▀[m[38;2;162;99;51;48;2;179;107;51m▀[m[38;2;121;72;39;48;2;121;72;39m▀[m[38;2;121;72;39;48;2;121;72;39m▀[m[38;2;48;40;35;48;2;51;51;51m▀[m[38;2;51;51;51;48;2;48;40;35m▀[m[38;2;64;56;51;48;2;48;40;35m▀[m[38;2;164;162;154;48;2;112;109;106m▀[m[38;2;112;109;106;48;2;81;80;81m▀[m[38;2;48;40;35;48;2;48;40;35m▀[m[38;2;51;51;51;48;2;51;51;51m▀[m[38;2;51;51;51;48;2;48;40;35m▀[m[38;2;51;51;51;48;2;84;92;40m▀[m[38;2;51;51;51;48;2;99;158;27m▀[m[38;2;51;51;51;48;2;89;85;42m▀[m[38;2;48;40;35;48;2;48;40;35m▀[m[38;2;121;72;39;48;2;121;72;39m▀[m[38;2;64;56;51;48;2;64;56;51m▀[m
      [38;2;123;87;55;48;2;123;87;55m▀[m[38;2;174;122;73;48;2;133;93;61m▀[m[38;2;148;104;68;48;2;133;93;61m▀[m[38;2;148;104;68;48;2;116;82;56m▀[m[38;2;176;135;87;48;2;148;104;68m▀[m[38;2;154;110;63;48;2;113;89;58m▀[m[38;2;72;201;61;48;2;72;201;61m▀[m[38;2;72;201;61;48;2;72;201;61m▀[m[38;2;113;89;58;48;2;101;97;76m▀[m[38;2;133;93;61;48;2;133;93;61m▀[m[38;2;116;82;56;48;2;113;89;58m▀[m[38;2;157;158;154;48;2;108;112;117m▀[m[38;2;124;129;136;48;2;108;112;117m▀[m[38;2;210;171;28;48;2;108;112;117m▀[m[38;2;176;135;87;48;2;108;112;117m▀[m[38;2;101;97;76;48;2;88;64;47m▀[m[38;2;148;104;68;48;2;116;82;56m▀[m[38;2;132;94;65;48;2;148;104;68m▀[m[38;2;148;104;68;48;2;148;104;68m▀[m[38;2;148;104;68;48;2;133;93;61m▀[m[38;2;116;82;56;48;2;116;82;56m▀[m  [38;2;174;122;73;48;2;132;94;65m▀[m[38;2;174;122;73;48;2;148;104;68m▀[m[38;2;123;87;55;48;2;123;87;55m▀[m      [38;2;197;118;55;48;2;161;99;47m▀[m[38;2;197;118;55;48;2;161;99;47m▀[m[38;2;197;118;55;48;2;161;99;47m▀[m[38;2;197;118;55;48;2;161;99;47m▀[m[38;2;197;118;55;48;2;179;107;52m▀[m[38;2;145;84;41;48;2;118;72;41m▀[m[38;2;53;41;33;48;2;73;58;49m▀[m[38;2;175;174;87;48;2;104;182;8m▀[m[38;2;104;182;8;48;2;104;182;8m▀[m[38;2;73;58;49;48;2;88;60;38m▀[m[38;2;161;99;47;48;2;161;99;47m▀[m[38;2;118;72;41;48;2;145;84;41m▀[m[38;2;73;58;49;48;2;73;58;49m▀[m[38;2;53;41;33;48;2;53;41;33m▀[m[38;2;53;41;33;48;2;53;41;33m▀[m[38;2;52;50;50;48;2;81;80;80m▀[m[38;2;53;41;33;48;2;147;120;89m▀[m[38;2;81;80;80;48;2;52;50;50m▀[m[38;2;53;41;33;48;2;52;50;50m▀[m[38;2;108;100;61;48;2;52;50;50m▀[m[38;2;81;80;80;48;2;52;50;50m▀[m[38;2;179;107;52;48;2;145;84;41m▀[m[38;2;145;84;41;48;2;118;72;41m▀[m[38;2;145;84;41;48;2;94;58;35m▀[m[38;2;118;72;41;48;2;118;72;41m▀[m[38;2;145;84;41;48;2;145;84;41m▀[m[38;2;145;84;41;48;2;118;72;41m▀[m[38;2;88;60;38;48;2;73;58;49m▀[m      [38;2;92;69;53;48;2;147;86;42m▀[m[38;2;179;107;51;48;2;179;107;51m▀[m[38;2;195;117;55;48;2;179;107;51m▀[m[38;2;195;117;55;48;2;179;107;51m▀[m[38;2;179;107;51;48;2;179;107;51m▀[m[38;2;121;72;39;48;2;163;117;76m▀[m[38;2;48;40;35;48;2;229;214;169m▀[m[38;2;64;56;51;48;2;147;86;42m▀[m[38;2;165;197;79;48;2;64;56;51m▀[m[38;2;99;158;27;48;2;64;56;51m▀[m[38;2;92;69;53;48;2;147;86;42m▀[m[38;2;179;107;51;48;2;121;72;39m▀[m[38;2;121;72;39;48;2;81;80;81m▀[m[38;2;81;80;81;48;2;51;51;51m▀[m[38;2;51;51;51;48;2;51;51;51m▀[m[38;2;64;56;51;48;2;51;51;51m▀[m[38;2;51;51;51;48;2;48;40;35m▀[m[38;2;48;40;35;48;2;51;51;51m▀[m[38;2;64;56;51;48;2;112;109;106m▀[m[38;2;48;40;35;48;2;99;158;27m▀[m[38;2;64;56;51;48;2;51;51;51m▀[m[38;2;64;56;51;48;2;51;51;51m▀[m[38;2;51;51;51;48;2;48;40;35m▀[m[38;2;84;92;40;48;2;48;40;35m▀[m[38;2;84;92;40;48;2;48;40;35m▀[m[38;2;48;40;35;48;2;51;51;51m▀[m[38;2;94;57;32;48;2;64;56;51m▀[m[38;2;64;56;51m▀[m
    [38;2;102;90;79m▄[m[38;2;102;90;79;48;2;176;135;87m▀[m[38;2;148;104;68;48;2;174;122;73m▀[m[38;2;174;122;73;48;2;174;122;73m▀[m[38;2;176;135;87;48;2;148;104;68m▀[m[38;2;174;122;73;48;2;174;122;73m▀[m[38;2;116;82;56;48;2;148;104;68m▀[m[38;2;88;64;47;48;2;88;64;47m▀[m[38;2;72;201;61;48;2;88;64;47m▀[m[38;2;72;201;61;48;2;88;64;47m▀[m[38;2;88;64;47;48;2;132;94;65m▀[m[38;2;133;93;61;48;2;133;93;61m▀[m[38;2;148;104;68;48;2;174;122;73m▀[m[38;2;116;82;56;48;2;116;82;56m▀[m[38;2;92;88;85;48;2;88;64;47m▀[m[38;2;92;88;85;48;2;88;64;47m▀[m[38;2;92;88;85;48;2;92;88;85m▀[m[38;2;176;135;87;48;2;88;64;47m▀[m[38;2;92;88;85;48;2;88;64;47m▀[m[38;2;133;93;61;48;2;88;64;47m▀[m[38;2;133;93;61;48;2;116;82;56m▀[m[38;2;116;82;56;48;2;92;88;85m▀[m[38;2;88;64;47;48;2;157;158;154m▀[m[38;2;102;90;79;48;2;108;112;117m▀[m[38;2;102;90;79;48;2;88;64;47m▀[m[38;2;116;82;56;48;2;102;90;79m▀[m[38;2;102;90;79m▀[m    [38;2;169;166;158m▄[m[38;2;88;60;38m▄[m [38;2;73;58;49;48;2;94;58;35m▀[m[38;2;53;41;33;48;2;197;118;55m▀[m[38;2;53;41;33;48;2;161;99;47m▀[m[38;2;53;41;33;48;2;52;50;50m▀[m[38;2;53;41;33;48;2;108;100;61m▀[m[38;2;118;72;41;48;2;230;214;170m▀[m[38;2;53;41;33;48;2;145;84;41m▀[m[38;2;104;182;8;48;2;73;58;49m▀[m[38;2;108;100;61;48;2;130;79;42m▀[m[38;2;73;58;49;48;2;179;107;52m▀[m[38;2;145;84;41;48;2;118;72;41m▀[m[38;2;118;72;41;48;2;52;50;50m▀[m[38;2;73;58;49;48;2;52;50;50m▀[m[38;2;53;41;33;48;2;53;41;33m▀[m[38;2;94;58;35;48;2;118;72;41m▀[m[38;2;81;80;80;48;2;81;80;80m▀[m[38;2;104;99;95;48;2;104;99;95m▀[m[38;2;94;84;41;48;2;52;50;50m▀[m[38;2;104;182;8;48;2;94;84;41m▀[m[38;2;104;182;8;48;2;94;84;41m▀[m[38;2;52;50;50;48;2;52;50;50m▀[m[38;2;73;58;49;48;2;53;41;33m▀[m[38;2;118;72;41;48;2;179;107;52m▀[m[38;2;161;99;47;48;2;145;84;41m▀[m[38;2;161;99;47;48;2;145;84;41m▀[m[38;2;94;58;35;48;2;53;41;33m▀[m[38;2;118;72;41;48;2;88;60;38m▀[m[38;2;73;58;49m▀[m  [38;2;146;141;130m▄[m[38;2;164;162;154;48;2;242;230;187m▀[m[38;2;179;143;83;48;2;92;69;53m▀[m[38;2;64;56;51m▄[m[38;2;147;86;42;48;2;195;117;55m▀[m[38;2;179;107;51;48;2;195;117;55m▀[m[38;2;162;99;51;48;2;195;117;55m▀[m[38;2;147;86;42;48;2;195;117;55m▀[m[38;2;94;57;32;48;2;121;72;39m▀[m[38;2;164;162;154;48;2;242;230;187m▀[m[38;2;164;162;154;48;2;242;230;187m▀[m[38;2;179;107;51;48;2;163;117;76m▀[m[38;2;179;107;51;48;2;147;86;42m▀[m[38;2;162;99;51;48;2;121;72;39m▀[m[38;2;121;72;39;48;2;121;72;39m▀[m[38;2;112;109;106;48;2;81;80;81m▀[m[38;2;51;51;51;48;2;51;51;51m▀[m[38;2;51;51;51;48;2;84;92;40m▀[m[38;2;51;51;51;48;2;81;80;81m▀[m[38;2;51;51;51;48;2;51;51;51m▀[m[38;2;64;56;51;48;2;64;56;51m▀[m[38;2;51;51;51;48;2;147;86;42m▀[m[38;2;64;56;51;48;2;179;107;51m▀[m[38;2;64;56;51;48;2;162;99;51m▀[m[38;2;48;40;35;48;2;121;72;39m▀[m[38;2;48;40;35;48;2;92;69;53m▀[m[38;2;64;56;51;48;2;51;51;51m▀[m[38;2;48;40;35;48;2;112;109;106m▀[m[38;2;48;40;35;48;2;112;109;106m▀[m[38;2;64;56;51;48;2;81;80;81m▀[m[38;2;92;69;53;48;2;81;80;81m▀[m
  [38;2;102;90;79;48;2;170;167;155m▀[m[38;2;157;158;154;48;2;210;209;194m▀[m[38;2;88;64;47;48;2;132;94;65m▀[m[38;2;88;64;47;48;2;102;90;79m▀[m[38;2;174;122;73;48;2;174;122;73m▀[m[38;2;123;87;55m▀[m[38;2;148;104;68;48;2;148;104;68m▀[m[38;2;133;93;61;48;2;133;93;61m▀[m[38;2;133;93;61;48;2;133;93;61m▀[m[38;2;157;158;154;48;2;210;209;194m▀[m[38;2;148;104;68;48;2;210;209;194m▀[m[38;2;174;122;73;48;2;113;89;58m▀[m[38;2;148;104;68;48;2;116;82;56m▀[m[38;2;148;104;68;48;2;176;135;87m▀[m[38;2;176;135;87;48;2;176;135;87m▀[m[38;2;133;93;61;48;2;116;82;56m▀[m[38;2;116;82;56;48;2;88;64;47m▀[m[38;2;88;64;47;48;2;123;87;55m▀[m[38;2;215;159;83;48;2;174;122;73m▀[m[38;2;215;159;83;48;2;176;135;87m▀[m[38;2;215;159;83;48;2;215;159;83m▀[m[38;2;88;64;47;48;2;174;122;73m▀[m[38;2;88;64;47;48;2;88;64;47m▀[m[38;2;92;88;85;48;2;92;88;85m▀[m[38;2;176;135;87;48;2;108;112;117m▀[m[38;2;210;171;28;48;2;210;171;28m▀[m[38;2;92;88;85;48;2;92;88;85m▀[m     [38;2;108;100;61;48;2;108;100;61m▀[m[38;2;235;222;177;48;2;235;222;177m▀[m[38;2;88;60;38;48;2;147;120;89m▀[m[38;2;161;99;47m▄[m[38;2;118;72;41;48;2;197;118;55m▀[m[38;2;94;84;41;48;2;179;107;52m▀[m[38;2;94;84;41;48;2;179;107;52m▀[m[38;2;94;84;41;48;2;94;84;41m▀[m[38;2;230;214;170;48;2;235;222;177m▀[m[38;2;169;166;158;48;2;230;214;170m▀[m[38;2;145;84;41;48;2;94;58;35m▀[m[38;2;161;99;47;48;2;175;174;87m▀[m[38;2;179;107;52;48;2;118;72;41m▀[m[38;2;118;72;41;48;2;94;84;41m▀[m[38;2;52;50;50;48;2;52;50;50m▀[m[38;2;52;50;50;48;2;52;50;50m▀[m[38;2;52;50;50;48;2;53;41;33m▀[m[38;2;53;41;33;48;2;53;41;33m▀[m[38;2;179;107;52;48;2;118;72;41m▀[m[38;2;94;84;41;48;2;52;50;50m▀[m[38;2;104;99;95;48;2;81;80;80m▀[m[38;2;94;84;41;48;2;52;50;50m▀[m[38;2;104;182;8;48;2;104;182;8m▀[m[38;2;104;182;8;48;2;104;182;8m▀[m[38;2;52;50;50;48;2;53;41;33m▀[m[38;2;53;41;33;48;2;53;41;33m▀[m[38;2;179;107;52;48;2;145;84;41m▀[m[38;2;94;58;35;48;2;145;84;41m▀[m[38;2;73;58;49;48;2;118;72;41m▀[m[38;2;53;41;33;48;2;53;41;33m▀[m    [38;2;146;141;130;48;2;146;141;130m▀[m[38;2;242;230;187;48;2;242;230;187m▀[m[38;2;146;141;130;48;2;229;214;169m▀[m[38;2;162;99;51;48;2;147;86;42m▀[m[38;2;92;69;53m▀[m[38;2;179;107;51;48;2;179;107;51m▀[m[38;2;64;56;51;48;2;92;69;53m▀[m[38;2;64;56;51;48;2;92;69;53m▀[m[38;2;121;72;39;48;2;121;72;39m▀[m[38;2;242;230;187;48;2;242;230;187m▀[m[38;2;242;230;187;48;2;242;230;187m▀[m[38;2;163;117;76;48;2;242;230;187m▀[m[38;2;94;57;32;48;2;229;214;169m▀[m[38;2;163;117;76;48;2;242;230;187m▀[m[38;2;81;80;81;48;2;164;162;154m▀[m[38;2;51;51;51;48;2;51;51;51m▀[m[38;2;51;51;51;48;2;51;51;51m▀[m[38;2;84;92;40;48;2;51;51;51m▀[m[38;2;51;51;51;48;2;51;51;51m▀[m[38;2;48;40;35;48;2;48;40;35m▀[m[38;2;48;40;35;48;2;48;40;35m▀[m[38;2;162;99;51;48;2;121;72;39m▀[m[38;2;179;107;51;48;2;121;72;39m▀[m[38;2;147;86;42;48;2;121;72;39m▀[m[38;2;147;86;42;48;2;147;86;42m▀[m[38;2;94;57;32;48;2;94;57;32m▀[m[38;2;51;51;51;48;2;51;51;51m▀[m[38;2;81;80;81;48;2;81;80;81m▀[m[38;2;84;92;40;48;2;99;158;27m▀[m[38;2;99;158;27;48;2;84;92;40m▀[m[38;2;51;51;51;48;2;51;51;51m▀[m[38;2;64;56;51m▄[m
  [38;2;102;90;79;48;2;102;90;79m▀[m[38;2;157;158;154;48;2;102;90;79m▀[m[38;2;88;64;47;48;2;102;90;79m▀[m[38;2;148;104;68;48;2;102;90;79m▀[m[38;2;148;104;68;48;2;101;97;76m▀[m[38;2;148;104;68;48;2;102;90;79m▀[m[38;2;116;82;56;48;2;102;90;79m▀[m[38;2;116;82;56;48;2;102;90;79m▀[m[38;2;116;82;56;48;2;157;158;154m▀[m[38;2;210;209;194;48;2;157;158;154m▀[m[38;2;210;209;194;48;2;157;158;154m▀[m[38;2;101;97;76m▀[m[38;2;113;89;58;48;2;102;90;79m▀[m[38;2;176;135;87;48;2;113;89;58m▀[m[38;2;132;94;65;48;2;116;82;56m▀[m[38;2;116;82;56;48;2;88;64;47m▀[m[38;2;113;89;58;48;2;176;135;87m▀[m[38;2;215;159;83;48;2;215;159;83m▀[m[38;2;215;159;83;48;2;215;159;83m▀[m[38;2;215;159;83;48;2;215;159;83m▀[m[38;2;174;122;73;48;2;174;122;73m▀[m[38;2;148;104;68;48;2;174;122;73m▀[m[38;2;123;87;55;48;2;123;87;55m▀[m[38;2;88;64;47;48;2;88;64;47m▀[m[38;2;92;88;85;48;2;88;64;47m▀[m[38;2;108;112;117;48;2;88;64;47m▀[m[38;2;88;64;47;48;2;116;82;56m▀[m[38;2;102;90;79m▄[m    [38;2;108;100;61;48;2;88;60;38m▀[m[38;2;235;222;177;48;2;235;222;177m▀[m[38;2;147;120;89;48;2;147;120;89m▀[m[38;2;73;58;49;48;2;94;58;35m▀[m[38;2;130;79;42;48;2;73;58;49m▀[m[38;2;73;58;49;48;2;73;58;49m▀[m[38;2;88;60;38;48;2;73;58;49m▀[m[38;2;94;84;41;48;2;94;84;41m▀[m[38;2;235;222;177;48;2;169;166;158m▀[m[38;2;235;222;177;48;2;235;222;177m▀[m[38;2;235;222;177;48;2;235;222;177m▀[m[38;2;235;222;177;48;2;230;214;170m▀[m[38;2;147;120;89;48;2;147;120;89m▀[m[38;2;118;72;41;48;2;94;58;35m▀[m[38;2;52;50;50;48;2;73;58;49m▀[m[38;2;53;41;33;48;2;52;50;50m▀[m[38;2;88;60;38;48;2;53;41;33m▀[m[38;2;118;72;41;48;2;145;84;41m▀[m[38;2;145;84;41;48;2;118;72;41m▀[m[38;2;118;72;41;48;2;52;50;50m▀[m[38;2;81;80;80;48;2;81;80;80m▀[m[38;2;81;80;80;48;2;81;80;80m▀[m[38;2;81;80;80;48;2;53;41;33m▀[m[38;2;81;80;80;48;2;53;41;33m▀[m[38;2;52;50;50;48;2;73;58;49m▀[m[38;2;53;41;33;48;2;88;60;38m▀[m[38;2;145;84;41;48;2;73;58;49m▀[m[38;2;145;84;41;48;2;94;58;35m▀[m[38;2;94;58;35;48;2;53;41;33m▀[m[38;2;52;50;50;48;2;52;50;50m▀[m    [38;2;146;141;130m▀[m[38;2;242;230;187;48;2;229;214;169m▀[m[38;2;229;214;169;48;2;229;214;169m▀[m[38;2;163;117;76;48;2;81;80;81m▀[m[38;2;162;99;51;48;2;48;40;35m▀[m[38;2;179;107;51;48;2;51;51;51m▀[m[38;2;179;107;51;48;2;51;51;51m▀[m[38;2;162;99;51;48;2;48;40;35m▀[m[38;2;94;57;32;48;2;81;80;81m▀[m[38;2;163;117;76;48;2;81;80;81m▀[m[38;2;242;230;187;48;2;229;214;169m▀[m[38;2;242;230;187;48;2;229;214;169m▀[m[38;2;242;230;187;48;2;229;214;169m▀[m[38;2;242;230;187;48;2;229;214;169m▀[m[38;2;229;214;169;48;2;229;214;169m▀[m[38;2;89;85;42;48;2;64;56;51m▀[m[38;2;64;56;51;48;2;48;40;35m▀[m[38;2;48;40;35;48;2;51;51;51m▀[m[38;2;64;56;51;48;2;51;51;51m▀[m[38;2;48;40;35;48;2;121;72;39m▀[m[38;2;179;107;51;48;2;195;117;55m▀[m[38;2;195;117;55;48;2;195;117;55m▀[m[38;2;179;107;51;48;2;147;86;42m▀[m[38;2;121;72;39;48;2;121;72;39m▀[m[38;2;94;57;32;48;2;94;57;32m▀[m[38;2;48;40;35;48;2;51;51;51m▀[m[38;2;51;51;51;48;2;48;40;35m▀[m[38;2;81;80;81;48;2;81;80;81m▀[m[38;2;84;92;40;48;2;84;92;40m▀[m[38;2;99;158;27;48;2;84;92;40m▀[m[38;2;51;51;51;48;2;51;51;51m▀[m[38;2;64;56;51;48;2;64;56;51m▀[m
 [38;2;102;90;79;48;2;102;90;79m▀[m[38;2;210;209;194;48;2;157;158;154m▀[m[38;2;210;209;194;48;2;124;129;136m▀[m[38;2;210;209;194;48;2;157;158;154m▀[m[38;2;210;209;194;48;2;124;129;136m▀[m[38;2;210;209;194;48;2;121;125;132m▀[m[38;2;210;209;194;48;2;124;129;136m▀[m[38;2;210;209;194;48;2;157;158;154m▀[m[38;2;210;209;194;48;2;124;129;136m▀[m[38;2;157;158;154;48;2;108;112;117m▀[m[38;2;102;90;79;48;2;102;90;79m▀[m[38;2;102;90;79m▄[m[38;2;102;90;79;48;2;157;158;154m▀[m[38;2;108;112;117;48;2;108;112;117m▀[m[38;2;102;90;79;48;2;102;90;79m▀[m[38;2;102;90;79m▀[m[38;2;123;87;55;48;2;123;87;55m▀[m[38;2;215;159;83;48;2;174;122;73m▀[m[38;2;215;159;83;48;2;215;159;83m▀[m[38;2;215;159;83;48;2;215;159;83m▀[m[38;2;176;135;87;48;2;174;122;73m▀[m[38;2;174;122;73;48;2;174;122;73m▀[m[38;2;174;122;73;48;2;174;122;73m▀[m[38;2;123;87;55;48;2;102;90;79m▀[m [38;2;88;64;47;48;2;102;90;79m▀[m[38;2;116;82;56;48;2;88;64;47m▀[m[38;2;132;94;65;48;2;88;64;47m▀[m[38;2;148;104;68;48;2;116;82;56m▀[m     [38;2;169;166;158;48;2;108;100;61m▀[m[38;2;230;214;170;48;2;169;166;158m▀[m[38;2;230;214;170;48;2;169;166;158m▀[m[38;2;169;166;158;48;2;169;166;158m▀[m[38;2;169;166;158;48;2;169;166;158m▀[m[38;2;169;166;158;48;2;169;166;158m▀[m[38;2;169;166;158;48;2;81;80;80m▀[m[38;2;108;100;61;48;2;53;41;33m▀[m[38;2;230;214;170;48;2;94;84;41m▀[m[38;2;230;214;170;48;2;147;120;89m▀[m[38;2;230;214;170;48;2;108;100;61m▀[m[38;2;108;100;61m▀[m[38;2;88;60;38m▀[m[38;2;53;41;33;48;2;88;60;38m▀[m[38;2;52;50;50;48;2;53;41;33m▀[m[38;2;94;58;35;48;2;179;107;52m▀[m[38;2;179;107;52;48;2;179;107;52m▀[m[38;2;197;118;55;48;2;197;118;55m▀[m[38;2;145;84;41;48;2;145;84;41m▀[m[38;2;53;41;33;48;2;118;72;41m▀[m[38;2;53;41;33;48;2;53;41;33m▀[m[38;2;53;41;33;48;2;118;72;41m▀[m[38;2;53;41;33;48;2;94;58;35m▀[m   [38;2;118;72;41;48;2;145;84;41m▀[m[38;2;145;84;41;48;2;197;118;55m▀[m[38;2;179;107;52;48;2;179;107;52m▀[m[38;2;53;41;33;48;2;53;41;33m▀[m    [38;2;92;69;53;48;2;92;69;53m▀[m[38;2;164;162;154;48;2;112;109;106m▀[m[38;2;164;162;154;48;2;112;109;106m▀[m[38;2;164;162;154;48;2;112;109;106m▀[m[38;2;164;162;154;48;2;112;109;106m▀[m[38;2;164;162;154;48;2;112;109;106m▀[m[38;2;164;162;154;48;2;112;109;106m▀[m[38;2;164;162;154;48;2;112;109;106m▀[m[38;2;112;109;106;48;2;81;80;81m▀[m[38;2;89;85;42;48;2;48;40;35m▀[m[38;2;164;162;154;48;2;94;57;32m▀[m[38;2;229;214;169;48;2;81;80;81m▀[m[38;2;229;214;169;48;2;163;117;76m▀[m[38;2;146;141;130m▀[m [38;2;48;40;35m▀[m[38;2;48;40;35;48;2;92;69;53m▀[m[38;2;94;57;32;48;2;179;107;51m▀[m[38;2;94;57;32;48;2;195;117;55m▀[m[38;2;121;72;39;48;2;195;117;55m▀[m[38;2;121;72;39;48;2;121;72;39m▀[m[38;2;147;86;42;48;2;94;57;32m▀[m[38;2;121;72;39;48;2;94;57;32m▀[m[38;2;48;40;35;48;2;64;56;51m▀[m[38;2;51;51;51;48;2;64;56;51m▀[m[38;2;48;40;35;48;2;92;69;53m▀[m[38;2;81;80;81;48;2;64;56;51m▀[m[38;2;81;80;81;48;2;48;40;35m▀[m[38;2;81;80;81;48;2;48;40;35m▀[m[38;2;51;51;51;48;2;64;56;51m▀[m[38;2;64;56;51m▀[m
 [38;2;102;90;79;48;2;157;158;154m▀[m[38;2;157;158;154;48;2;210;209;194m▀[m[38;2;157;158;154;48;2;210;209;194m▀[m[38;2;157;158;154;48;2;210;209;194m▀[m[38;2;108;112;117;48;2;157;158;154m▀[m[38;2;157;158;154;48;2;210;209;194m▀[m[38;2;108;112;117;48;2;108;112;117m▀[m[38;2;157;158;154;48;2;210;209;194m▀[m[38;2;108;112;117;48;2;108;112;117m▀[m[38;2;108;112;117;48;2;108;112;117m▀[m[38;2;101;97;76;48;2;101;97;76m▀[m[38;2;157;158;154;48;2;101;97;76m▀[m[38;2;108;112;117;48;2;102;90;79m▀[m[38;2;102;90;79m▀[m [38;2;102;90;79m▄[m[38;2;101;97;76;48;2;157;158;154m▀[m[38;2;108;112;117;48;2;157;158;154m▀[m[38;2;92;88;85;48;2;157;158;154m▀[m[38;2;88;64;47;48;2;108;112;117m▀[m[38;2;154;110;63;48;2;92;88;85m▀[m[38;2;174;122;73;48;2;154;110;63m▀[m[38;2;154;110;63;48;2;123;87;55m▀[m  [38;2;121;125;132;48;2;157;158;154m▀[m[38;2;108;112;117;48;2;121;125;132m▀[m[38;2;108;112;117;48;2;108;112;117m▀[m[38;2;92;88;85;48;2;108;112;117m▀[m     [38;2;73;58;49m▀[m[38;2;104;99;95;48;2;104;99;95m▀[m[38;2;53;41;33;48;2;104;99;95m▀[m[38;2;104;99;95;48;2;104;99;95m▀[m[38;2;52;50;50;48;2;104;99;95m▀[m[38;2;53;41;33;48;2;104;99;95m▀[m[38;2;104;99;95;48;2;104;99;95m▀[m[38;2;52;50;50;48;2;52;50;50m▀[m[38;2;53;41;33;48;2;88;60;38m▀[m[38;2;118;72;41;48;2;88;60;38m▀[m[38;2;73;58;49m▀[m  [38;2;73;58;49m▄[m[38;2;108;100;61;48;2;104;99;95m▀[m[38;2;53;41;33;48;2;81;80;80m▀[m[38;2;52;50;50;48;2;104;99;95m▀[m[38;2;118;72;41;48;2;52;50;50m▀[m[38;2;145;84;41;48;2;53;41;33m▀[m[38;2;118;72;41;48;2;118;72;41m▀[m[38;2;88;60;38m▀[m[38;2;73;58;49m▀[m   [38;2;73;58;49;48;2;104;99;95m▀[m[38;2;52;50;50;48;2;52;50;50m▀[m[38;2;52;50;50;48;2;104;99;95m▀[m[38;2;118;72;41;48;2;52;50;50m▀[m[38;2;53;41;33;48;2;73;58;49m▀[m    [38;2;64;56;51m▄[m[38;2;81;80;81;48;2;164;162;154m▀[m[38;2;81;80;81;48;2;51;51;51m▀[m[38;2;81;80;81;48;2;112;109;106m▀[m[38;2;112;109;106;48;2;112;109;106m▀[m[38;2;51;51;51;48;2;81;80;81m▀[m[38;2;81;80;81;48;2;164;162;154m▀[m[38;2;81;80;81;48;2;81;80;81m▀[m[38;2;81;80;81;48;2;81;80;81m▀[m[38;2;81;80;81;48;2;81;80;81m▀[m[38;2;48;40;35m▀[m[38;2;121;72;39m▀[m[38;2;64;56;51m▀[m  [38;2;64;56;51m▄[m[38;2;64;56;51;48;2;81;80;81m▀[m[38;2;147;86;42;48;2;51;51;51m▀[m[38;2;162;99;51;48;2;81;80;81m▀[m[38;2;162;99;51;48;2;121;72;39m▀[m[38;2;121;72;39;48;2;147;86;42m▀[m[38;2;94;57;32;48;2;64;56;51m▀[m[38;2;64;56;51m▀[m  [38;2;92;69;53m▄[m[38;2;64;56;51;48;2;112;109;106m▀[m[38;2;147;86;42;48;2;51;51;51m▀[m[38;2;179;107;51;48;2;121;72;39m▀[m[38;2;121;72;39;48;2;121;72;39m▀[m
[38;2;102;90;79m▀[m[38;2;210;209;194;48;2;102;90;79m▀[m[38;2;157;158;154;48;2;102;90;79m▀[m[38;2;210;209;194;48;2;102;90;79m▀[m[38;2;157;158;154m▀[m[38;2;210;209;194;48;2;102;90;79m▀[m[38;2;157;158;154;48;2;102;90;79m▀[m[38;2;210;209;194;48;2;102;90;79m▀[m[38;2;210;209;194;48;2;102;90;79m▀[m[38;2;108;112;117;48;2;102;90;79m▀[m[38;2;92;88;85m▀[m     [38;2;102;90;79m▀[m[38;2;157;158;154;48;2;102;90;79m▀[m[38;2;157;158;154;48;2;102;90;79m▀[m[38;2;157;158;154;48;2;102;90;79m▀[m[38;2;108;112;117;48;2;102;90;79m▀[m[38;2;88;64;47;48;2;102;90;79m▀[m[38;2;102;90;79m▀[m   [38;2;102;90;79m▀[m[38;2;102;90;79m▀[m[38;2;102;90;79m▀[m[38;2;102;90;79m▀[m                  [38;2;88;60;38m▀[m[38;2;73;58;49m▀[m[38;2;73;58;49m▀[m[38;2;73;58;49m▀[m[38;2;73;58;49m▀[m[38;2;88;60;38m▀[m[38;2;73;58;49m▀[m     [38;2;73;58;49m▀[m[38;2;73;58;49m▀[m[38;2;73;58;49m▀[m[38;2;73;58;49m▀[m     [38;2;164;162;154;48;2;146;141;130m▀[m[38;2;112;109;106;48;2;64;56;51m▀[m[38;2;81;80;81;48;2;89;85;42m▀[m[38;2;112;109;106;48;2;146;141;130m▀[m[38;2;51;51;51;48;2;64;56;51m▀[m[38;2;112;109;106;48;2;146;141;130m▀[m[38;2;112;109;106;48;2;64;56;51m▀[m[38;2;51;51;51;48;2;64;56;51m▀[m[38;2;81;80;81;48;2;64;56;51m▀[m[38;2;51;51;51;48;2;92;69;53m▀[m     [38;2;112;109;106;48;2;64;56;51m▀[m[38;2;81;80;81;48;2;64;56;51m▀[m[38;2;81;80;81;48;2;64;56;51m▀[m[38;2;81;80;81;48;2;64;56;51m▀[m[38;2;48;40;35;48;2;64;56;51m▀[m[38;2;94;57;32;48;2;64;56;51m▀[m[38;2;92;69;53;48;2;92;69;53m▀[m   [38;2;81;80;81;48;2;64;56;51m▀[m[38;2;81;80;81;48;2;64;56;51m▀[m[38;2;81;80;81;48;2;64;56;51m▀[m[38;2;81;80;81;48;2;64;56;51m▀[m[38;2;51;51;51;48;2;92;69;53m▀[m

[1mservoboar[m                         [1mramhog[m                            [1mracktusk[m
